dataset,split,imagefolder_id,experiment_id,introduced_session,class_name,path,bytes
mstar,train,4,0,0,BTR70,data/MSTAR/train/BTR70/BTR70_train_0000.jpg,2694
mstar,train,4,0,0,BTR70,data/MSTAR/train/BTR70/BTR70_train_0001.jpg,2617
mstar,train,4,0,0,BTR70,data/MSTAR/train/BTR70/BTR70_train_0002.jpg,3148
mstar,train,4,0,0,BTR70,data/MSTAR/train/BTR70/BTR70_train_0003.jpg,1746
mstar,train,4,0,0,BTR70,data/MSTAR/train/BTR70/BTR70_train_0004.jpg,2534
mstar,train,4,0,0,BTR70,data/MSTAR/train/BTR70/BTR70_train_0005.jpg,2301
mstar,train,4,0,0,BTR70,data/MSTAR/train/BTR70/BTR70_train_0006.jpg,2470
mstar,train,4,0,0,BTR70,data/MSTAR/train/BTR70/BTR70_train_0007.jpg,2545
mstar,train,4,0,0,BTR70,data/MSTAR/train/BTR70/BTR70_train_0008.jpg,2051
mstar,train,4,0,0,BTR70,data/MSTAR/train/BTR70/BTR70_train_0009.jpg,2557
mstar,train,4,0,0,BTR70,data/MSTAR/train/BTR70/BTR70_train_0010.jpg,1907
mstar,train,4,0,0,BTR70,data/MSTAR/train/BTR70/BTR70_train_0011.jpg,3234
mstar,train,4,0,0,BTR70,data/MSTAR/train/BTR70/BTR70_train_0012.jpg,2594
mstar,train,4,0,0,BTR70,data/MSTAR/train/BTR70/BTR70_train_0013.jpg,2421
mstar,train,4,0,0,BTR70,data/MSTAR/train/BTR70/BTR70_train_0014.jpg,2793
mstar,train,4,0,0,BTR70,data/MSTAR/train/BTR70/BTR70_train_0015.jpg,2455
mstar,train,4,0,0,BTR70,data/MSTAR/train/BTR70/BTR70_train_0016.jpg,2426
mstar,train,4,0,0,BTR70,data/MSTAR/train/BTR70/BTR70_train_0017.jpg,2767
mstar,train,4,0,0,BTR70,data/MSTAR/train/BTR70/BTR70_train_0018.jpg,3379
mstar,train,4,0,0,BTR70,data/MSTAR/train/BTR70/BTR70_train_0019.jpg,2258
mstar,train,4,0,0,BTR70,data/MSTAR/train/BTR70/BTR70_train_0020.jpg,3323
mstar,train,4,0,0,BTR70,data/MSTAR/train/BTR70/BTR70_train_0021.jpg,1586
mstar,train,4,0,0,BTR70,data/MSTAR/train/BTR70/BTR70_train_0022.jpg,2409
mstar,train,4,0,0,BTR70,data/MSTAR/train/BTR70/BTR70_train_0023.jpg,2583
mstar,train,4,0,0,BTR70,data/MSTAR/train/BTR70/BTR70_train_0024.jpg,1772
mstar,train,4,0,0,BTR70,data/MSTAR/train/BTR70/BTR70_train_0025.jpg,2070
mstar,train,4,0,0,BTR70,data/MSTAR/train/BTR70/BTR70_train_0026.jpg,2844
mstar,train,4,0,0,BTR70,data/MSTAR/train/BTR70/BTR70_train_0027.jpg,2306
mstar,train,4,0,0,BTR70,data/MSTAR/train/BTR70/BTR70_train_0028.jpg,2137
mstar,train,4,0,0,BTR70,data/MSTAR/train/BTR70/BTR70_train_0029.jpg,720
mstar,train,4,0,0,BTR70,data/MSTAR/train/BTR70/BTR70_train_0030.jpg,2404
mstar,train,4,0,0,BTR70,data/MSTAR/train/BTR70/BTR70_train_0031.jpg,2396
mstar,train,4,0,0,BTR70,data/MSTAR/train/BTR70/BTR70_train_0032.jpg,3104
mstar,train,4,0,0,BTR70,data/MSTAR/train/BTR70/BTR70_train_0033.jpg,3201
mstar,train,4,0,0,BTR70,data/MSTAR/train/BTR70/BTR70_train_0034.jpg,3323
mstar,train,4,0,0,BTR70,data/MSTAR/train/BTR70/BTR70_train_0035.jpg,2905
mstar,train,4,0,0,BTR70,data/MSTAR/train/BTR70/BTR70_train_0036.jpg,3151
mstar,train,4,0,0,BTR70,data/MSTAR/train/BTR70/BTR70_train_0037.jpg,3177
mstar,train,4,0,0,BTR70,data/MSTAR/train/BTR70/BTR70_train_0038.jpg,3422
mstar,train,4,0,0,BTR70,data/MSTAR/train/BTR70/BTR70_train_0039.jpg,2634
mstar,train,4,0,0,BTR70,data/MSTAR/train/BTR70/BTR70_train_0040.jpg,3186
mstar,train,4,0,0,BTR70,data/MSTAR/train/BTR70/BTR70_train_0041.jpg,2703
mstar,train,4,0,0,BTR70,data/MSTAR/train/BTR70/BTR70_train_0042.jpg,2657
mstar,train,4,0,0,BTR70,data/MSTAR/train/BTR70/BTR70_train_0043.jpg,2046
mstar,train,4,0,0,BTR70,data/MSTAR/train/BTR70/BTR70_train_0044.jpg,688
mstar,train,4,0,0,BTR70,data/MSTAR/train/BTR70/BTR70_train_0045.jpg,2625
mstar,train,4,0,0,BTR70,data/MSTAR/train/BTR70/BTR70_train_0046.jpg,3138
mstar,train,4,0,0,BTR70,data/MSTAR/train/BTR70/BTR70_train_0047.jpg,2549
mstar,train,4,0,0,BTR70,data/MSTAR/train/BTR70/BTR70_train_0048.jpg,2583
mstar,train,4,0,0,BTR70,data/MSTAR/train/BTR70/BTR70_train_0049.jpg,2654
mstar,train,4,0,0,BTR70,data/MSTAR/train/BTR70/BTR70_train_0050.jpg,2949
mstar,train,4,0,0,BTR70,data/MSTAR/train/BTR70/BTR70_train_0051.jpg,1523
mstar,train,4,0,0,BTR70,data/MSTAR/train/BTR70/BTR70_train_0052.jpg,1268
mstar,train,4,0,0,BTR70,data/MSTAR/train/BTR70/BTR70_train_0053.jpg,2252
mstar,train,4,0,0,BTR70,data/MSTAR/train/BTR70/BTR70_train_0054.jpg,2005
mstar,train,4,0,0,BTR70,data/MSTAR/train/BTR70/BTR70_train_0055.jpg,3312
mstar,train,4,0,0,BTR70,data/MSTAR/train/BTR70/BTR70_train_0056.jpg,3000
mstar,train,4,0,0,BTR70,data/MSTAR/train/BTR70/BTR70_train_0057.jpg,3110
mstar,train,4,0,0,BTR70,data/MSTAR/train/BTR70/BTR70_train_0058.jpg,2200
mstar,train,4,0,0,BTR70,data/MSTAR/train/BTR70/BTR70_train_0059.jpg,4021
mstar,train,4,0,0,BTR70,data/MSTAR/train/BTR70/BTR70_train_0060.jpg,2343
mstar,train,4,0,0,BTR70,data/MSTAR/train/BTR70/BTR70_train_0061.jpg,2294
mstar,train,4,0,0,BTR70,data/MSTAR/train/BTR70/BTR70_train_0062.jpg,1562
mstar,train,4,0,0,BTR70,data/MSTAR/train/BTR70/BTR70_train_0063.jpg,1397
mstar,train,4,0,0,BTR70,data/MSTAR/train/BTR70/BTR70_train_0064.jpg,2767
mstar,train,4,0,0,BTR70,data/MSTAR/train/BTR70/BTR70_train_0065.jpg,3343
mstar,train,4,0,0,BTR70,data/MSTAR/train/BTR70/BTR70_train_0066.jpg,3233
mstar,train,4,0,0,BTR70,data/MSTAR/train/BTR70/BTR70_train_0067.jpg,2852
mstar,train,4,0,0,BTR70,data/MSTAR/train/BTR70/BTR70_train_0068.jpg,2563
mstar,train,4,0,0,BTR70,data/MSTAR/train/BTR70/BTR70_train_0069.jpg,1463
mstar,train,4,0,0,BTR70,data/MSTAR/train/BTR70/BTR70_train_0070.jpg,2025
mstar,train,4,0,0,BTR70,data/MSTAR/train/BTR70/BTR70_train_0071.jpg,2779
mstar,train,4,0,0,BTR70,data/MSTAR/train/BTR70/BTR70_train_0072.jpg,3225
mstar,train,4,0,0,BTR70,data/MSTAR/train/BTR70/BTR70_train_0073.jpg,2936
mstar,train,4,0,0,BTR70,data/MSTAR/train/BTR70/BTR70_train_0074.jpg,2932
mstar,train,4,0,0,BTR70,data/MSTAR/train/BTR70/BTR70_train_0075.jpg,2091
mstar,train,4,0,0,BTR70,data/MSTAR/train/BTR70/BTR70_train_0076.jpg,2310
mstar,train,4,0,0,BTR70,data/MSTAR/train/BTR70/BTR70_train_0077.jpg,2794
mstar,train,4,0,0,BTR70,data/MSTAR/train/BTR70/BTR70_train_0078.jpg,2450
mstar,train,4,0,0,BTR70,data/MSTAR/train/BTR70/BTR70_train_0079.jpg,3057
mstar,train,4,0,0,BTR70,data/MSTAR/train/BTR70/BTR70_train_0080.jpg,3308
mstar,train,4,0,0,BTR70,data/MSTAR/train/BTR70/BTR70_train_0081.jpg,2619
mstar,train,4,0,0,BTR70,data/MSTAR/train/BTR70/BTR70_train_0082.jpg,2235
mstar,train,4,0,0,BTR70,data/MSTAR/train/BTR70/BTR70_train_0083.jpg,2225
mstar,train,4,0,0,BTR70,data/MSTAR/train/BTR70/BTR70_train_0084.jpg,2665
mstar,train,4,0,0,BTR70,data/MSTAR/train/BTR70/BTR70_train_0085.jpg,2558
mstar,train,4,0,0,BTR70,data/MSTAR/train/BTR70/BTR70_train_0086.jpg,2543
mstar,train,4,0,0,BTR70,data/MSTAR/train/BTR70/BTR70_train_0087.jpg,2529
mstar,train,4,0,0,BTR70,data/MSTAR/train/BTR70/BTR70_train_0088.jpg,2428
mstar,train,4,0,0,BTR70,data/MSTAR/train/BTR70/BTR70_train_0089.jpg,2333
mstar,train,4,0,0,BTR70,data/MSTAR/train/BTR70/BTR70_train_0090.jpg,2215
mstar,train,4,0,0,BTR70,data/MSTAR/train/BTR70/BTR70_train_0091.jpg,3086
mstar,train,4,0,0,BTR70,data/MSTAR/train/BTR70/BTR70_train_0092.jpg,3150
mstar,train,4,0,0,BTR70,data/MSTAR/train/BTR70/BTR70_train_0093.jpg,2315
mstar,train,4,0,0,BTR70,data/MSTAR/train/BTR70/BTR70_train_0094.jpg,2582
mstar,train,4,0,0,BTR70,data/MSTAR/train/BTR70/BTR70_train_0095.jpg,2750
mstar,train,4,0,0,BTR70,data/MSTAR/train/BTR70/BTR70_train_0096.jpg,2256
mstar,train,4,0,0,BTR70,data/MSTAR/train/BTR70/BTR70_train_0097.jpg,2804
mstar,train,4,0,0,BTR70,data/MSTAR/train/BTR70/BTR70_train_0098.jpg,2098
mstar,train,4,0,0,BTR70,data/MSTAR/train/BTR70/BTR70_train_0099.jpg,3193
mstar,train,4,0,0,BTR70,data/MSTAR/train/BTR70/BTR70_train_0100.jpg,2403
mstar,train,4,0,0,BTR70,data/MSTAR/train/BTR70/BTR70_train_0101.jpg,2145
mstar,train,4,0,0,BTR70,data/MSTAR/train/BTR70/BTR70_train_0102.jpg,1487
mstar,train,4,0,0,BTR70,data/MSTAR/train/BTR70/BTR70_train_0103.jpg,2746
mstar,train,4,0,0,BTR70,data/MSTAR/train/BTR70/BTR70_train_0104.jpg,1774
mstar,train,4,0,0,BTR70,data/MSTAR/train/BTR70/BTR70_train_0105.jpg,2846
mstar,train,4,0,0,BTR70,data/MSTAR/train/BTR70/BTR70_train_0106.jpg,2626
mstar,train,4,0,0,BTR70,data/MSTAR/train/BTR70/BTR70_train_0107.jpg,2462
mstar,train,4,0,0,BTR70,data/MSTAR/train/BTR70/BTR70_train_0108.jpg,1723
mstar,train,4,0,0,BTR70,data/MSTAR/train/BTR70/BTR70_train_0109.jpg,2020
mstar,train,4,0,0,BTR70,data/MSTAR/train/BTR70/BTR70_train_0110.jpg,3714
mstar,train,4,0,0,BTR70,data/MSTAR/train/BTR70/BTR70_train_0111.jpg,2547
mstar,train,4,0,0,BTR70,data/MSTAR/train/BTR70/BTR70_train_0112.jpg,2181
mstar,train,4,0,0,BTR70,data/MSTAR/train/BTR70/BTR70_train_0113.jpg,1536
mstar,train,4,0,0,BTR70,data/MSTAR/train/BTR70/BTR70_train_0114.jpg,2956
mstar,train,4,0,0,BTR70,data/MSTAR/train/BTR70/BTR70_train_0115.jpg,2641
mstar,train,4,0,0,BTR70,data/MSTAR/train/BTR70/BTR70_train_0116.jpg,2372
mstar,train,4,0,0,BTR70,data/MSTAR/train/BTR70/BTR70_train_0117.jpg,1928
mstar,train,4,0,0,BTR70,data/MSTAR/train/BTR70/BTR70_train_0118.jpg,2685
mstar,train,4,0,0,BTR70,data/MSTAR/train/BTR70/BTR70_train_0119.jpg,3025
mstar,train,4,0,0,BTR70,data/MSTAR/train/BTR70/BTR70_train_0120.jpg,3201
mstar,train,4,0,0,BTR70,data/MSTAR/train/BTR70/BTR70_train_0121.jpg,2763
mstar,train,4,0,0,BTR70,data/MSTAR/train/BTR70/BTR70_train_0122.jpg,2808
mstar,train,4,0,0,BTR70,data/MSTAR/train/BTR70/BTR70_train_0123.jpg,2440
mstar,train,4,0,0,BTR70,data/MSTAR/train/BTR70/BTR70_train_0124.jpg,2755
mstar,train,4,0,0,BTR70,data/MSTAR/train/BTR70/BTR70_train_0125.jpg,3474
mstar,train,4,0,0,BTR70,data/MSTAR/train/BTR70/BTR70_train_0126.jpg,2335
mstar,train,4,0,0,BTR70,data/MSTAR/train/BTR70/BTR70_train_0127.jpg,1242
mstar,train,4,0,0,BTR70,data/MSTAR/train/BTR70/BTR70_train_0128.jpg,1446
mstar,train,4,0,0,BTR70,data/MSTAR/train/BTR70/BTR70_train_0129.jpg,2708
mstar,train,4,0,0,BTR70,data/MSTAR/train/BTR70/BTR70_train_0130.jpg,2081
mstar,train,4,0,0,BTR70,data/MSTAR/train/BTR70/BTR70_train_0131.jpg,3469
mstar,train,4,0,0,BTR70,data/MSTAR/train/BTR70/BTR70_train_0132.jpg,2471
mstar,train,4,0,0,BTR70,data/MSTAR/train/BTR70/BTR70_train_0133.jpg,1542
mstar,train,4,0,0,BTR70,data/MSTAR/train/BTR70/BTR70_train_0134.jpg,2477
mstar,train,4,0,0,BTR70,data/MSTAR/train/BTR70/BTR70_train_0135.jpg,2159
mstar,train,4,0,0,BTR70,data/MSTAR/train/BTR70/BTR70_train_0136.jpg,3228
mstar,train,4,0,0,BTR70,data/MSTAR/train/BTR70/BTR70_train_0137.jpg,2454
mstar,train,4,0,0,BTR70,data/MSTAR/train/BTR70/BTR70_train_0138.jpg,1912
mstar,train,4,0,0,BTR70,data/MSTAR/train/BTR70/BTR70_train_0139.jpg,2227
mstar,train,4,0,0,BTR70,data/MSTAR/train/BTR70/BTR70_train_0140.jpg,1609
mstar,train,4,0,0,BTR70,data/MSTAR/train/BTR70/BTR70_train_0141.jpg,3185
mstar,train,4,0,0,BTR70,data/MSTAR/train/BTR70/BTR70_train_0142.jpg,1445
mstar,train,4,0,0,BTR70,data/MSTAR/train/BTR70/BTR70_train_0143.jpg,3264
mstar,train,4,0,0,BTR70,data/MSTAR/train/BTR70/BTR70_train_0144.jpg,2747
mstar,train,4,0,0,BTR70,data/MSTAR/train/BTR70/BTR70_train_0145.jpg,2756
mstar,train,4,0,0,BTR70,data/MSTAR/train/BTR70/BTR70_train_0146.jpg,2607
mstar,train,4,0,0,BTR70,data/MSTAR/train/BTR70/BTR70_train_0147.jpg,2304
mstar,train,4,0,0,BTR70,data/MSTAR/train/BTR70/BTR70_train_0148.jpg,1569
mstar,train,4,0,0,BTR70,data/MSTAR/train/BTR70/BTR70_train_0149.jpg,2914
mstar,train,4,0,0,BTR70,data/MSTAR/train/BTR70/BTR70_train_0150.jpg,2458
mstar,train,4,0,0,BTR70,data/MSTAR/train/BTR70/BTR70_train_0151.jpg,2332
mstar,train,4,0,0,BTR70,data/MSTAR/train/BTR70/BTR70_train_0152.jpg,1359
mstar,train,4,0,0,BTR70,data/MSTAR/train/BTR70/BTR70_train_0153.jpg,2150
mstar,train,4,0,0,BTR70,data/MSTAR/train/BTR70/BTR70_train_0154.jpg,2169
mstar,train,4,0,0,BTR70,data/MSTAR/train/BTR70/BTR70_train_0155.jpg,2275
mstar,train,4,0,0,BTR70,data/MSTAR/train/BTR70/BTR70_train_0156.jpg,2925
mstar,train,4,0,0,BTR70,data/MSTAR/train/BTR70/BTR70_train_0157.jpg,2756
mstar,train,4,0,0,BTR70,data/MSTAR/train/BTR70/BTR70_train_0158.jpg,2320
mstar,train,4,0,0,BTR70,data/MSTAR/train/BTR70/BTR70_train_0159.jpg,2721
mstar,train,4,0,0,BTR70,data/MSTAR/train/BTR70/BTR70_train_0160.jpg,1972
mstar,train,4,0,0,BTR70,data/MSTAR/train/BTR70/BTR70_train_0161.jpg,1410
mstar,train,4,0,0,BTR70,data/MSTAR/train/BTR70/BTR70_train_0162.jpg,2104
mstar,train,4,0,0,BTR70,data/MSTAR/train/BTR70/BTR70_train_0163.jpg,2315
mstar,train,4,0,0,BTR70,data/MSTAR/train/BTR70/BTR70_train_0164.jpg,3099
mstar,train,4,0,0,BTR70,data/MSTAR/train/BTR70/BTR70_train_0165.jpg,3125
mstar,train,4,0,0,BTR70,data/MSTAR/train/BTR70/BTR70_train_0166.jpg,2809
mstar,train,4,0,0,BTR70,data/MSTAR/train/BTR70/BTR70_train_0167.jpg,2031
mstar,train,4,0,0,BTR70,data/MSTAR/train/BTR70/BTR70_train_0168.jpg,2505
mstar,train,4,0,0,BTR70,data/MSTAR/train/BTR70/BTR70_train_0169.jpg,1979
mstar,train,4,0,0,BTR70,data/MSTAR/train/BTR70/BTR70_train_0170.jpg,2212
mstar,train,4,0,0,BTR70,data/MSTAR/train/BTR70/BTR70_train_0171.jpg,3062
mstar,train,4,0,0,BTR70,data/MSTAR/train/BTR70/BTR70_train_0172.jpg,2522
mstar,train,4,0,0,BTR70,data/MSTAR/train/BTR70/BTR70_train_0173.jpg,1405
mstar,train,4,0,0,BTR70,data/MSTAR/train/BTR70/BTR70_train_0174.jpg,1797
mstar,train,4,0,0,BTR70,data/MSTAR/train/BTR70/BTR70_train_0175.jpg,3345
mstar,train,4,0,0,BTR70,data/MSTAR/train/BTR70/BTR70_train_0176.jpg,2248
mstar,train,4,0,0,BTR70,data/MSTAR/train/BTR70/BTR70_train_0177.jpg,1952
mstar,train,4,0,0,BTR70,data/MSTAR/train/BTR70/BTR70_train_0178.jpg,2676
mstar,train,4,0,0,BTR70,data/MSTAR/train/BTR70/BTR70_train_0179.jpg,2637
mstar,train,4,0,0,BTR70,data/MSTAR/train/BTR70/BTR70_train_0180.jpg,1760
mstar,train,4,0,0,BTR70,data/MSTAR/train/BTR70/BTR70_train_0181.jpg,2414
mstar,train,4,0,0,BTR70,data/MSTAR/train/BTR70/BTR70_train_0182.jpg,2488
mstar,train,4,0,0,BTR70,data/MSTAR/train/BTR70/BTR70_train_0183.jpg,3070
mstar,train,4,0,0,BTR70,data/MSTAR/train/BTR70/BTR70_train_0184.jpg,2186
mstar,train,4,0,0,BTR70,data/MSTAR/train/BTR70/BTR70_train_0185.jpg,2195
mstar,train,4,0,0,BTR70,data/MSTAR/train/BTR70/BTR70_train_0186.jpg,1620
mstar,train,4,0,0,BTR70,data/MSTAR/train/BTR70/BTR70_train_0187.jpg,3075
mstar,train,4,0,0,BTR70,data/MSTAR/train/BTR70/BTR70_train_0188.jpg,2885
mstar,train,4,0,0,BTR70,data/MSTAR/train/BTR70/BTR70_train_0189.jpg,3010
mstar,train,4,0,0,BTR70,data/MSTAR/train/BTR70/BTR70_train_0190.jpg,1352
mstar,train,4,0,0,BTR70,data/MSTAR/train/BTR70/BTR70_train_0191.jpg,2317
mstar,train,4,0,0,BTR70,data/MSTAR/train/BTR70/BTR70_train_0192.jpg,2517
mstar,train,4,0,0,BTR70,data/MSTAR/train/BTR70/BTR70_train_0193.jpg,3257
mstar,train,4,0,0,BTR70,data/MSTAR/train/BTR70/BTR70_train_0194.jpg,2156
mstar,train,4,0,0,BTR70,data/MSTAR/train/BTR70/BTR70_train_0195.jpg,2755
mstar,train,4,0,0,BTR70,data/MSTAR/train/BTR70/BTR70_train_0196.jpg,2832
mstar,train,4,0,0,BTR70,data/MSTAR/train/BTR70/BTR70_train_0197.jpg,2833
mstar,train,4,0,0,BTR70,data/MSTAR/train/BTR70/BTR70_train_0198.jpg,2355
mstar,train,4,0,0,BTR70,data/MSTAR/train/BTR70/BTR70_train_0199.jpg,2466
mstar,train,4,0,0,BTR70,data/MSTAR/train/BTR70/BTR70_train_0200.jpg,2672
mstar,train,4,0,0,BTR70,data/MSTAR/train/BTR70/BTR70_train_0201.jpg,1652
mstar,train,4,0,0,BTR70,data/MSTAR/train/BTR70/BTR70_train_0202.jpg,3112
mstar,train,4,0,0,BTR70,data/MSTAR/train/BTR70/BTR70_train_0203.jpg,2005
mstar,train,4,0,0,BTR70,data/MSTAR/train/BTR70/BTR70_train_0204.jpg,3282
mstar,train,4,0,0,BTR70,data/MSTAR/train/BTR70/BTR70_train_0205.jpg,2887
mstar,train,4,0,0,BTR70,data/MSTAR/train/BTR70/BTR70_train_0206.jpg,2773
mstar,train,4,0,0,BTR70,data/MSTAR/train/BTR70/BTR70_train_0207.jpg,2181
mstar,train,4,0,0,BTR70,data/MSTAR/train/BTR70/BTR70_train_0208.jpg,2898
mstar,train,4,0,0,BTR70,data/MSTAR/train/BTR70/BTR70_train_0209.jpg,3029
mstar,train,4,0,0,BTR70,data/MSTAR/train/BTR70/BTR70_train_0210.jpg,2901
mstar,train,4,0,0,BTR70,data/MSTAR/train/BTR70/BTR70_train_0211.jpg,2554
mstar,train,4,0,0,BTR70,data/MSTAR/train/BTR70/BTR70_train_0212.jpg,3070
mstar,train,4,0,0,BTR70,data/MSTAR/train/BTR70/BTR70_train_0213.jpg,3098
mstar,train,4,0,0,BTR70,data/MSTAR/train/BTR70/BTR70_train_0214.jpg,2553
mstar,train,4,0,0,BTR70,data/MSTAR/train/BTR70/BTR70_train_0215.jpg,3239
mstar,train,4,0,0,BTR70,data/MSTAR/train/BTR70/BTR70_train_0216.jpg,2639
mstar,train,4,0,0,BTR70,data/MSTAR/train/BTR70/BTR70_train_0217.jpg,2662
mstar,train,4,0,0,BTR70,data/MSTAR/train/BTR70/BTR70_train_0218.jpg,2155
mstar,train,4,0,0,BTR70,data/MSTAR/train/BTR70/BTR70_train_0219.jpg,2908
mstar,train,4,0,0,BTR70,data/MSTAR/train/BTR70/BTR70_train_0220.jpg,3071
mstar,train,4,0,0,BTR70,data/MSTAR/train/BTR70/BTR70_train_0221.jpg,2872
mstar,train,4,0,0,BTR70,data/MSTAR/train/BTR70/BTR70_train_0222.jpg,3063
mstar,train,4,0,0,BTR70,data/MSTAR/train/BTR70/BTR70_train_0223.jpg,2297
mstar,train,4,0,0,BTR70,data/MSTAR/train/BTR70/BTR70_train_0224.jpg,1998
mstar,train,4,0,0,BTR70,data/MSTAR/train/BTR70/BTR70_train_0225.jpg,3163
mstar,train,4,0,0,BTR70,data/MSTAR/train/BTR70/BTR70_train_0226.jpg,2515
mstar,train,4,0,0,BTR70,data/MSTAR/train/BTR70/BTR70_train_0227.jpg,1736
mstar,train,4,0,0,BTR70,data/MSTAR/train/BTR70/BTR70_train_0228.jpg,2681
mstar,train,4,0,0,BTR70,data/MSTAR/train/BTR70/BTR70_train_0229.jpg,2126
mstar,train,4,0,0,BTR70,data/MSTAR/train/BTR70/BTR70_train_0230.jpg,2277
mstar,train,4,0,0,BTR70,data/MSTAR/train/BTR70/BTR70_train_0231.jpg,3042
mstar,train,4,0,0,BTR70,data/MSTAR/train/BTR70/BTR70_train_0232.jpg,2742
mstar,test,4,0,0,BTR70,data/MSTAR/test/BTR70/BTR70_test_0000.jpg,1589
mstar,test,4,0,0,BTR70,data/MSTAR/test/BTR70/BTR70_test_0001.jpg,2953
mstar,test,4,0,0,BTR70,data/MSTAR/test/BTR70/BTR70_test_0002.jpg,1959
mstar,test,4,0,0,BTR70,data/MSTAR/test/BTR70/BTR70_test_0003.jpg,2699
mstar,test,4,0,0,BTR70,data/MSTAR/test/BTR70/BTR70_test_0004.jpg,2245
mstar,test,4,0,0,BTR70,data/MSTAR/test/BTR70/BTR70_test_0005.jpg,3022
mstar,test,4,0,0,BTR70,data/MSTAR/test/BTR70/BTR70_test_0006.jpg,2726
mstar,test,4,0,0,BTR70,data/MSTAR/test/BTR70/BTR70_test_0007.jpg,2568
mstar,test,4,0,0,BTR70,data/MSTAR/test/BTR70/BTR70_test_0008.jpg,1824
mstar,test,4,0,0,BTR70,data/MSTAR/test/BTR70/BTR70_test_0009.jpg,2005
mstar,test,4,0,0,BTR70,data/MSTAR/test/BTR70/BTR70_test_0010.jpg,2885
mstar,test,4,0,0,BTR70,data/MSTAR/test/BTR70/BTR70_test_0011.jpg,2260
mstar,test,4,0,0,BTR70,data/MSTAR/test/BTR70/BTR70_test_0012.jpg,1276
mstar,test,4,0,0,BTR70,data/MSTAR/test/BTR70/BTR70_test_0013.jpg,3083
mstar,test,4,0,0,BTR70,data/MSTAR/test/BTR70/BTR70_test_0014.jpg,1768
mstar,test,4,0,0,BTR70,data/MSTAR/test/BTR70/BTR70_test_0015.jpg,3199
mstar,test,4,0,0,BTR70,data/MSTAR/test/BTR70/BTR70_test_0016.jpg,2312
mstar,test,4,0,0,BTR70,data/MSTAR/test/BTR70/BTR70_test_0017.jpg,2506
mstar,test,4,0,0,BTR70,data/MSTAR/test/BTR70/BTR70_test_0018.jpg,2088
mstar,test,4,0,0,BTR70,data/MSTAR/test/BTR70/BTR70_test_0019.jpg,2111
mstar,test,4,0,0,BTR70,data/MSTAR/test/BTR70/BTR70_test_0020.jpg,2890
mstar,test,4,0,0,BTR70,data/MSTAR/test/BTR70/BTR70_test_0021.jpg,1804
mstar,test,4,0,0,BTR70,data/MSTAR/test/BTR70/BTR70_test_0022.jpg,2922
mstar,test,4,0,0,BTR70,data/MSTAR/test/BTR70/BTR70_test_0023.jpg,2237
mstar,test,4,0,0,BTR70,data/MSTAR/test/BTR70/BTR70_test_0024.jpg,1901
mstar,test,4,0,0,BTR70,data/MSTAR/test/BTR70/BTR70_test_0025.jpg,2142
mstar,test,4,0,0,BTR70,data/MSTAR/test/BTR70/BTR70_test_0026.jpg,1922
mstar,test,4,0,0,BTR70,data/MSTAR/test/BTR70/BTR70_test_0027.jpg,1960
mstar,test,4,0,0,BTR70,data/MSTAR/test/BTR70/BTR70_test_0028.jpg,2338
mstar,test,4,0,0,BTR70,data/MSTAR/test/BTR70/BTR70_test_0029.jpg,2142
mstar,test,4,0,0,BTR70,data/MSTAR/test/BTR70/BTR70_test_0030.jpg,2786
mstar,test,4,0,0,BTR70,data/MSTAR/test/BTR70/BTR70_test_0031.jpg,3223
mstar,test,4,0,0,BTR70,data/MSTAR/test/BTR70/BTR70_test_0032.jpg,2665
mstar,test,4,0,0,BTR70,data/MSTAR/test/BTR70/BTR70_test_0033.jpg,1047
mstar,test,4,0,0,BTR70,data/MSTAR/test/BTR70/BTR70_test_0034.jpg,1816
mstar,test,4,0,0,BTR70,data/MSTAR/test/BTR70/BTR70_test_0035.jpg,3029
mstar,test,4,0,0,BTR70,data/MSTAR/test/BTR70/BTR70_test_0036.jpg,2636
mstar,test,4,0,0,BTR70,data/MSTAR/test/BTR70/BTR70_test_0037.jpg,2243
mstar,test,4,0,0,BTR70,data/MSTAR/test/BTR70/BTR70_test_0038.jpg,2347
mstar,test,4,0,0,BTR70,data/MSTAR/test/BTR70/BTR70_test_0039.jpg,1873
mstar,test,4,0,0,BTR70,data/MSTAR/test/BTR70/BTR70_test_0040.jpg,2413
mstar,test,4,0,0,BTR70,data/MSTAR/test/BTR70/BTR70_test_0041.jpg,2332
mstar,test,4,0,0,BTR70,data/MSTAR/test/BTR70/BTR70_test_0042.jpg,3244
mstar,test,4,0,0,BTR70,data/MSTAR/test/BTR70/BTR70_test_0043.jpg,2623
mstar,test,4,0,0,BTR70,data/MSTAR/test/BTR70/BTR70_test_0044.jpg,2538
mstar,test,4,0,0,BTR70,data/MSTAR/test/BTR70/BTR70_test_0045.jpg,2203
mstar,test,4,0,0,BTR70,data/MSTAR/test/BTR70/BTR70_test_0046.jpg,2520
mstar,test,4,0,0,BTR70,data/MSTAR/test/BTR70/BTR70_test_0047.jpg,2801
mstar,test,4,0,0,BTR70,data/MSTAR/test/BTR70/BTR70_test_0048.jpg,1600
mstar,test,4,0,0,BTR70,data/MSTAR/test/BTR70/BTR70_test_0049.jpg,2339
mstar,test,4,0,0,BTR70,data/MSTAR/test/BTR70/BTR70_test_0050.jpg,2123
mstar,test,4,0,0,BTR70,data/MSTAR/test/BTR70/BTR70_test_0051.jpg,3175
mstar,test,4,0,0,BTR70,data/MSTAR/test/BTR70/BTR70_test_0052.jpg,3155
mstar,test,4,0,0,BTR70,data/MSTAR/test/BTR70/BTR70_test_0053.jpg,2476
mstar,test,4,0,0,BTR70,data/MSTAR/test/BTR70/BTR70_test_0054.jpg,2223
mstar,test,4,0,0,BTR70,data/MSTAR/test/BTR70/BTR70_test_0055.jpg,2541
mstar,test,4,0,0,BTR70,data/MSTAR/test/BTR70/BTR70_test_0056.jpg,1998
mstar,test,4,0,0,BTR70,data/MSTAR/test/BTR70/BTR70_test_0057.jpg,1759
mstar,test,4,0,0,BTR70,data/MSTAR/test/BTR70/BTR70_test_0058.jpg,2390
mstar,test,4,0,0,BTR70,data/MSTAR/test/BTR70/BTR70_test_0059.jpg,2633
mstar,test,4,0,0,BTR70,data/MSTAR/test/BTR70/BTR70_test_0060.jpg,2166
mstar,test,4,0,0,BTR70,data/MSTAR/test/BTR70/BTR70_test_0061.jpg,1953
mstar,test,4,0,0,BTR70,data/MSTAR/test/BTR70/BTR70_test_0062.jpg,2029
mstar,test,4,0,0,BTR70,data/MSTAR/test/BTR70/BTR70_test_0063.jpg,1986
mstar,test,4,0,0,BTR70,data/MSTAR/test/BTR70/BTR70_test_0064.jpg,2457
mstar,test,4,0,0,BTR70,data/MSTAR/test/BTR70/BTR70_test_0065.jpg,2084
mstar,test,4,0,0,BTR70,data/MSTAR/test/BTR70/BTR70_test_0066.jpg,1955
mstar,test,4,0,0,BTR70,data/MSTAR/test/BTR70/BTR70_test_0067.jpg,2231
mstar,test,4,0,0,BTR70,data/MSTAR/test/BTR70/BTR70_test_0068.jpg,2687
mstar,test,4,0,0,BTR70,data/MSTAR/test/BTR70/BTR70_test_0069.jpg,2957
mstar,test,4,0,0,BTR70,data/MSTAR/test/BTR70/BTR70_test_0070.jpg,2254
mstar,test,4,0,0,BTR70,data/MSTAR/test/BTR70/BTR70_test_0071.jpg,2896
mstar,test,4,0,0,BTR70,data/MSTAR/test/BTR70/BTR70_test_0072.jpg,2417
mstar,test,4,0,0,BTR70,data/MSTAR/test/BTR70/BTR70_test_0073.jpg,2240
mstar,test,4,0,0,BTR70,data/MSTAR/test/BTR70/BTR70_test_0074.jpg,2286
mstar,test,4,0,0,BTR70,data/MSTAR/test/BTR70/BTR70_test_0075.jpg,2657
mstar,test,4,0,0,BTR70,data/MSTAR/test/BTR70/BTR70_test_0076.jpg,2370
mstar,test,4,0,0,BTR70,data/MSTAR/test/BTR70/BTR70_test_0077.jpg,2659
mstar,test,4,0,0,BTR70,data/MSTAR/test/BTR70/BTR70_test_0078.jpg,2659
mstar,test,4,0,0,BTR70,data/MSTAR/test/BTR70/BTR70_test_0079.jpg,1772
mstar,test,4,0,0,BTR70,data/MSTAR/test/BTR70/BTR70_test_0080.jpg,2580
mstar,test,4,0,0,BTR70,data/MSTAR/test/BTR70/BTR70_test_0081.jpg,2527
mstar,test,4,0,0,BTR70,data/MSTAR/test/BTR70/BTR70_test_0082.jpg,2525
mstar,test,4,0,0,BTR70,data/MSTAR/test/BTR70/BTR70_test_0083.jpg,2890
mstar,test,4,0,0,BTR70,data/MSTAR/test/BTR70/BTR70_test_0084.jpg,3345
mstar,test,4,0,0,BTR70,data/MSTAR/test/BTR70/BTR70_test_0085.jpg,1687
mstar,test,4,0,0,BTR70,data/MSTAR/test/BTR70/BTR70_test_0086.jpg,2294
mstar,test,4,0,0,BTR70,data/MSTAR/test/BTR70/BTR70_test_0087.jpg,3106
mstar,test,4,0,0,BTR70,data/MSTAR/test/BTR70/BTR70_test_0088.jpg,2730
mstar,test,4,0,0,BTR70,data/MSTAR/test/BTR70/BTR70_test_0089.jpg,2593
mstar,test,4,0,0,BTR70,data/MSTAR/test/BTR70/BTR70_test_0090.jpg,1550
mstar,test,4,0,0,BTR70,data/MSTAR/test/BTR70/BTR70_test_0091.jpg,2817
mstar,test,4,0,0,BTR70,data/MSTAR/test/BTR70/BTR70_test_0092.jpg,1958
mstar,test,4,0,0,BTR70,data/MSTAR/test/BTR70/BTR70_test_0093.jpg,2629
mstar,test,4,0,0,BTR70,data/MSTAR/test/BTR70/BTR70_test_0094.jpg,3283
mstar,test,4,0,0,BTR70,data/MSTAR/test/BTR70/BTR70_test_0095.jpg,2050
mstar,test,4,0,0,BTR70,data/MSTAR/test/BTR70/BTR70_test_0096.jpg,2494
mstar,test,4,0,0,BTR70,data/MSTAR/test/BTR70/BTR70_test_0097.jpg,3006
mstar,test,4,0,0,BTR70,data/MSTAR/test/BTR70/BTR70_test_0098.jpg,2735
mstar,test,4,0,0,BTR70,data/MSTAR/test/BTR70/BTR70_test_0099.jpg,2399
mstar,test,4,0,0,BTR70,data/MSTAR/test/BTR70/BTR70_test_0100.jpg,2723
mstar,test,4,0,0,BTR70,data/MSTAR/test/BTR70/BTR70_test_0101.jpg,2367
mstar,test,4,0,0,BTR70,data/MSTAR/test/BTR70/BTR70_test_0102.jpg,2341
mstar,test,4,0,0,BTR70,data/MSTAR/test/BTR70/BTR70_test_0103.jpg,3167
mstar,test,4,0,0,BTR70,data/MSTAR/test/BTR70/BTR70_test_0104.jpg,2808
mstar,test,4,0,0,BTR70,data/MSTAR/test/BTR70/BTR70_test_0105.jpg,1919
mstar,test,4,0,0,BTR70,data/MSTAR/test/BTR70/BTR70_test_0106.jpg,2705
mstar,test,4,0,0,BTR70,data/MSTAR/test/BTR70/BTR70_test_0107.jpg,2380
mstar,test,4,0,0,BTR70,data/MSTAR/test/BTR70/BTR70_test_0108.jpg,2552
mstar,test,4,0,0,BTR70,data/MSTAR/test/BTR70/BTR70_test_0109.jpg,2152
mstar,test,4,0,0,BTR70,data/MSTAR/test/BTR70/BTR70_test_0110.jpg,2287
mstar,test,4,0,0,BTR70,data/MSTAR/test/BTR70/BTR70_test_0111.jpg,2234
mstar,test,4,0,0,BTR70,data/MSTAR/test/BTR70/BTR70_test_0112.jpg,2280
mstar,test,4,0,0,BTR70,data/MSTAR/test/BTR70/BTR70_test_0113.jpg,2819
mstar,test,4,0,0,BTR70,data/MSTAR/test/BTR70/BTR70_test_0114.jpg,2381
mstar,test,4,0,0,BTR70,data/MSTAR/test/BTR70/BTR70_test_0115.jpg,2517
mstar,test,4,0,0,BTR70,data/MSTAR/test/BTR70/BTR70_test_0116.jpg,2411
mstar,test,4,0,0,BTR70,data/MSTAR/test/BTR70/BTR70_test_0117.jpg,2676
mstar,test,4,0,0,BTR70,data/MSTAR/test/BTR70/BTR70_test_0118.jpg,3047
mstar,test,4,0,0,BTR70,data/MSTAR/test/BTR70/BTR70_test_0119.jpg,2459
mstar,test,4,0,0,BTR70,data/MSTAR/test/BTR70/BTR70_test_0120.jpg,2660
mstar,test,4,0,0,BTR70,data/MSTAR/test/BTR70/BTR70_test_0121.jpg,3051
mstar,test,4,0,0,BTR70,data/MSTAR/test/BTR70/BTR70_test_0122.jpg,2752
mstar,test,4,0,0,BTR70,data/MSTAR/test/BTR70/BTR70_test_0123.jpg,2680
mstar,test,4,0,0,BTR70,data/MSTAR/test/BTR70/BTR70_test_0124.jpg,2512
mstar,test,4,0,0,BTR70,data/MSTAR/test/BTR70/BTR70_test_0125.jpg,973
mstar,test,4,0,0,BTR70,data/MSTAR/test/BTR70/BTR70_test_0126.jpg,3094
mstar,test,4,0,0,BTR70,data/MSTAR/test/BTR70/BTR70_test_0127.jpg,2151
mstar,test,4,0,0,BTR70,data/MSTAR/test/BTR70/BTR70_test_0128.jpg,1503
mstar,test,4,0,0,BTR70,data/MSTAR/test/BTR70/BTR70_test_0129.jpg,2357
mstar,test,4,0,0,BTR70,data/MSTAR/test/BTR70/BTR70_test_0130.jpg,2249
mstar,test,4,0,0,BTR70,data/MSTAR/test/BTR70/BTR70_test_0131.jpg,2216
mstar,test,4,0,0,BTR70,data/MSTAR/test/BTR70/BTR70_test_0132.jpg,2134
mstar,test,4,0,0,BTR70,data/MSTAR/test/BTR70/BTR70_test_0133.jpg,2271
mstar,test,4,0,0,BTR70,data/MSTAR/test/BTR70/BTR70_test_0134.jpg,2542
mstar,test,4,0,0,BTR70,data/MSTAR/test/BTR70/BTR70_test_0135.jpg,1883
mstar,test,4,0,0,BTR70,data/MSTAR/test/BTR70/BTR70_test_0136.jpg,2709
mstar,test,4,0,0,BTR70,data/MSTAR/test/BTR70/BTR70_test_0137.jpg,2741
mstar,test,4,0,0,BTR70,data/MSTAR/test/BTR70/BTR70_test_0138.jpg,2980
mstar,test,4,0,0,BTR70,data/MSTAR/test/BTR70/BTR70_test_0139.jpg,3056
mstar,test,4,0,0,BTR70,data/MSTAR/test/BTR70/BTR70_test_0140.jpg,1271
mstar,test,4,0,0,BTR70,data/MSTAR/test/BTR70/BTR70_test_0141.jpg,3096
mstar,test,4,0,0,BTR70,data/MSTAR/test/BTR70/BTR70_test_0142.jpg,2634
mstar,test,4,0,0,BTR70,data/MSTAR/test/BTR70/BTR70_test_0143.jpg,1600
mstar,test,4,0,0,BTR70,data/MSTAR/test/BTR70/BTR70_test_0144.jpg,3029
mstar,test,4,0,0,BTR70,data/MSTAR/test/BTR70/BTR70_test_0145.jpg,2755
mstar,test,4,0,0,BTR70,data/MSTAR/test/BTR70/BTR70_test_0146.jpg,1903
mstar,test,4,0,0,BTR70,data/MSTAR/test/BTR70/BTR70_test_0147.jpg,3354
mstar,test,4,0,0,BTR70,data/MSTAR/test/BTR70/BTR70_test_0148.jpg,3313
mstar,test,4,0,0,BTR70,data/MSTAR/test/BTR70/BTR70_test_0149.jpg,2669
mstar,test,4,0,0,BTR70,data/MSTAR/test/BTR70/BTR70_test_0150.jpg,3416
mstar,test,4,0,0,BTR70,data/MSTAR/test/BTR70/BTR70_test_0151.jpg,3175
mstar,test,4,0,0,BTR70,data/MSTAR/test/BTR70/BTR70_test_0152.jpg,2709
mstar,test,4,0,0,BTR70,data/MSTAR/test/BTR70/BTR70_test_0153.jpg,2585
mstar,test,4,0,0,BTR70,data/MSTAR/test/BTR70/BTR70_test_0154.jpg,2506
mstar,test,4,0,0,BTR70,data/MSTAR/test/BTR70/BTR70_test_0155.jpg,2541
mstar,test,4,0,0,BTR70,data/MSTAR/test/BTR70/BTR70_test_0156.jpg,2274
mstar,test,4,0,0,BTR70,data/MSTAR/test/BTR70/BTR70_test_0157.jpg,2683
mstar,test,4,0,0,BTR70,data/MSTAR/test/BTR70/BTR70_test_0158.jpg,2757
mstar,test,4,0,0,BTR70,data/MSTAR/test/BTR70/BTR70_test_0159.jpg,2918
mstar,test,4,0,0,BTR70,data/MSTAR/test/BTR70/BTR70_test_0160.jpg,2926
mstar,test,4,0,0,BTR70,data/MSTAR/test/BTR70/BTR70_test_0161.jpg,2102
mstar,test,4,0,0,BTR70,data/MSTAR/test/BTR70/BTR70_test_0162.jpg,1347
mstar,test,4,0,0,BTR70,data/MSTAR/test/BTR70/BTR70_test_0163.jpg,1884
mstar,test,4,0,0,BTR70,data/MSTAR/test/BTR70/BTR70_test_0164.jpg,2094
mstar,test,4,0,0,BTR70,data/MSTAR/test/BTR70/BTR70_test_0165.jpg,2550
mstar,test,4,0,0,BTR70,data/MSTAR/test/BTR70/BTR70_test_0166.jpg,2762
mstar,test,4,0,0,BTR70,data/MSTAR/test/BTR70/BTR70_test_0167.jpg,2361
mstar,test,4,0,0,BTR70,data/MSTAR/test/BTR70/BTR70_test_0168.jpg,2778
mstar,test,4,0,0,BTR70,data/MSTAR/test/BTR70/BTR70_test_0169.jpg,2585
mstar,test,4,0,0,BTR70,data/MSTAR/test/BTR70/BTR70_test_0170.jpg,2381
mstar,test,4,0,0,BTR70,data/MSTAR/test/BTR70/BTR70_test_0171.jpg,2811
mstar,test,4,0,0,BTR70,data/MSTAR/test/BTR70/BTR70_test_0172.jpg,3097
mstar,test,4,0,0,BTR70,data/MSTAR/test/BTR70/BTR70_test_0173.jpg,2293
mstar,test,4,0,0,BTR70,data/MSTAR/test/BTR70/BTR70_test_0174.jpg,2746
mstar,test,4,0,0,BTR70,data/MSTAR/test/BTR70/BTR70_test_0175.jpg,1850
mstar,test,4,0,0,BTR70,data/MSTAR/test/BTR70/BTR70_test_0176.jpg,1666
mstar,test,4,0,0,BTR70,data/MSTAR/test/BTR70/BTR70_test_0177.jpg,2375
mstar,test,4,0,0,BTR70,data/MSTAR/test/BTR70/BTR70_test_0178.jpg,2626
mstar,test,4,0,0,BTR70,data/MSTAR/test/BTR70/BTR70_test_0179.jpg,2624
mstar,test,4,0,0,BTR70,data/MSTAR/test/BTR70/BTR70_test_0180.jpg,2966
mstar,test,4,0,0,BTR70,data/MSTAR/test/BTR70/BTR70_test_0181.jpg,2543
mstar,test,4,0,0,BTR70,data/MSTAR/test/BTR70/BTR70_test_0182.jpg,2303
mstar,test,4,0,0,BTR70,data/MSTAR/test/BTR70/BTR70_test_0183.jpg,2192
mstar,test,4,0,0,BTR70,data/MSTAR/test/BTR70/BTR70_test_0184.jpg,2149
mstar,test,4,0,0,BTR70,data/MSTAR/test/BTR70/BTR70_test_0185.jpg,1945
mstar,test,4,0,0,BTR70,data/MSTAR/test/BTR70/BTR70_test_0186.jpg,1987
mstar,test,4,0,0,BTR70,data/MSTAR/test/BTR70/BTR70_test_0187.jpg,2864
mstar,test,4,0,0,BTR70,data/MSTAR/test/BTR70/BTR70_test_0188.jpg,2678
mstar,test,4,0,0,BTR70,data/MSTAR/test/BTR70/BTR70_test_0189.jpg,2553
mstar,test,4,0,0,BTR70,data/MSTAR/test/BTR70/BTR70_test_0190.jpg,2298
mstar,test,4,0,0,BTR70,data/MSTAR/test/BTR70/BTR70_test_0191.jpg,2006
mstar,test,4,0,0,BTR70,data/MSTAR/test/BTR70/BTR70_test_0192.jpg,2628
mstar,test,4,0,0,BTR70,data/MSTAR/test/BTR70/BTR70_test_0193.jpg,3234
mstar,test,4,0,0,BTR70,data/MSTAR/test/BTR70/BTR70_test_0194.jpg,2416
mstar,test,4,0,0,BTR70,data/MSTAR/test/BTR70/BTR70_test_0195.jpg,2266
mstar,train,0,1,0,2S1,data/MSTAR/train/2S1/2S1_train_0000.jpg,3612
mstar,train,0,1,0,2S1,data/MSTAR/train/2S1/2S1_train_0001.jpg,2760
mstar,train,0,1,0,2S1,data/MSTAR/train/2S1/2S1_train_0002.jpg,2630
mstar,train,0,1,0,2S1,data/MSTAR/train/2S1/2S1_train_0003.jpg,3278
mstar,train,0,1,0,2S1,data/MSTAR/train/2S1/2S1_train_0004.jpg,1200
mstar,train,0,1,0,2S1,data/MSTAR/train/2S1/2S1_train_0005.jpg,3050
mstar,train,0,1,0,2S1,data/MSTAR/train/2S1/2S1_train_0006.jpg,6214
mstar,train,0,1,0,2S1,data/MSTAR/train/2S1/2S1_train_0007.jpg,4664
mstar,train,0,1,0,2S1,data/MSTAR/train/2S1/2S1_train_0008.jpg,3165
mstar,train,0,1,0,2S1,data/MSTAR/train/2S1/2S1_train_0009.jpg,1988
mstar,train,0,1,0,2S1,data/MSTAR/train/2S1/2S1_train_0010.jpg,4397
mstar,train,0,1,0,2S1,data/MSTAR/train/2S1/2S1_train_0011.jpg,5168
mstar,train,0,1,0,2S1,data/MSTAR/train/2S1/2S1_train_0012.jpg,1752
mstar,train,0,1,0,2S1,data/MSTAR/train/2S1/2S1_train_0013.jpg,1826
mstar,train,0,1,0,2S1,data/MSTAR/train/2S1/2S1_train_0014.jpg,3422
mstar,train,0,1,0,2S1,data/MSTAR/train/2S1/2S1_train_0015.jpg,2490
mstar,train,0,1,0,2S1,data/MSTAR/train/2S1/2S1_train_0016.jpg,4950
mstar,train,0,1,0,2S1,data/MSTAR/train/2S1/2S1_train_0017.jpg,3315
mstar,train,0,1,0,2S1,data/MSTAR/train/2S1/2S1_train_0018.jpg,4706
mstar,train,0,1,0,2S1,data/MSTAR/train/2S1/2S1_train_0019.jpg,3063
mstar,train,0,1,0,2S1,data/MSTAR/train/2S1/2S1_train_0020.jpg,2658
mstar,train,0,1,0,2S1,data/MSTAR/train/2S1/2S1_train_0021.jpg,5109
mstar,train,0,1,0,2S1,data/MSTAR/train/2S1/2S1_train_0022.jpg,2900
mstar,train,0,1,0,2S1,data/MSTAR/train/2S1/2S1_train_0023.jpg,2661
mstar,train,0,1,0,2S1,data/MSTAR/train/2S1/2S1_train_0024.jpg,3028
mstar,train,0,1,0,2S1,data/MSTAR/train/2S1/2S1_train_0025.jpg,2638
mstar,train,0,1,0,2S1,data/MSTAR/train/2S1/2S1_train_0026.jpg,4610
mstar,train,0,1,0,2S1,data/MSTAR/train/2S1/2S1_train_0027.jpg,3810
mstar,train,0,1,0,2S1,data/MSTAR/train/2S1/2S1_train_0028.jpg,4347
mstar,train,0,1,0,2S1,data/MSTAR/train/2S1/2S1_train_0029.jpg,3422
mstar,train,0,1,0,2S1,data/MSTAR/train/2S1/2S1_train_0030.jpg,3904
mstar,train,0,1,0,2S1,data/MSTAR/train/2S1/2S1_train_0031.jpg,5655
mstar,train,0,1,0,2S1,data/MSTAR/train/2S1/2S1_train_0032.jpg,3833
mstar,train,0,1,0,2S1,data/MSTAR/train/2S1/2S1_train_0033.jpg,2872
mstar,train,0,1,0,2S1,data/MSTAR/train/2S1/2S1_train_0034.jpg,4458
mstar,train,0,1,0,2S1,data/MSTAR/train/2S1/2S1_train_0035.jpg,4252
mstar,train,0,1,0,2S1,data/MSTAR/train/2S1/2S1_train_0036.jpg,2992
mstar,train,0,1,0,2S1,data/MSTAR/train/2S1/2S1_train_0037.jpg,2883
mstar,train,0,1,0,2S1,data/MSTAR/train/2S1/2S1_train_0038.jpg,3712
mstar,train,0,1,0,2S1,data/MSTAR/train/2S1/2S1_train_0039.jpg,2579
mstar,train,0,1,0,2S1,data/MSTAR/train/2S1/2S1_train_0040.jpg,5351
mstar,train,0,1,0,2S1,data/MSTAR/train/2S1/2S1_train_0041.jpg,1703
mstar,train,0,1,0,2S1,data/MSTAR/train/2S1/2S1_train_0042.jpg,5201
mstar,train,0,1,0,2S1,data/MSTAR/train/2S1/2S1_train_0043.jpg,2324
mstar,train,0,1,0,2S1,data/MSTAR/train/2S1/2S1_train_0044.jpg,4349
mstar,train,0,1,0,2S1,data/MSTAR/train/2S1/2S1_train_0045.jpg,5747
mstar,train,0,1,0,2S1,data/MSTAR/train/2S1/2S1_train_0046.jpg,3064
mstar,train,0,1,0,2S1,data/MSTAR/train/2S1/2S1_train_0047.jpg,2354
mstar,train,0,1,0,2S1,data/MSTAR/train/2S1/2S1_train_0048.jpg,3298
mstar,train,0,1,0,2S1,data/MSTAR/train/2S1/2S1_train_0049.jpg,4776
mstar,train,0,1,0,2S1,data/MSTAR/train/2S1/2S1_train_0050.jpg,3300
mstar,train,0,1,0,2S1,data/MSTAR/train/2S1/2S1_train_0051.jpg,2825
mstar,train,0,1,0,2S1,data/MSTAR/train/2S1/2S1_train_0052.jpg,2214
mstar,train,0,1,0,2S1,data/MSTAR/train/2S1/2S1_train_0053.jpg,2827
mstar,train,0,1,0,2S1,data/MSTAR/train/2S1/2S1_train_0054.jpg,3414
mstar,train,0,1,0,2S1,data/MSTAR/train/2S1/2S1_train_0055.jpg,4369
mstar,train,0,1,0,2S1,data/MSTAR/train/2S1/2S1_train_0056.jpg,3382
mstar,train,0,1,0,2S1,data/MSTAR/train/2S1/2S1_train_0057.jpg,2558
mstar,train,0,1,0,2S1,data/MSTAR/train/2S1/2S1_train_0058.jpg,3667
mstar,train,0,1,0,2S1,data/MSTAR/train/2S1/2S1_train_0059.jpg,3190
mstar,train,0,1,0,2S1,data/MSTAR/train/2S1/2S1_train_0060.jpg,5394
mstar,train,0,1,0,2S1,data/MSTAR/train/2S1/2S1_train_0061.jpg,3334
mstar,train,0,1,0,2S1,data/MSTAR/train/2S1/2S1_train_0062.jpg,1781
mstar,train,0,1,0,2S1,data/MSTAR/train/2S1/2S1_train_0063.jpg,2130
mstar,train,0,1,0,2S1,data/MSTAR/train/2S1/2S1_train_0064.jpg,1363
mstar,train,0,1,0,2S1,data/MSTAR/train/2S1/2S1_train_0065.jpg,4880
mstar,train,0,1,0,2S1,data/MSTAR/train/2S1/2S1_train_0066.jpg,3227
mstar,train,0,1,0,2S1,data/MSTAR/train/2S1/2S1_train_0067.jpg,3588
mstar,train,0,1,0,2S1,data/MSTAR/train/2S1/2S1_train_0068.jpg,3253
mstar,train,0,1,0,2S1,data/MSTAR/train/2S1/2S1_train_0069.jpg,3964
mstar,train,0,1,0,2S1,data/MSTAR/train/2S1/2S1_train_0070.jpg,2680
mstar,train,0,1,0,2S1,data/MSTAR/train/2S1/2S1_train_0071.jpg,2434
mstar,train,0,1,0,2S1,data/MSTAR/train/2S1/2S1_train_0072.jpg,4086
mstar,train,0,1,0,2S1,data/MSTAR/train/2S1/2S1_train_0073.jpg,3780
mstar,train,0,1,0,2S1,data/MSTAR/train/2S1/2S1_train_0074.jpg,3478
mstar,train,0,1,0,2S1,data/MSTAR/train/2S1/2S1_train_0075.jpg,3191
mstar,train,0,1,0,2S1,data/MSTAR/train/2S1/2S1_train_0076.jpg,4154
mstar,train,0,1,0,2S1,data/MSTAR/train/2S1/2S1_train_0077.jpg,5400
mstar,train,0,1,0,2S1,data/MSTAR/train/2S1/2S1_train_0078.jpg,4205
mstar,train,0,1,0,2S1,data/MSTAR/train/2S1/2S1_train_0079.jpg,2045
mstar,train,0,1,0,2S1,data/MSTAR/train/2S1/2S1_train_0080.jpg,4999
mstar,train,0,1,0,2S1,data/MSTAR/train/2S1/2S1_train_0081.jpg,1996
mstar,train,0,1,0,2S1,data/MSTAR/train/2S1/2S1_train_0082.jpg,3657
mstar,train,0,1,0,2S1,data/MSTAR/train/2S1/2S1_train_0083.jpg,1424
mstar,train,0,1,0,2S1,data/MSTAR/train/2S1/2S1_train_0084.jpg,2395
mstar,train,0,1,0,2S1,data/MSTAR/train/2S1/2S1_train_0085.jpg,3204
mstar,train,0,1,0,2S1,data/MSTAR/train/2S1/2S1_train_0086.jpg,6094
mstar,train,0,1,0,2S1,data/MSTAR/train/2S1/2S1_train_0087.jpg,5430
mstar,train,0,1,0,2S1,data/MSTAR/train/2S1/2S1_train_0088.jpg,4633
mstar,train,0,1,0,2S1,data/MSTAR/train/2S1/2S1_train_0089.jpg,3142
mstar,train,0,1,0,2S1,data/MSTAR/train/2S1/2S1_train_0090.jpg,4488
mstar,train,0,1,0,2S1,data/MSTAR/train/2S1/2S1_train_0091.jpg,4044
mstar,train,0,1,0,2S1,data/MSTAR/train/2S1/2S1_train_0092.jpg,3326
mstar,train,0,1,0,2S1,data/MSTAR/train/2S1/2S1_train_0093.jpg,2132
mstar,train,0,1,0,2S1,data/MSTAR/train/2S1/2S1_train_0094.jpg,2851
mstar,train,0,1,0,2S1,data/MSTAR/train/2S1/2S1_train_0095.jpg,5171
mstar,train,0,1,0,2S1,data/MSTAR/train/2S1/2S1_train_0096.jpg,2121
mstar,train,0,1,0,2S1,data/MSTAR/train/2S1/2S1_train_0097.jpg,4086
mstar,train,0,1,0,2S1,data/MSTAR/train/2S1/2S1_train_0098.jpg,1510
mstar,train,0,1,0,2S1,data/MSTAR/train/2S1/2S1_train_0099.jpg,4059
mstar,train,0,1,0,2S1,data/MSTAR/train/2S1/2S1_train_0100.jpg,3925
mstar,train,0,1,0,2S1,data/MSTAR/train/2S1/2S1_train_0101.jpg,3520
mstar,train,0,1,0,2S1,data/MSTAR/train/2S1/2S1_train_0102.jpg,5115
mstar,train,0,1,0,2S1,data/MSTAR/train/2S1/2S1_train_0103.jpg,1617
mstar,train,0,1,0,2S1,data/MSTAR/train/2S1/2S1_train_0104.jpg,2357
mstar,train,0,1,0,2S1,data/MSTAR/train/2S1/2S1_train_0105.jpg,2835
mstar,train,0,1,0,2S1,data/MSTAR/train/2S1/2S1_train_0106.jpg,2447
mstar,train,0,1,0,2S1,data/MSTAR/train/2S1/2S1_train_0107.jpg,3647
mstar,train,0,1,0,2S1,data/MSTAR/train/2S1/2S1_train_0108.jpg,2259
mstar,train,0,1,0,2S1,data/MSTAR/train/2S1/2S1_train_0109.jpg,3857
mstar,train,0,1,0,2S1,data/MSTAR/train/2S1/2S1_train_0110.jpg,5565
mstar,train,0,1,0,2S1,data/MSTAR/train/2S1/2S1_train_0111.jpg,2125
mstar,train,0,1,0,2S1,data/MSTAR/train/2S1/2S1_train_0112.jpg,3104
mstar,train,0,1,0,2S1,data/MSTAR/train/2S1/2S1_train_0113.jpg,5151
mstar,train,0,1,0,2S1,data/MSTAR/train/2S1/2S1_train_0114.jpg,3895
mstar,train,0,1,0,2S1,data/MSTAR/train/2S1/2S1_train_0115.jpg,1685
mstar,train,0,1,0,2S1,data/MSTAR/train/2S1/2S1_train_0116.jpg,973
mstar,train,0,1,0,2S1,data/MSTAR/train/2S1/2S1_train_0117.jpg,1893
mstar,train,0,1,0,2S1,data/MSTAR/train/2S1/2S1_train_0118.jpg,3222
mstar,train,0,1,0,2S1,data/MSTAR/train/2S1/2S1_train_0119.jpg,2034
mstar,train,0,1,0,2S1,data/MSTAR/train/2S1/2S1_train_0120.jpg,2608
mstar,train,0,1,0,2S1,data/MSTAR/train/2S1/2S1_train_0121.jpg,1224
mstar,train,0,1,0,2S1,data/MSTAR/train/2S1/2S1_train_0122.jpg,3874
mstar,train,0,1,0,2S1,data/MSTAR/train/2S1/2S1_train_0123.jpg,2075
mstar,train,0,1,0,2S1,data/MSTAR/train/2S1/2S1_train_0124.jpg,4916
mstar,train,0,1,0,2S1,data/MSTAR/train/2S1/2S1_train_0125.jpg,4489
mstar,train,0,1,0,2S1,data/MSTAR/train/2S1/2S1_train_0126.jpg,3002
mstar,train,0,1,0,2S1,data/MSTAR/train/2S1/2S1_train_0127.jpg,1911
mstar,train,0,1,0,2S1,data/MSTAR/train/2S1/2S1_train_0128.jpg,3873
mstar,train,0,1,0,2S1,data/MSTAR/train/2S1/2S1_train_0129.jpg,3201
mstar,train,0,1,0,2S1,data/MSTAR/train/2S1/2S1_train_0130.jpg,2052
mstar,train,0,1,0,2S1,data/MSTAR/train/2S1/2S1_train_0131.jpg,5532
mstar,train,0,1,0,2S1,data/MSTAR/train/2S1/2S1_train_0132.jpg,5479
mstar,train,0,1,0,2S1,data/MSTAR/train/2S1/2S1_train_0133.jpg,3249
mstar,train,0,1,0,2S1,data/MSTAR/train/2S1/2S1_train_0134.jpg,4883
mstar,train,0,1,0,2S1,data/MSTAR/train/2S1/2S1_train_0135.jpg,3094
mstar,train,0,1,0,2S1,data/MSTAR/train/2S1/2S1_train_0136.jpg,4650
mstar,train,0,1,0,2S1,data/MSTAR/train/2S1/2S1_train_0137.jpg,3934
mstar,train,0,1,0,2S1,data/MSTAR/train/2S1/2S1_train_0138.jpg,4786
mstar,train,0,1,0,2S1,data/MSTAR/train/2S1/2S1_train_0139.jpg,4162
mstar,train,0,1,0,2S1,data/MSTAR/train/2S1/2S1_train_0140.jpg,1648
mstar,train,0,1,0,2S1,data/MSTAR/train/2S1/2S1_train_0141.jpg,3450
mstar,train,0,1,0,2S1,data/MSTAR/train/2S1/2S1_train_0142.jpg,4527
mstar,train,0,1,0,2S1,data/MSTAR/train/2S1/2S1_train_0143.jpg,3003
mstar,train,0,1,0,2S1,data/MSTAR/train/2S1/2S1_train_0144.jpg,4728
mstar,train,0,1,0,2S1,data/MSTAR/train/2S1/2S1_train_0145.jpg,5365
mstar,train,0,1,0,2S1,data/MSTAR/train/2S1/2S1_train_0146.jpg,1264
mstar,train,0,1,0,2S1,data/MSTAR/train/2S1/2S1_train_0147.jpg,4875
mstar,train,0,1,0,2S1,data/MSTAR/train/2S1/2S1_train_0148.jpg,3361
mstar,train,0,1,0,2S1,data/MSTAR/train/2S1/2S1_train_0149.jpg,1772
mstar,train,0,1,0,2S1,data/MSTAR/train/2S1/2S1_train_0150.jpg,2395
mstar,train,0,1,0,2S1,data/MSTAR/train/2S1/2S1_train_0151.jpg,1465
mstar,train,0,1,0,2S1,data/MSTAR/train/2S1/2S1_train_0152.jpg,4716
mstar,train,0,1,0,2S1,data/MSTAR/train/2S1/2S1_train_0153.jpg,3373
mstar,train,0,1,0,2S1,data/MSTAR/train/2S1/2S1_train_0154.jpg,2393
mstar,train,0,1,0,2S1,data/MSTAR/train/2S1/2S1_train_0155.jpg,2140
mstar,train,0,1,0,2S1,data/MSTAR/train/2S1/2S1_train_0156.jpg,3017
mstar,train,0,1,0,2S1,data/MSTAR/train/2S1/2S1_train_0157.jpg,3633
mstar,train,0,1,0,2S1,data/MSTAR/train/2S1/2S1_train_0158.jpg,5498
mstar,train,0,1,0,2S1,data/MSTAR/train/2S1/2S1_train_0159.jpg,5837
mstar,train,0,1,0,2S1,data/MSTAR/train/2S1/2S1_train_0160.jpg,2076
mstar,train,0,1,0,2S1,data/MSTAR/train/2S1/2S1_train_0161.jpg,5299
mstar,train,0,1,0,2S1,data/MSTAR/train/2S1/2S1_train_0162.jpg,5360
mstar,train,0,1,0,2S1,data/MSTAR/train/2S1/2S1_train_0163.jpg,3224
mstar,train,0,1,0,2S1,data/MSTAR/train/2S1/2S1_train_0164.jpg,2698
mstar,train,0,1,0,2S1,data/MSTAR/train/2S1/2S1_train_0165.jpg,4611
mstar,train,0,1,0,2S1,data/MSTAR/train/2S1/2S1_train_0166.jpg,4607
mstar,train,0,1,0,2S1,data/MSTAR/train/2S1/2S1_train_0167.jpg,3588
mstar,train,0,1,0,2S1,data/MSTAR/train/2S1/2S1_train_0168.jpg,1659
mstar,train,0,1,0,2S1,data/MSTAR/train/2S1/2S1_train_0169.jpg,4672
mstar,train,0,1,0,2S1,data/MSTAR/train/2S1/2S1_train_0170.jpg,2717
mstar,train,0,1,0,2S1,data/MSTAR/train/2S1/2S1_train_0171.jpg,3566
mstar,train,0,1,0,2S1,data/MSTAR/train/2S1/2S1_train_0172.jpg,4904
mstar,train,0,1,0,2S1,data/MSTAR/train/2S1/2S1_train_0173.jpg,6138
mstar,train,0,1,0,2S1,data/MSTAR/train/2S1/2S1_train_0174.jpg,1548
mstar,train,0,1,0,2S1,data/MSTAR/train/2S1/2S1_train_0175.jpg,1955
mstar,train,0,1,0,2S1,data/MSTAR/train/2S1/2S1_train_0176.jpg,5221
mstar,train,0,1,0,2S1,data/MSTAR/train/2S1/2S1_train_0177.jpg,3987
mstar,train,0,1,0,2S1,data/MSTAR/train/2S1/2S1_train_0178.jpg,3650
mstar,train,0,1,0,2S1,data/MSTAR/train/2S1/2S1_train_0179.jpg,2495
mstar,train,0,1,0,2S1,data/MSTAR/train/2S1/2S1_train_0180.jpg,3846
mstar,train,0,1,0,2S1,data/MSTAR/train/2S1/2S1_train_0181.jpg,5004
mstar,train,0,1,0,2S1,data/MSTAR/train/2S1/2S1_train_0182.jpg,2789
mstar,train,0,1,0,2S1,data/MSTAR/train/2S1/2S1_train_0183.jpg,3326
mstar,train,0,1,0,2S1,data/MSTAR/train/2S1/2S1_train_0184.jpg,4729
mstar,train,0,1,0,2S1,data/MSTAR/train/2S1/2S1_train_0185.jpg,4506
mstar,train,0,1,0,2S1,data/MSTAR/train/2S1/2S1_train_0186.jpg,4343
mstar,train,0,1,0,2S1,data/MSTAR/train/2S1/2S1_train_0187.jpg,4822
mstar,train,0,1,0,2S1,data/MSTAR/train/2S1/2S1_train_0188.jpg,3010
mstar,train,0,1,0,2S1,data/MSTAR/train/2S1/2S1_train_0189.jpg,2723
mstar,train,0,1,0,2S1,data/MSTAR/train/2S1/2S1_train_0190.jpg,4930
mstar,train,0,1,0,2S1,data/MSTAR/train/2S1/2S1_train_0191.jpg,2778
mstar,train,0,1,0,2S1,data/MSTAR/train/2S1/2S1_train_0192.jpg,1828
mstar,train,0,1,0,2S1,data/MSTAR/train/2S1/2S1_train_0193.jpg,2273
mstar,train,0,1,0,2S1,data/MSTAR/train/2S1/2S1_train_0194.jpg,3442
mstar,train,0,1,0,2S1,data/MSTAR/train/2S1/2S1_train_0195.jpg,4600
mstar,train,0,1,0,2S1,data/MSTAR/train/2S1/2S1_train_0196.jpg,2019
mstar,train,0,1,0,2S1,data/MSTAR/train/2S1/2S1_train_0197.jpg,2153
mstar,train,0,1,0,2S1,data/MSTAR/train/2S1/2S1_train_0198.jpg,5068
mstar,train,0,1,0,2S1,data/MSTAR/train/2S1/2S1_train_0199.jpg,2257
mstar,train,0,1,0,2S1,data/MSTAR/train/2S1/2S1_train_0200.jpg,1302
mstar,train,0,1,0,2S1,data/MSTAR/train/2S1/2S1_train_0201.jpg,4323
mstar,train,0,1,0,2S1,data/MSTAR/train/2S1/2S1_train_0202.jpg,2957
mstar,train,0,1,0,2S1,data/MSTAR/train/2S1/2S1_train_0203.jpg,2864
mstar,train,0,1,0,2S1,data/MSTAR/train/2S1/2S1_train_0204.jpg,3547
mstar,train,0,1,0,2S1,data/MSTAR/train/2S1/2S1_train_0205.jpg,2291
mstar,train,0,1,0,2S1,data/MSTAR/train/2S1/2S1_train_0206.jpg,1623
mstar,train,0,1,0,2S1,data/MSTAR/train/2S1/2S1_train_0207.jpg,2594
mstar,train,0,1,0,2S1,data/MSTAR/train/2S1/2S1_train_0208.jpg,2688
mstar,train,0,1,0,2S1,data/MSTAR/train/2S1/2S1_train_0209.jpg,4018
mstar,train,0,1,0,2S1,data/MSTAR/train/2S1/2S1_train_0210.jpg,2814
mstar,train,0,1,0,2S1,data/MSTAR/train/2S1/2S1_train_0211.jpg,4463
mstar,train,0,1,0,2S1,data/MSTAR/train/2S1/2S1_train_0212.jpg,4761
mstar,train,0,1,0,2S1,data/MSTAR/train/2S1/2S1_train_0213.jpg,2778
mstar,train,0,1,0,2S1,data/MSTAR/train/2S1/2S1_train_0214.jpg,2850
mstar,train,0,1,0,2S1,data/MSTAR/train/2S1/2S1_train_0215.jpg,1424
mstar,train,0,1,0,2S1,data/MSTAR/train/2S1/2S1_train_0216.jpg,3058
mstar,train,0,1,0,2S1,data/MSTAR/train/2S1/2S1_train_0217.jpg,3177
mstar,train,0,1,0,2S1,data/MSTAR/train/2S1/2S1_train_0218.jpg,3842
mstar,train,0,1,0,2S1,data/MSTAR/train/2S1/2S1_train_0219.jpg,1614
mstar,train,0,1,0,2S1,data/MSTAR/train/2S1/2S1_train_0220.jpg,4115
mstar,train,0,1,0,2S1,data/MSTAR/train/2S1/2S1_train_0221.jpg,3889
mstar,train,0,1,0,2S1,data/MSTAR/train/2S1/2S1_train_0222.jpg,1850
mstar,train,0,1,0,2S1,data/MSTAR/train/2S1/2S1_train_0223.jpg,2609
mstar,train,0,1,0,2S1,data/MSTAR/train/2S1/2S1_train_0224.jpg,1905
mstar,train,0,1,0,2S1,data/MSTAR/train/2S1/2S1_train_0225.jpg,3783
mstar,train,0,1,0,2S1,data/MSTAR/train/2S1/2S1_train_0226.jpg,3298
mstar,train,0,1,0,2S1,data/MSTAR/train/2S1/2S1_train_0227.jpg,4588
mstar,train,0,1,0,2S1,data/MSTAR/train/2S1/2S1_train_0228.jpg,2749
mstar,train,0,1,0,2S1,data/MSTAR/train/2S1/2S1_train_0229.jpg,1384
mstar,train,0,1,0,2S1,data/MSTAR/train/2S1/2S1_train_0230.jpg,4326
mstar,train,0,1,0,2S1,data/MSTAR/train/2S1/2S1_train_0231.jpg,4624
mstar,train,0,1,0,2S1,data/MSTAR/train/2S1/2S1_train_0232.jpg,5115
mstar,train,0,1,0,2S1,data/MSTAR/train/2S1/2S1_train_0233.jpg,3645
mstar,train,0,1,0,2S1,data/MSTAR/train/2S1/2S1_train_0234.jpg,5070
mstar,train,0,1,0,2S1,data/MSTAR/train/2S1/2S1_train_0235.jpg,3938
mstar,train,0,1,0,2S1,data/MSTAR/train/2S1/2S1_train_0236.jpg,2293
mstar,train,0,1,0,2S1,data/MSTAR/train/2S1/2S1_train_0237.jpg,1212
mstar,train,0,1,0,2S1,data/MSTAR/train/2S1/2S1_train_0238.jpg,3004
mstar,train,0,1,0,2S1,data/MSTAR/train/2S1/2S1_train_0239.jpg,2306
mstar,train,0,1,0,2S1,data/MSTAR/train/2S1/2S1_train_0240.jpg,2319
mstar,train,0,1,0,2S1,data/MSTAR/train/2S1/2S1_train_0241.jpg,5804
mstar,train,0,1,0,2S1,data/MSTAR/train/2S1/2S1_train_0242.jpg,1614
mstar,train,0,1,0,2S1,data/MSTAR/train/2S1/2S1_train_0243.jpg,3771
mstar,train,0,1,0,2S1,data/MSTAR/train/2S1/2S1_train_0244.jpg,3394
mstar,train,0,1,0,2S1,data/MSTAR/train/2S1/2S1_train_0245.jpg,5444
mstar,train,0,1,0,2S1,data/MSTAR/train/2S1/2S1_train_0246.jpg,2216
mstar,train,0,1,0,2S1,data/MSTAR/train/2S1/2S1_train_0247.jpg,5928
mstar,train,0,1,0,2S1,data/MSTAR/train/2S1/2S1_train_0248.jpg,2688
mstar,train,0,1,0,2S1,data/MSTAR/train/2S1/2S1_train_0249.jpg,4295
mstar,train,0,1,0,2S1,data/MSTAR/train/2S1/2S1_train_0250.jpg,1720
mstar,train,0,1,0,2S1,data/MSTAR/train/2S1/2S1_train_0251.jpg,4449
mstar,train,0,1,0,2S1,data/MSTAR/train/2S1/2S1_train_0252.jpg,2143
mstar,train,0,1,0,2S1,data/MSTAR/train/2S1/2S1_train_0253.jpg,5375
mstar,train,0,1,0,2S1,data/MSTAR/train/2S1/2S1_train_0254.jpg,5096
mstar,train,0,1,0,2S1,data/MSTAR/train/2S1/2S1_train_0255.jpg,4172
mstar,train,0,1,0,2S1,data/MSTAR/train/2S1/2S1_train_0256.jpg,4245
mstar,train,0,1,0,2S1,data/MSTAR/train/2S1/2S1_train_0257.jpg,2745
mstar,train,0,1,0,2S1,data/MSTAR/train/2S1/2S1_train_0258.jpg,2315
mstar,train,0,1,0,2S1,data/MSTAR/train/2S1/2S1_train_0259.jpg,2403
mstar,train,0,1,0,2S1,data/MSTAR/train/2S1/2S1_train_0260.jpg,4303
mstar,train,0,1,0,2S1,data/MSTAR/train/2S1/2S1_train_0261.jpg,5933
mstar,train,0,1,0,2S1,data/MSTAR/train/2S1/2S1_train_0262.jpg,1305
mstar,train,0,1,0,2S1,data/MSTAR/train/2S1/2S1_train_0263.jpg,2825
mstar,train,0,1,0,2S1,data/MSTAR/train/2S1/2S1_train_0264.jpg,4368
mstar,train,0,1,0,2S1,data/MSTAR/train/2S1/2S1_train_0265.jpg,2946
mstar,train,0,1,0,2S1,data/MSTAR/train/2S1/2S1_train_0266.jpg,3375
mstar,train,0,1,0,2S1,data/MSTAR/train/2S1/2S1_train_0267.jpg,4762
mstar,train,0,1,0,2S1,data/MSTAR/train/2S1/2S1_train_0268.jpg,4768
mstar,train,0,1,0,2S1,data/MSTAR/train/2S1/2S1_train_0269.jpg,3711
mstar,train,0,1,0,2S1,data/MSTAR/train/2S1/2S1_train_0270.jpg,5489
mstar,train,0,1,0,2S1,data/MSTAR/train/2S1/2S1_train_0271.jpg,2074
mstar,train,0,1,0,2S1,data/MSTAR/train/2S1/2S1_train_0272.jpg,1815
mstar,train,0,1,0,2S1,data/MSTAR/train/2S1/2S1_train_0273.jpg,6927
mstar,train,0,1,0,2S1,data/MSTAR/train/2S1/2S1_train_0274.jpg,2016
mstar,train,0,1,0,2S1,data/MSTAR/train/2S1/2S1_train_0275.jpg,4242
mstar,train,0,1,0,2S1,data/MSTAR/train/2S1/2S1_train_0276.jpg,3582
mstar,train,0,1,0,2S1,data/MSTAR/train/2S1/2S1_train_0277.jpg,2764
mstar,train,0,1,0,2S1,data/MSTAR/train/2S1/2S1_train_0278.jpg,5222
mstar,train,0,1,0,2S1,data/MSTAR/train/2S1/2S1_train_0279.jpg,2372
mstar,train,0,1,0,2S1,data/MSTAR/train/2S1/2S1_train_0280.jpg,4018
mstar,train,0,1,0,2S1,data/MSTAR/train/2S1/2S1_train_0281.jpg,3219
mstar,train,0,1,0,2S1,data/MSTAR/train/2S1/2S1_train_0282.jpg,1889
mstar,train,0,1,0,2S1,data/MSTAR/train/2S1/2S1_train_0283.jpg,4395
mstar,train,0,1,0,2S1,data/MSTAR/train/2S1/2S1_train_0284.jpg,3678
mstar,train,0,1,0,2S1,data/MSTAR/train/2S1/2S1_train_0285.jpg,4661
mstar,train,0,1,0,2S1,data/MSTAR/train/2S1/2S1_train_0286.jpg,2175
mstar,train,0,1,0,2S1,data/MSTAR/train/2S1/2S1_train_0287.jpg,2950
mstar,train,0,1,0,2S1,data/MSTAR/train/2S1/2S1_train_0288.jpg,4178
mstar,train,0,1,0,2S1,data/MSTAR/train/2S1/2S1_train_0289.jpg,3754
mstar,train,0,1,0,2S1,data/MSTAR/train/2S1/2S1_train_0290.jpg,4795
mstar,train,0,1,0,2S1,data/MSTAR/train/2S1/2S1_train_0291.jpg,4542
mstar,train,0,1,0,2S1,data/MSTAR/train/2S1/2S1_train_0292.jpg,2325
mstar,train,0,1,0,2S1,data/MSTAR/train/2S1/2S1_train_0293.jpg,6436
mstar,train,0,1,0,2S1,data/MSTAR/train/2S1/2S1_train_0294.jpg,2165
mstar,train,0,1,0,2S1,data/MSTAR/train/2S1/2S1_train_0295.jpg,2852
mstar,train,0,1,0,2S1,data/MSTAR/train/2S1/2S1_train_0296.jpg,1272
mstar,train,0,1,0,2S1,data/MSTAR/train/2S1/2S1_train_0297.jpg,5628
mstar,train,0,1,0,2S1,data/MSTAR/train/2S1/2S1_train_0298.jpg,2909
mstar,test,0,1,0,2S1,data/MSTAR/test/2S1/2S1_test_0000.jpg,2326
mstar,test,0,1,0,2S1,data/MSTAR/test/2S1/2S1_test_0001.jpg,3564
mstar,test,0,1,0,2S1,data/MSTAR/test/2S1/2S1_test_0002.jpg,3177
mstar,test,0,1,0,2S1,data/MSTAR/test/2S1/2S1_test_0003.jpg,3533
mstar,test,0,1,0,2S1,data/MSTAR/test/2S1/2S1_test_0004.jpg,2314
mstar,test,0,1,0,2S1,data/MSTAR/test/2S1/2S1_test_0005.jpg,2864
mstar,test,0,1,0,2S1,data/MSTAR/test/2S1/2S1_test_0006.jpg,3103
mstar,test,0,1,0,2S1,data/MSTAR/test/2S1/2S1_test_0007.jpg,3081
mstar,test,0,1,0,2S1,data/MSTAR/test/2S1/2S1_test_0008.jpg,3118
mstar,test,0,1,0,2S1,data/MSTAR/test/2S1/2S1_test_0009.jpg,3613
mstar,test,0,1,0,2S1,data/MSTAR/test/2S1/2S1_test_0010.jpg,3085
mstar,test,0,1,0,2S1,data/MSTAR/test/2S1/2S1_test_0011.jpg,4299
mstar,test,0,1,0,2S1,data/MSTAR/test/2S1/2S1_test_0012.jpg,3665
mstar,test,0,1,0,2S1,data/MSTAR/test/2S1/2S1_test_0013.jpg,3952
mstar,test,0,1,0,2S1,data/MSTAR/test/2S1/2S1_test_0014.jpg,3132
mstar,test,0,1,0,2S1,data/MSTAR/test/2S1/2S1_test_0015.jpg,2979
mstar,test,0,1,0,2S1,data/MSTAR/test/2S1/2S1_test_0016.jpg,2983
mstar,test,0,1,0,2S1,data/MSTAR/test/2S1/2S1_test_0017.jpg,2611
mstar,test,0,1,0,2S1,data/MSTAR/test/2S1/2S1_test_0018.jpg,994
mstar,test,0,1,0,2S1,data/MSTAR/test/2S1/2S1_test_0019.jpg,1858
mstar,test,0,1,0,2S1,data/MSTAR/test/2S1/2S1_test_0020.jpg,3238
mstar,test,0,1,0,2S1,data/MSTAR/test/2S1/2S1_test_0021.jpg,2739
mstar,test,0,1,0,2S1,data/MSTAR/test/2S1/2S1_test_0022.jpg,2450
mstar,test,0,1,0,2S1,data/MSTAR/test/2S1/2S1_test_0023.jpg,3326
mstar,test,0,1,0,2S1,data/MSTAR/test/2S1/2S1_test_0024.jpg,2874
mstar,test,0,1,0,2S1,data/MSTAR/test/2S1/2S1_test_0025.jpg,2855
mstar,test,0,1,0,2S1,data/MSTAR/test/2S1/2S1_test_0026.jpg,2456
mstar,test,0,1,0,2S1,data/MSTAR/test/2S1/2S1_test_0027.jpg,3886
mstar,test,0,1,0,2S1,data/MSTAR/test/2S1/2S1_test_0028.jpg,4120
mstar,test,0,1,0,2S1,data/MSTAR/test/2S1/2S1_test_0029.jpg,3388
mstar,test,0,1,0,2S1,data/MSTAR/test/2S1/2S1_test_0030.jpg,2109
mstar,test,0,1,0,2S1,data/MSTAR/test/2S1/2S1_test_0031.jpg,3894
mstar,test,0,1,0,2S1,data/MSTAR/test/2S1/2S1_test_0032.jpg,3896
mstar,test,0,1,0,2S1,data/MSTAR/test/2S1/2S1_test_0033.jpg,4147
mstar,test,0,1,0,2S1,data/MSTAR/test/2S1/2S1_test_0034.jpg,2663
mstar,test,0,1,0,2S1,data/MSTAR/test/2S1/2S1_test_0035.jpg,4058
mstar,test,0,1,0,2S1,data/MSTAR/test/2S1/2S1_test_0036.jpg,2010
mstar,test,0,1,0,2S1,data/MSTAR/test/2S1/2S1_test_0037.jpg,3804
mstar,test,0,1,0,2S1,data/MSTAR/test/2S1/2S1_test_0038.jpg,2709
mstar,test,0,1,0,2S1,data/MSTAR/test/2S1/2S1_test_0039.jpg,2960
mstar,test,0,1,0,2S1,data/MSTAR/test/2S1/2S1_test_0040.jpg,2370
mstar,test,0,1,0,2S1,data/MSTAR/test/2S1/2S1_test_0041.jpg,3503
mstar,test,0,1,0,2S1,data/MSTAR/test/2S1/2S1_test_0042.jpg,3165
mstar,test,0,1,0,2S1,data/MSTAR/test/2S1/2S1_test_0043.jpg,2554
mstar,test,0,1,0,2S1,data/MSTAR/test/2S1/2S1_test_0044.jpg,2261
mstar,test,0,1,0,2S1,data/MSTAR/test/2S1/2S1_test_0045.jpg,3210
mstar,test,0,1,0,2S1,data/MSTAR/test/2S1/2S1_test_0046.jpg,3149
mstar,test,0,1,0,2S1,data/MSTAR/test/2S1/2S1_test_0047.jpg,2935
mstar,test,0,1,0,2S1,data/MSTAR/test/2S1/2S1_test_0048.jpg,2740
mstar,test,0,1,0,2S1,data/MSTAR/test/2S1/2S1_test_0049.jpg,3916
mstar,test,0,1,0,2S1,data/MSTAR/test/2S1/2S1_test_0050.jpg,3346
mstar,test,0,1,0,2S1,data/MSTAR/test/2S1/2S1_test_0051.jpg,2692
mstar,test,0,1,0,2S1,data/MSTAR/test/2S1/2S1_test_0052.jpg,2541
mstar,test,0,1,0,2S1,data/MSTAR/test/2S1/2S1_test_0053.jpg,3244
mstar,test,0,1,0,2S1,data/MSTAR/test/2S1/2S1_test_0054.jpg,3051
mstar,test,0,1,0,2S1,data/MSTAR/test/2S1/2S1_test_0055.jpg,3372
mstar,test,0,1,0,2S1,data/MSTAR/test/2S1/2S1_test_0056.jpg,2982
mstar,test,0,1,0,2S1,data/MSTAR/test/2S1/2S1_test_0057.jpg,1022
mstar,test,0,1,0,2S1,data/MSTAR/test/2S1/2S1_test_0058.jpg,3075
mstar,test,0,1,0,2S1,data/MSTAR/test/2S1/2S1_test_0059.jpg,3183
mstar,test,0,1,0,2S1,data/MSTAR/test/2S1/2S1_test_0060.jpg,3598
mstar,test,0,1,0,2S1,data/MSTAR/test/2S1/2S1_test_0061.jpg,2623
mstar,test,0,1,0,2S1,data/MSTAR/test/2S1/2S1_test_0062.jpg,3778
mstar,test,0,1,0,2S1,data/MSTAR/test/2S1/2S1_test_0063.jpg,3124
mstar,test,0,1,0,2S1,data/MSTAR/test/2S1/2S1_test_0064.jpg,3221
mstar,test,0,1,0,2S1,data/MSTAR/test/2S1/2S1_test_0065.jpg,2882
mstar,test,0,1,0,2S1,data/MSTAR/test/2S1/2S1_test_0066.jpg,2934
mstar,test,0,1,0,2S1,data/MSTAR/test/2S1/2S1_test_0067.jpg,2178
mstar,test,0,1,0,2S1,data/MSTAR/test/2S1/2S1_test_0068.jpg,2494
mstar,test,0,1,0,2S1,data/MSTAR/test/2S1/2S1_test_0069.jpg,2888
mstar,test,0,1,0,2S1,data/MSTAR/test/2S1/2S1_test_0070.jpg,2813
mstar,test,0,1,0,2S1,data/MSTAR/test/2S1/2S1_test_0071.jpg,3001
mstar,test,0,1,0,2S1,data/MSTAR/test/2S1/2S1_test_0072.jpg,2212
mstar,test,0,1,0,2S1,data/MSTAR/test/2S1/2S1_test_0073.jpg,3680
mstar,test,0,1,0,2S1,data/MSTAR/test/2S1/2S1_test_0074.jpg,3595
mstar,test,0,1,0,2S1,data/MSTAR/test/2S1/2S1_test_0075.jpg,3737
mstar,test,0,1,0,2S1,data/MSTAR/test/2S1/2S1_test_0076.jpg,3652
mstar,test,0,1,0,2S1,data/MSTAR/test/2S1/2S1_test_0077.jpg,3033
mstar,test,0,1,0,2S1,data/MSTAR/test/2S1/2S1_test_0078.jpg,3403
mstar,test,0,1,0,2S1,data/MSTAR/test/2S1/2S1_test_0079.jpg,2274
mstar,test,0,1,0,2S1,data/MSTAR/test/2S1/2S1_test_0080.jpg,2684
mstar,test,0,1,0,2S1,data/MSTAR/test/2S1/2S1_test_0081.jpg,3322
mstar,test,0,1,0,2S1,data/MSTAR/test/2S1/2S1_test_0082.jpg,3847
mstar,test,0,1,0,2S1,data/MSTAR/test/2S1/2S1_test_0083.jpg,3609
mstar,test,0,1,0,2S1,data/MSTAR/test/2S1/2S1_test_0084.jpg,2889
mstar,test,0,1,0,2S1,data/MSTAR/test/2S1/2S1_test_0085.jpg,3032
mstar,test,0,1,0,2S1,data/MSTAR/test/2S1/2S1_test_0086.jpg,3119
mstar,test,0,1,0,2S1,data/MSTAR/test/2S1/2S1_test_0087.jpg,2479
mstar,test,0,1,0,2S1,data/MSTAR/test/2S1/2S1_test_0088.jpg,4167
mstar,test,0,1,0,2S1,data/MSTAR/test/2S1/2S1_test_0089.jpg,3357
mstar,test,0,1,0,2S1,data/MSTAR/test/2S1/2S1_test_0090.jpg,1773
mstar,test,0,1,0,2S1,data/MSTAR/test/2S1/2S1_test_0091.jpg,4140
mstar,test,0,1,0,2S1,data/MSTAR/test/2S1/2S1_test_0092.jpg,3102
mstar,test,0,1,0,2S1,data/MSTAR/test/2S1/2S1_test_0093.jpg,2671
mstar,test,0,1,0,2S1,data/MSTAR/test/2S1/2S1_test_0094.jpg,3672
mstar,test,0,1,0,2S1,data/MSTAR/test/2S1/2S1_test_0095.jpg,2274
mstar,test,0,1,0,2S1,data/MSTAR/test/2S1/2S1_test_0096.jpg,2743
mstar,test,0,1,0,2S1,data/MSTAR/test/2S1/2S1_test_0097.jpg,3013
mstar,test,0,1,0,2S1,data/MSTAR/test/2S1/2S1_test_0098.jpg,3676
mstar,test,0,1,0,2S1,data/MSTAR/test/2S1/2S1_test_0099.jpg,3565
mstar,test,0,1,0,2S1,data/MSTAR/test/2S1/2S1_test_0100.jpg,2486
mstar,test,0,1,0,2S1,data/MSTAR/test/2S1/2S1_test_0101.jpg,2496
mstar,test,0,1,0,2S1,data/MSTAR/test/2S1/2S1_test_0102.jpg,2829
mstar,test,0,1,0,2S1,data/MSTAR/test/2S1/2S1_test_0103.jpg,3275
mstar,test,0,1,0,2S1,data/MSTAR/test/2S1/2S1_test_0104.jpg,3282
mstar,test,0,1,0,2S1,data/MSTAR/test/2S1/2S1_test_0105.jpg,3195
mstar,test,0,1,0,2S1,data/MSTAR/test/2S1/2S1_test_0106.jpg,3173
mstar,test,0,1,0,2S1,data/MSTAR/test/2S1/2S1_test_0107.jpg,4324
mstar,test,0,1,0,2S1,data/MSTAR/test/2S1/2S1_test_0108.jpg,3247
mstar,test,0,1,0,2S1,data/MSTAR/test/2S1/2S1_test_0109.jpg,3657
mstar,test,0,1,0,2S1,data/MSTAR/test/2S1/2S1_test_0110.jpg,3599
mstar,test,0,1,0,2S1,data/MSTAR/test/2S1/2S1_test_0111.jpg,2556
mstar,test,0,1,0,2S1,data/MSTAR/test/2S1/2S1_test_0112.jpg,3582
mstar,test,0,1,0,2S1,data/MSTAR/test/2S1/2S1_test_0113.jpg,3451
mstar,test,0,1,0,2S1,data/MSTAR/test/2S1/2S1_test_0114.jpg,2741
mstar,test,0,1,0,2S1,data/MSTAR/test/2S1/2S1_test_0115.jpg,3410
mstar,test,0,1,0,2S1,data/MSTAR/test/2S1/2S1_test_0116.jpg,2776
mstar,test,0,1,0,2S1,data/MSTAR/test/2S1/2S1_test_0117.jpg,1878
mstar,test,0,1,0,2S1,data/MSTAR/test/2S1/2S1_test_0118.jpg,2914
mstar,test,0,1,0,2S1,data/MSTAR/test/2S1/2S1_test_0119.jpg,2430
mstar,test,0,1,0,2S1,data/MSTAR/test/2S1/2S1_test_0120.jpg,2935
mstar,test,0,1,0,2S1,data/MSTAR/test/2S1/2S1_test_0121.jpg,2573
mstar,test,0,1,0,2S1,data/MSTAR/test/2S1/2S1_test_0122.jpg,3017
mstar,test,0,1,0,2S1,data/MSTAR/test/2S1/2S1_test_0123.jpg,3253
mstar,test,0,1,0,2S1,data/MSTAR/test/2S1/2S1_test_0124.jpg,3309
mstar,test,0,1,0,2S1,data/MSTAR/test/2S1/2S1_test_0125.jpg,3308
mstar,test,0,1,0,2S1,data/MSTAR/test/2S1/2S1_test_0126.jpg,2680
mstar,test,0,1,0,2S1,data/MSTAR/test/2S1/2S1_test_0127.jpg,2716
mstar,test,0,1,0,2S1,data/MSTAR/test/2S1/2S1_test_0128.jpg,2737
mstar,test,0,1,0,2S1,data/MSTAR/test/2S1/2S1_test_0129.jpg,3327
mstar,test,0,1,0,2S1,data/MSTAR/test/2S1/2S1_test_0130.jpg,2752
mstar,test,0,1,0,2S1,data/MSTAR/test/2S1/2S1_test_0131.jpg,3673
mstar,test,0,1,0,2S1,data/MSTAR/test/2S1/2S1_test_0132.jpg,2726
mstar,test,0,1,0,2S1,data/MSTAR/test/2S1/2S1_test_0133.jpg,4453
mstar,test,0,1,0,2S1,data/MSTAR/test/2S1/2S1_test_0134.jpg,3167
mstar,test,0,1,0,2S1,data/MSTAR/test/2S1/2S1_test_0135.jpg,2866
mstar,test,0,1,0,2S1,data/MSTAR/test/2S1/2S1_test_0136.jpg,4293
mstar,test,0,1,0,2S1,data/MSTAR/test/2S1/2S1_test_0137.jpg,2658
mstar,test,0,1,0,2S1,data/MSTAR/test/2S1/2S1_test_0138.jpg,2948
mstar,test,0,1,0,2S1,data/MSTAR/test/2S1/2S1_test_0139.jpg,2314
mstar,test,0,1,0,2S1,data/MSTAR/test/2S1/2S1_test_0140.jpg,1918
mstar,test,0,1,0,2S1,data/MSTAR/test/2S1/2S1_test_0141.jpg,3627
mstar,test,0,1,0,2S1,data/MSTAR/test/2S1/2S1_test_0142.jpg,4142
mstar,test,0,1,0,2S1,data/MSTAR/test/2S1/2S1_test_0143.jpg,2715
mstar,test,0,1,0,2S1,data/MSTAR/test/2S1/2S1_test_0144.jpg,3487
mstar,test,0,1,0,2S1,data/MSTAR/test/2S1/2S1_test_0145.jpg,2552
mstar,test,0,1,0,2S1,data/MSTAR/test/2S1/2S1_test_0146.jpg,4159
mstar,test,0,1,0,2S1,data/MSTAR/test/2S1/2S1_test_0147.jpg,2743
mstar,test,0,1,0,2S1,data/MSTAR/test/2S1/2S1_test_0148.jpg,2307
mstar,test,0,1,0,2S1,data/MSTAR/test/2S1/2S1_test_0149.jpg,2453
mstar,test,0,1,0,2S1,data/MSTAR/test/2S1/2S1_test_0150.jpg,2939
mstar,test,0,1,0,2S1,data/MSTAR/test/2S1/2S1_test_0151.jpg,2006
mstar,test,0,1,0,2S1,data/MSTAR/test/2S1/2S1_test_0152.jpg,3814
mstar,test,0,1,0,2S1,data/MSTAR/test/2S1/2S1_test_0153.jpg,2914
mstar,test,0,1,0,2S1,data/MSTAR/test/2S1/2S1_test_0154.jpg,2377
mstar,test,0,1,0,2S1,data/MSTAR/test/2S1/2S1_test_0155.jpg,3221
mstar,test,0,1,0,2S1,data/MSTAR/test/2S1/2S1_test_0156.jpg,1243
mstar,test,0,1,0,2S1,data/MSTAR/test/2S1/2S1_test_0157.jpg,3354
mstar,test,0,1,0,2S1,data/MSTAR/test/2S1/2S1_test_0158.jpg,3897
mstar,test,0,1,0,2S1,data/MSTAR/test/2S1/2S1_test_0159.jpg,1687
mstar,test,0,1,0,2S1,data/MSTAR/test/2S1/2S1_test_0160.jpg,3753
mstar,test,0,1,0,2S1,data/MSTAR/test/2S1/2S1_test_0161.jpg,3238
mstar,test,0,1,0,2S1,data/MSTAR/test/2S1/2S1_test_0162.jpg,3004
mstar,test,0,1,0,2S1,data/MSTAR/test/2S1/2S1_test_0163.jpg,2958
mstar,test,0,1,0,2S1,data/MSTAR/test/2S1/2S1_test_0164.jpg,2497
mstar,test,0,1,0,2S1,data/MSTAR/test/2S1/2S1_test_0165.jpg,3790
mstar,test,0,1,0,2S1,data/MSTAR/test/2S1/2S1_test_0166.jpg,2581
mstar,test,0,1,0,2S1,data/MSTAR/test/2S1/2S1_test_0167.jpg,3819
mstar,test,0,1,0,2S1,data/MSTAR/test/2S1/2S1_test_0168.jpg,3153
mstar,test,0,1,0,2S1,data/MSTAR/test/2S1/2S1_test_0169.jpg,1564
mstar,test,0,1,0,2S1,data/MSTAR/test/2S1/2S1_test_0170.jpg,2802
mstar,test,0,1,0,2S1,data/MSTAR/test/2S1/2S1_test_0171.jpg,2301
mstar,test,0,1,0,2S1,data/MSTAR/test/2S1/2S1_test_0172.jpg,3056
mstar,test,0,1,0,2S1,data/MSTAR/test/2S1/2S1_test_0173.jpg,3919
mstar,test,0,1,0,2S1,data/MSTAR/test/2S1/2S1_test_0174.jpg,3473
mstar,test,0,1,0,2S1,data/MSTAR/test/2S1/2S1_test_0175.jpg,3198
mstar,test,0,1,0,2S1,data/MSTAR/test/2S1/2S1_test_0176.jpg,2537
mstar,test,0,1,0,2S1,data/MSTAR/test/2S1/2S1_test_0177.jpg,2630
mstar,test,0,1,0,2S1,data/MSTAR/test/2S1/2S1_test_0178.jpg,3685
mstar,test,0,1,0,2S1,data/MSTAR/test/2S1/2S1_test_0179.jpg,3621
mstar,test,0,1,0,2S1,data/MSTAR/test/2S1/2S1_test_0180.jpg,2222
mstar,test,0,1,0,2S1,data/MSTAR/test/2S1/2S1_test_0181.jpg,2110
mstar,test,0,1,0,2S1,data/MSTAR/test/2S1/2S1_test_0182.jpg,4164
mstar,test,0,1,0,2S1,data/MSTAR/test/2S1/2S1_test_0183.jpg,2711
mstar,test,0,1,0,2S1,data/MSTAR/test/2S1/2S1_test_0184.jpg,2465
mstar,test,0,1,0,2S1,data/MSTAR/test/2S1/2S1_test_0185.jpg,2953
mstar,test,0,1,0,2S1,data/MSTAR/test/2S1/2S1_test_0186.jpg,1132
mstar,test,0,1,0,2S1,data/MSTAR/test/2S1/2S1_test_0187.jpg,2050
mstar,test,0,1,0,2S1,data/MSTAR/test/2S1/2S1_test_0188.jpg,2830
mstar,test,0,1,0,2S1,data/MSTAR/test/2S1/2S1_test_0189.jpg,3330
mstar,test,0,1,0,2S1,data/MSTAR/test/2S1/2S1_test_0190.jpg,3294
mstar,test,0,1,0,2S1,data/MSTAR/test/2S1/2S1_test_0191.jpg,3250
mstar,test,0,1,0,2S1,data/MSTAR/test/2S1/2S1_test_0192.jpg,2688
mstar,test,0,1,0,2S1,data/MSTAR/test/2S1/2S1_test_0193.jpg,3648
mstar,test,0,1,0,2S1,data/MSTAR/test/2S1/2S1_test_0194.jpg,2496
mstar,test,0,1,0,2S1,data/MSTAR/test/2S1/2S1_test_0195.jpg,2701
mstar,test,0,1,0,2S1,data/MSTAR/test/2S1/2S1_test_0196.jpg,2583
mstar,test,0,1,0,2S1,data/MSTAR/test/2S1/2S1_test_0197.jpg,2818
mstar,test,0,1,0,2S1,data/MSTAR/test/2S1/2S1_test_0198.jpg,3088
mstar,test,0,1,0,2S1,data/MSTAR/test/2S1/2S1_test_0199.jpg,3594
mstar,test,0,1,0,2S1,data/MSTAR/test/2S1/2S1_test_0200.jpg,2688
mstar,test,0,1,0,2S1,data/MSTAR/test/2S1/2S1_test_0201.jpg,3306
mstar,test,0,1,0,2S1,data/MSTAR/test/2S1/2S1_test_0202.jpg,4024
mstar,test,0,1,0,2S1,data/MSTAR/test/2S1/2S1_test_0203.jpg,2696
mstar,test,0,1,0,2S1,data/MSTAR/test/2S1/2S1_test_0204.jpg,2709
mstar,test,0,1,0,2S1,data/MSTAR/test/2S1/2S1_test_0205.jpg,2536
mstar,test,0,1,0,2S1,data/MSTAR/test/2S1/2S1_test_0206.jpg,3267
mstar,test,0,1,0,2S1,data/MSTAR/test/2S1/2S1_test_0207.jpg,2704
mstar,test,0,1,0,2S1,data/MSTAR/test/2S1/2S1_test_0208.jpg,3668
mstar,test,0,1,0,2S1,data/MSTAR/test/2S1/2S1_test_0209.jpg,2705
mstar,test,0,1,0,2S1,data/MSTAR/test/2S1/2S1_test_0210.jpg,3484
mstar,test,0,1,0,2S1,data/MSTAR/test/2S1/2S1_test_0211.jpg,3262
mstar,test,0,1,0,2S1,data/MSTAR/test/2S1/2S1_test_0212.jpg,3575
mstar,test,0,1,0,2S1,data/MSTAR/test/2S1/2S1_test_0213.jpg,3426
mstar,test,0,1,0,2S1,data/MSTAR/test/2S1/2S1_test_0214.jpg,3654
mstar,test,0,1,0,2S1,data/MSTAR/test/2S1/2S1_test_0215.jpg,3459
mstar,test,0,1,0,2S1,data/MSTAR/test/2S1/2S1_test_0216.jpg,4123
mstar,test,0,1,0,2S1,data/MSTAR/test/2S1/2S1_test_0217.jpg,2356
mstar,test,0,1,0,2S1,data/MSTAR/test/2S1/2S1_test_0218.jpg,2891
mstar,test,0,1,0,2S1,data/MSTAR/test/2S1/2S1_test_0219.jpg,1808
mstar,test,0,1,0,2S1,data/MSTAR/test/2S1/2S1_test_0220.jpg,2818
mstar,test,0,1,0,2S1,data/MSTAR/test/2S1/2S1_test_0221.jpg,2486
mstar,test,0,1,0,2S1,data/MSTAR/test/2S1/2S1_test_0222.jpg,4276
mstar,test,0,1,0,2S1,data/MSTAR/test/2S1/2S1_test_0223.jpg,3641
mstar,test,0,1,0,2S1,data/MSTAR/test/2S1/2S1_test_0224.jpg,3851
mstar,test,0,1,0,2S1,data/MSTAR/test/2S1/2S1_test_0225.jpg,4419
mstar,test,0,1,0,2S1,data/MSTAR/test/2S1/2S1_test_0226.jpg,4004
mstar,test,0,1,0,2S1,data/MSTAR/test/2S1/2S1_test_0227.jpg,3442
mstar,test,0,1,0,2S1,data/MSTAR/test/2S1/2S1_test_0228.jpg,2263
mstar,test,0,1,0,2S1,data/MSTAR/test/2S1/2S1_test_0229.jpg,3781
mstar,test,0,1,0,2S1,data/MSTAR/test/2S1/2S1_test_0230.jpg,3443
mstar,test,0,1,0,2S1,data/MSTAR/test/2S1/2S1_test_0231.jpg,2676
mstar,test,0,1,0,2S1,data/MSTAR/test/2S1/2S1_test_0232.jpg,3691
mstar,test,0,1,0,2S1,data/MSTAR/test/2S1/2S1_test_0233.jpg,2750
mstar,test,0,1,0,2S1,data/MSTAR/test/2S1/2S1_test_0234.jpg,3289
mstar,test,0,1,0,2S1,data/MSTAR/test/2S1/2S1_test_0235.jpg,3169
mstar,test,0,1,0,2S1,data/MSTAR/test/2S1/2S1_test_0236.jpg,1240
mstar,test,0,1,0,2S1,data/MSTAR/test/2S1/2S1_test_0237.jpg,2226
mstar,test,0,1,0,2S1,data/MSTAR/test/2S1/2S1_test_0238.jpg,3058
mstar,test,0,1,0,2S1,data/MSTAR/test/2S1/2S1_test_0239.jpg,3535
mstar,test,0,1,0,2S1,data/MSTAR/test/2S1/2S1_test_0240.jpg,3055
mstar,test,0,1,0,2S1,data/MSTAR/test/2S1/2S1_test_0241.jpg,2981
mstar,test,0,1,0,2S1,data/MSTAR/test/2S1/2S1_test_0242.jpg,3292
mstar,test,0,1,0,2S1,data/MSTAR/test/2S1/2S1_test_0243.jpg,4484
mstar,test,0,1,0,2S1,data/MSTAR/test/2S1/2S1_test_0244.jpg,2700
mstar,test,0,1,0,2S1,data/MSTAR/test/2S1/2S1_test_0245.jpg,4024
mstar,test,0,1,0,2S1,data/MSTAR/test/2S1/2S1_test_0246.jpg,3459
mstar,test,0,1,0,2S1,data/MSTAR/test/2S1/2S1_test_0247.jpg,3064
mstar,test,0,1,0,2S1,data/MSTAR/test/2S1/2S1_test_0248.jpg,3598
mstar,test,0,1,0,2S1,data/MSTAR/test/2S1/2S1_test_0249.jpg,2385
mstar,test,0,1,0,2S1,data/MSTAR/test/2S1/2S1_test_0250.jpg,2662
mstar,test,0,1,0,2S1,data/MSTAR/test/2S1/2S1_test_0251.jpg,2462
mstar,test,0,1,0,2S1,data/MSTAR/test/2S1/2S1_test_0252.jpg,2729
mstar,test,0,1,0,2S1,data/MSTAR/test/2S1/2S1_test_0253.jpg,2900
mstar,test,0,1,0,2S1,data/MSTAR/test/2S1/2S1_test_0254.jpg,3571
mstar,test,0,1,0,2S1,data/MSTAR/test/2S1/2S1_test_0255.jpg,2956
mstar,test,0,1,0,2S1,data/MSTAR/test/2S1/2S1_test_0256.jpg,1996
mstar,test,0,1,0,2S1,data/MSTAR/test/2S1/2S1_test_0257.jpg,2724
mstar,test,0,1,0,2S1,data/MSTAR/test/2S1/2S1_test_0258.jpg,2228
mstar,test,0,1,0,2S1,data/MSTAR/test/2S1/2S1_test_0259.jpg,2763
mstar,test,0,1,0,2S1,data/MSTAR/test/2S1/2S1_test_0260.jpg,3007
mstar,test,0,1,0,2S1,data/MSTAR/test/2S1/2S1_test_0261.jpg,4543
mstar,test,0,1,0,2S1,data/MSTAR/test/2S1/2S1_test_0262.jpg,3015
mstar,test,0,1,0,2S1,data/MSTAR/test/2S1/2S1_test_0263.jpg,2294
mstar,test,0,1,0,2S1,data/MSTAR/test/2S1/2S1_test_0264.jpg,2451
mstar,test,0,1,0,2S1,data/MSTAR/test/2S1/2S1_test_0265.jpg,4542
mstar,test,0,1,0,2S1,data/MSTAR/test/2S1/2S1_test_0266.jpg,4402
mstar,test,0,1,0,2S1,data/MSTAR/test/2S1/2S1_test_0267.jpg,2247
mstar,test,0,1,0,2S1,data/MSTAR/test/2S1/2S1_test_0268.jpg,2899
mstar,test,0,1,0,2S1,data/MSTAR/test/2S1/2S1_test_0269.jpg,3195
mstar,test,0,1,0,2S1,data/MSTAR/test/2S1/2S1_test_0270.jpg,3285
mstar,test,0,1,0,2S1,data/MSTAR/test/2S1/2S1_test_0271.jpg,2551
mstar,test,0,1,0,2S1,data/MSTAR/test/2S1/2S1_test_0272.jpg,2662
mstar,test,0,1,0,2S1,data/MSTAR/test/2S1/2S1_test_0273.jpg,2933
mstar,train,2,2,0,BRDM2,data/MSTAR/train/BRDM2/BRDM2_train_0000.jpg,1536
mstar,train,2,2,0,BRDM2,data/MSTAR/train/BRDM2/BRDM2_train_0001.jpg,4613
mstar,train,2,2,0,BRDM2,data/MSTAR/train/BRDM2/BRDM2_train_0002.jpg,2635
mstar,train,2,2,0,BRDM2,data/MSTAR/train/BRDM2/BRDM2_train_0003.jpg,4482
mstar,train,2,2,0,BRDM2,data/MSTAR/train/BRDM2/BRDM2_train_0004.jpg,1885
mstar,train,2,2,0,BRDM2,data/MSTAR/train/BRDM2/BRDM2_train_0005.jpg,4195
mstar,train,2,2,0,BRDM2,data/MSTAR/train/BRDM2/BRDM2_train_0006.jpg,2694
mstar,train,2,2,0,BRDM2,data/MSTAR/train/BRDM2/BRDM2_train_0007.jpg,2228
mstar,train,2,2,0,BRDM2,data/MSTAR/train/BRDM2/BRDM2_train_0008.jpg,1166
mstar,train,2,2,0,BRDM2,data/MSTAR/train/BRDM2/BRDM2_train_0009.jpg,2930
mstar,train,2,2,0,BRDM2,data/MSTAR/train/BRDM2/BRDM2_train_0010.jpg,2363
mstar,train,2,2,0,BRDM2,data/MSTAR/train/BRDM2/BRDM2_train_0011.jpg,2467
mstar,train,2,2,0,BRDM2,data/MSTAR/train/BRDM2/BRDM2_train_0012.jpg,5154
mstar,train,2,2,0,BRDM2,data/MSTAR/train/BRDM2/BRDM2_train_0013.jpg,4386
mstar,train,2,2,0,BRDM2,data/MSTAR/train/BRDM2/BRDM2_train_0014.jpg,5022
mstar,train,2,2,0,BRDM2,data/MSTAR/train/BRDM2/BRDM2_train_0015.jpg,2467
mstar,train,2,2,0,BRDM2,data/MSTAR/train/BRDM2/BRDM2_train_0016.jpg,2096
mstar,train,2,2,0,BRDM2,data/MSTAR/train/BRDM2/BRDM2_train_0017.jpg,1176
mstar,train,2,2,0,BRDM2,data/MSTAR/train/BRDM2/BRDM2_train_0018.jpg,3659
mstar,train,2,2,0,BRDM2,data/MSTAR/train/BRDM2/BRDM2_train_0019.jpg,2327
mstar,train,2,2,0,BRDM2,data/MSTAR/train/BRDM2/BRDM2_train_0020.jpg,2140
mstar,train,2,2,0,BRDM2,data/MSTAR/train/BRDM2/BRDM2_train_0021.jpg,2393
mstar,train,2,2,0,BRDM2,data/MSTAR/train/BRDM2/BRDM2_train_0022.jpg,2414
mstar,train,2,2,0,BRDM2,data/MSTAR/train/BRDM2/BRDM2_train_0023.jpg,2398
mstar,train,2,2,0,BRDM2,data/MSTAR/train/BRDM2/BRDM2_train_0024.jpg,2829
mstar,train,2,2,0,BRDM2,data/MSTAR/train/BRDM2/BRDM2_train_0025.jpg,2409
mstar,train,2,2,0,BRDM2,data/MSTAR/train/BRDM2/BRDM2_train_0026.jpg,3948
mstar,train,2,2,0,BRDM2,data/MSTAR/train/BRDM2/BRDM2_train_0027.jpg,1787
mstar,train,2,2,0,BRDM2,data/MSTAR/train/BRDM2/BRDM2_train_0028.jpg,2326
mstar,train,2,2,0,BRDM2,data/MSTAR/train/BRDM2/BRDM2_train_0029.jpg,4546
mstar,train,2,2,0,BRDM2,data/MSTAR/train/BRDM2/BRDM2_train_0030.jpg,2538
mstar,train,2,2,0,BRDM2,data/MSTAR/train/BRDM2/BRDM2_train_0031.jpg,2107
mstar,train,2,2,0,BRDM2,data/MSTAR/train/BRDM2/BRDM2_train_0032.jpg,3628
mstar,train,2,2,0,BRDM2,data/MSTAR/train/BRDM2/BRDM2_train_0033.jpg,5553
mstar,train,2,2,0,BRDM2,data/MSTAR/train/BRDM2/BRDM2_train_0034.jpg,3308
mstar,train,2,2,0,BRDM2,data/MSTAR/train/BRDM2/BRDM2_train_0035.jpg,1956
mstar,train,2,2,0,BRDM2,data/MSTAR/train/BRDM2/BRDM2_train_0036.jpg,2208
mstar,train,2,2,0,BRDM2,data/MSTAR/train/BRDM2/BRDM2_train_0037.jpg,3001
mstar,train,2,2,0,BRDM2,data/MSTAR/train/BRDM2/BRDM2_train_0038.jpg,1936
mstar,train,2,2,0,BRDM2,data/MSTAR/train/BRDM2/BRDM2_train_0039.jpg,3431
mstar,train,2,2,0,BRDM2,data/MSTAR/train/BRDM2/BRDM2_train_0040.jpg,1985
mstar,train,2,2,0,BRDM2,data/MSTAR/train/BRDM2/BRDM2_train_0041.jpg,2875
mstar,train,2,2,0,BRDM2,data/MSTAR/train/BRDM2/BRDM2_train_0042.jpg,1937
mstar,train,2,2,0,BRDM2,data/MSTAR/train/BRDM2/BRDM2_train_0043.jpg,2451
mstar,train,2,2,0,BRDM2,data/MSTAR/train/BRDM2/BRDM2_train_0044.jpg,4248
mstar,train,2,2,0,BRDM2,data/MSTAR/train/BRDM2/BRDM2_train_0045.jpg,3124
mstar,train,2,2,0,BRDM2,data/MSTAR/train/BRDM2/BRDM2_train_0046.jpg,2157
mstar,train,2,2,0,BRDM2,data/MSTAR/train/BRDM2/BRDM2_train_0047.jpg,2211
mstar,train,2,2,0,BRDM2,data/MSTAR/train/BRDM2/BRDM2_train_0048.jpg,2160
mstar,train,2,2,0,BRDM2,data/MSTAR/train/BRDM2/BRDM2_train_0049.jpg,3923
mstar,train,2,2,0,BRDM2,data/MSTAR/train/BRDM2/BRDM2_train_0050.jpg,2468
mstar,train,2,2,0,BRDM2,data/MSTAR/train/BRDM2/BRDM2_train_0051.jpg,2070
mstar,train,2,2,0,BRDM2,data/MSTAR/train/BRDM2/BRDM2_train_0052.jpg,1095
mstar,train,2,2,0,BRDM2,data/MSTAR/train/BRDM2/BRDM2_train_0053.jpg,2374
mstar,train,2,2,0,BRDM2,data/MSTAR/train/BRDM2/BRDM2_train_0054.jpg,2642
mstar,train,2,2,0,BRDM2,data/MSTAR/train/BRDM2/BRDM2_train_0055.jpg,2564
mstar,train,2,2,0,BRDM2,data/MSTAR/train/BRDM2/BRDM2_train_0056.jpg,1553
mstar,train,2,2,0,BRDM2,data/MSTAR/train/BRDM2/BRDM2_train_0057.jpg,1473
mstar,train,2,2,0,BRDM2,data/MSTAR/train/BRDM2/BRDM2_train_0058.jpg,3837
mstar,train,2,2,0,BRDM2,data/MSTAR/train/BRDM2/BRDM2_train_0059.jpg,2208
mstar,train,2,2,0,BRDM2,data/MSTAR/train/BRDM2/BRDM2_train_0060.jpg,3271
mstar,train,2,2,0,BRDM2,data/MSTAR/train/BRDM2/BRDM2_train_0061.jpg,1830
mstar,train,2,2,0,BRDM2,data/MSTAR/train/BRDM2/BRDM2_train_0062.jpg,2140
mstar,train,2,2,0,BRDM2,data/MSTAR/train/BRDM2/BRDM2_train_0063.jpg,2000
mstar,train,2,2,0,BRDM2,data/MSTAR/train/BRDM2/BRDM2_train_0064.jpg,1965
mstar,train,2,2,0,BRDM2,data/MSTAR/train/BRDM2/BRDM2_train_0065.jpg,1904
mstar,train,2,2,0,BRDM2,data/MSTAR/train/BRDM2/BRDM2_train_0066.jpg,2761
mstar,train,2,2,0,BRDM2,data/MSTAR/train/BRDM2/BRDM2_train_0067.jpg,1754
mstar,train,2,2,0,BRDM2,data/MSTAR/train/BRDM2/BRDM2_train_0068.jpg,3673
mstar,train,2,2,0,BRDM2,data/MSTAR/train/BRDM2/BRDM2_train_0069.jpg,4209
mstar,train,2,2,0,BRDM2,data/MSTAR/train/BRDM2/BRDM2_train_0070.jpg,2574
mstar,train,2,2,0,BRDM2,data/MSTAR/train/BRDM2/BRDM2_train_0071.jpg,3067
mstar,train,2,2,0,BRDM2,data/MSTAR/train/BRDM2/BRDM2_train_0072.jpg,4184
mstar,train,2,2,0,BRDM2,data/MSTAR/train/BRDM2/BRDM2_train_0073.jpg,2399
mstar,train,2,2,0,BRDM2,data/MSTAR/train/BRDM2/BRDM2_train_0074.jpg,4435
mstar,train,2,2,0,BRDM2,data/MSTAR/train/BRDM2/BRDM2_train_0075.jpg,2476
mstar,train,2,2,0,BRDM2,data/MSTAR/train/BRDM2/BRDM2_train_0076.jpg,2394
mstar,train,2,2,0,BRDM2,data/MSTAR/train/BRDM2/BRDM2_train_0077.jpg,2214
mstar,train,2,2,0,BRDM2,data/MSTAR/train/BRDM2/BRDM2_train_0078.jpg,2841
mstar,train,2,2,0,BRDM2,data/MSTAR/train/BRDM2/BRDM2_train_0079.jpg,2154
mstar,train,2,2,0,BRDM2,data/MSTAR/train/BRDM2/BRDM2_train_0080.jpg,4023
mstar,train,2,2,0,BRDM2,data/MSTAR/train/BRDM2/BRDM2_train_0081.jpg,2179
mstar,train,2,2,0,BRDM2,data/MSTAR/train/BRDM2/BRDM2_train_0082.jpg,2518
mstar,train,2,2,0,BRDM2,data/MSTAR/train/BRDM2/BRDM2_train_0083.jpg,3409
mstar,train,2,2,0,BRDM2,data/MSTAR/train/BRDM2/BRDM2_train_0084.jpg,2074
mstar,train,2,2,0,BRDM2,data/MSTAR/train/BRDM2/BRDM2_train_0085.jpg,2182
mstar,train,2,2,0,BRDM2,data/MSTAR/train/BRDM2/BRDM2_train_0086.jpg,2536
mstar,train,2,2,0,BRDM2,data/MSTAR/train/BRDM2/BRDM2_train_0087.jpg,3204
mstar,train,2,2,0,BRDM2,data/MSTAR/train/BRDM2/BRDM2_train_0088.jpg,2288
mstar,train,2,2,0,BRDM2,data/MSTAR/train/BRDM2/BRDM2_train_0089.jpg,1161
mstar,train,2,2,0,BRDM2,data/MSTAR/train/BRDM2/BRDM2_train_0090.jpg,4462
mstar,train,2,2,0,BRDM2,data/MSTAR/train/BRDM2/BRDM2_train_0091.jpg,1391
mstar,train,2,2,0,BRDM2,data/MSTAR/train/BRDM2/BRDM2_train_0092.jpg,2068
mstar,train,2,2,0,BRDM2,data/MSTAR/train/BRDM2/BRDM2_train_0093.jpg,1582
mstar,train,2,2,0,BRDM2,data/MSTAR/train/BRDM2/BRDM2_train_0094.jpg,3175
mstar,train,2,2,0,BRDM2,data/MSTAR/train/BRDM2/BRDM2_train_0095.jpg,1553
mstar,train,2,2,0,BRDM2,data/MSTAR/train/BRDM2/BRDM2_train_0096.jpg,5077
mstar,train,2,2,0,BRDM2,data/MSTAR/train/BRDM2/BRDM2_train_0097.jpg,3026
mstar,train,2,2,0,BRDM2,data/MSTAR/train/BRDM2/BRDM2_train_0098.jpg,4570
mstar,train,2,2,0,BRDM2,data/MSTAR/train/BRDM2/BRDM2_train_0099.jpg,4110
mstar,train,2,2,0,BRDM2,data/MSTAR/train/BRDM2/BRDM2_train_0100.jpg,2434
mstar,train,2,2,0,BRDM2,data/MSTAR/train/BRDM2/BRDM2_train_0101.jpg,2283
mstar,train,2,2,0,BRDM2,data/MSTAR/train/BRDM2/BRDM2_train_0102.jpg,4440
mstar,train,2,2,0,BRDM2,data/MSTAR/train/BRDM2/BRDM2_train_0103.jpg,1942
mstar,train,2,2,0,BRDM2,data/MSTAR/train/BRDM2/BRDM2_train_0104.jpg,1730
mstar,train,2,2,0,BRDM2,data/MSTAR/train/BRDM2/BRDM2_train_0105.jpg,2068
mstar,train,2,2,0,BRDM2,data/MSTAR/train/BRDM2/BRDM2_train_0106.jpg,2032
mstar,train,2,2,0,BRDM2,data/MSTAR/train/BRDM2/BRDM2_train_0107.jpg,4540
mstar,train,2,2,0,BRDM2,data/MSTAR/train/BRDM2/BRDM2_train_0108.jpg,2502
mstar,train,2,2,0,BRDM2,data/MSTAR/train/BRDM2/BRDM2_train_0109.jpg,3943
mstar,train,2,2,0,BRDM2,data/MSTAR/train/BRDM2/BRDM2_train_0110.jpg,2608
mstar,train,2,2,0,BRDM2,data/MSTAR/train/BRDM2/BRDM2_train_0111.jpg,1540
mstar,train,2,2,0,BRDM2,data/MSTAR/train/BRDM2/BRDM2_train_0112.jpg,2448
mstar,train,2,2,0,BRDM2,data/MSTAR/train/BRDM2/BRDM2_train_0113.jpg,2700
mstar,train,2,2,0,BRDM2,data/MSTAR/train/BRDM2/BRDM2_train_0114.jpg,2328
mstar,train,2,2,0,BRDM2,data/MSTAR/train/BRDM2/BRDM2_train_0115.jpg,2079
mstar,train,2,2,0,BRDM2,data/MSTAR/train/BRDM2/BRDM2_train_0116.jpg,1574
mstar,train,2,2,0,BRDM2,data/MSTAR/train/BRDM2/BRDM2_train_0117.jpg,3455
mstar,train,2,2,0,BRDM2,data/MSTAR/train/BRDM2/BRDM2_train_0118.jpg,2022
mstar,train,2,2,0,BRDM2,data/MSTAR/train/BRDM2/BRDM2_train_0119.jpg,1508
mstar,train,2,2,0,BRDM2,data/MSTAR/train/BRDM2/BRDM2_train_0120.jpg,2751
mstar,train,2,2,0,BRDM2,data/MSTAR/train/BRDM2/BRDM2_train_0121.jpg,4357
mstar,train,2,2,0,BRDM2,data/MSTAR/train/BRDM2/BRDM2_train_0122.jpg,3456
mstar,train,2,2,0,BRDM2,data/MSTAR/train/BRDM2/BRDM2_train_0123.jpg,1988
mstar,train,2,2,0,BRDM2,data/MSTAR/train/BRDM2/BRDM2_train_0124.jpg,1553
mstar,train,2,2,0,BRDM2,data/MSTAR/train/BRDM2/BRDM2_train_0125.jpg,2591
mstar,train,2,2,0,BRDM2,data/MSTAR/train/BRDM2/BRDM2_train_0126.jpg,4606
mstar,train,2,2,0,BRDM2,data/MSTAR/train/BRDM2/BRDM2_train_0127.jpg,2820
mstar,train,2,2,0,BRDM2,data/MSTAR/train/BRDM2/BRDM2_train_0128.jpg,2557
mstar,train,2,2,0,BRDM2,data/MSTAR/train/BRDM2/BRDM2_train_0129.jpg,2853
mstar,train,2,2,0,BRDM2,data/MSTAR/train/BRDM2/BRDM2_train_0130.jpg,1982
mstar,train,2,2,0,BRDM2,data/MSTAR/train/BRDM2/BRDM2_train_0131.jpg,3045
mstar,train,2,2,0,BRDM2,data/MSTAR/train/BRDM2/BRDM2_train_0132.jpg,4184
mstar,train,2,2,0,BRDM2,data/MSTAR/train/BRDM2/BRDM2_train_0133.jpg,2515
mstar,train,2,2,0,BRDM2,data/MSTAR/train/BRDM2/BRDM2_train_0134.jpg,2292
mstar,train,2,2,0,BRDM2,data/MSTAR/train/BRDM2/BRDM2_train_0135.jpg,2646
mstar,train,2,2,0,BRDM2,data/MSTAR/train/BRDM2/BRDM2_train_0136.jpg,2290
mstar,train,2,2,0,BRDM2,data/MSTAR/train/BRDM2/BRDM2_train_0137.jpg,2799
mstar,train,2,2,0,BRDM2,data/MSTAR/train/BRDM2/BRDM2_train_0138.jpg,3397
mstar,train,2,2,0,BRDM2,data/MSTAR/train/BRDM2/BRDM2_train_0139.jpg,2326
mstar,train,2,2,0,BRDM2,data/MSTAR/train/BRDM2/BRDM2_train_0140.jpg,2135
mstar,train,2,2,0,BRDM2,data/MSTAR/train/BRDM2/BRDM2_train_0141.jpg,2914
mstar,train,2,2,0,BRDM2,data/MSTAR/train/BRDM2/BRDM2_train_0142.jpg,2795
mstar,train,2,2,0,BRDM2,data/MSTAR/train/BRDM2/BRDM2_train_0143.jpg,2989
mstar,train,2,2,0,BRDM2,data/MSTAR/train/BRDM2/BRDM2_train_0144.jpg,2517
mstar,train,2,2,0,BRDM2,data/MSTAR/train/BRDM2/BRDM2_train_0145.jpg,2795
mstar,train,2,2,0,BRDM2,data/MSTAR/train/BRDM2/BRDM2_train_0146.jpg,3604
mstar,train,2,2,0,BRDM2,data/MSTAR/train/BRDM2/BRDM2_train_0147.jpg,2500
mstar,train,2,2,0,BRDM2,data/MSTAR/train/BRDM2/BRDM2_train_0148.jpg,2720
mstar,train,2,2,0,BRDM2,data/MSTAR/train/BRDM2/BRDM2_train_0149.jpg,3026
mstar,train,2,2,0,BRDM2,data/MSTAR/train/BRDM2/BRDM2_train_0150.jpg,3724
mstar,train,2,2,0,BRDM2,data/MSTAR/train/BRDM2/BRDM2_train_0151.jpg,3153
mstar,train,2,2,0,BRDM2,data/MSTAR/train/BRDM2/BRDM2_train_0152.jpg,2702
mstar,train,2,2,0,BRDM2,data/MSTAR/train/BRDM2/BRDM2_train_0153.jpg,2010
mstar,train,2,2,0,BRDM2,data/MSTAR/train/BRDM2/BRDM2_train_0154.jpg,1818
mstar,train,2,2,0,BRDM2,data/MSTAR/train/BRDM2/BRDM2_train_0155.jpg,2685
mstar,train,2,2,0,BRDM2,data/MSTAR/train/BRDM2/BRDM2_train_0156.jpg,1411
mstar,train,2,2,0,BRDM2,data/MSTAR/train/BRDM2/BRDM2_train_0157.jpg,2308
mstar,train,2,2,0,BRDM2,data/MSTAR/train/BRDM2/BRDM2_train_0158.jpg,2143
mstar,train,2,2,0,BRDM2,data/MSTAR/train/BRDM2/BRDM2_train_0159.jpg,1844
mstar,train,2,2,0,BRDM2,data/MSTAR/train/BRDM2/BRDM2_train_0160.jpg,3621
mstar,train,2,2,0,BRDM2,data/MSTAR/train/BRDM2/BRDM2_train_0161.jpg,1714
mstar,train,2,2,0,BRDM2,data/MSTAR/train/BRDM2/BRDM2_train_0162.jpg,1746
mstar,train,2,2,0,BRDM2,data/MSTAR/train/BRDM2/BRDM2_train_0163.jpg,2201
mstar,train,2,2,0,BRDM2,data/MSTAR/train/BRDM2/BRDM2_train_0164.jpg,4033
mstar,train,2,2,0,BRDM2,data/MSTAR/train/BRDM2/BRDM2_train_0165.jpg,4038
mstar,train,2,2,0,BRDM2,data/MSTAR/train/BRDM2/BRDM2_train_0166.jpg,4425
mstar,train,2,2,0,BRDM2,data/MSTAR/train/BRDM2/BRDM2_train_0167.jpg,2441
mstar,train,2,2,0,BRDM2,data/MSTAR/train/BRDM2/BRDM2_train_0168.jpg,2967
mstar,train,2,2,0,BRDM2,data/MSTAR/train/BRDM2/BRDM2_train_0169.jpg,2712
mstar,train,2,2,0,BRDM2,data/MSTAR/train/BRDM2/BRDM2_train_0170.jpg,1917
mstar,train,2,2,0,BRDM2,data/MSTAR/train/BRDM2/BRDM2_train_0171.jpg,2752
mstar,train,2,2,0,BRDM2,data/MSTAR/train/BRDM2/BRDM2_train_0172.jpg,2603
mstar,train,2,2,0,BRDM2,data/MSTAR/train/BRDM2/BRDM2_train_0173.jpg,3967
mstar,train,2,2,0,BRDM2,data/MSTAR/train/BRDM2/BRDM2_train_0174.jpg,1566
mstar,train,2,2,0,BRDM2,data/MSTAR/train/BRDM2/BRDM2_train_0175.jpg,2376
mstar,train,2,2,0,BRDM2,data/MSTAR/train/BRDM2/BRDM2_train_0176.jpg,2902
mstar,train,2,2,0,BRDM2,data/MSTAR/train/BRDM2/BRDM2_train_0177.jpg,3222
mstar,train,2,2,0,BRDM2,data/MSTAR/train/BRDM2/BRDM2_train_0178.jpg,2549
mstar,train,2,2,0,BRDM2,data/MSTAR/train/BRDM2/BRDM2_train_0179.jpg,4218
mstar,train,2,2,0,BRDM2,data/MSTAR/train/BRDM2/BRDM2_train_0180.jpg,2178
mstar,train,2,2,0,BRDM2,data/MSTAR/train/BRDM2/BRDM2_train_0181.jpg,3926
mstar,train,2,2,0,BRDM2,data/MSTAR/train/BRDM2/BRDM2_train_0182.jpg,4622
mstar,train,2,2,0,BRDM2,data/MSTAR/train/BRDM2/BRDM2_train_0183.jpg,3095
mstar,train,2,2,0,BRDM2,data/MSTAR/train/BRDM2/BRDM2_train_0184.jpg,2300
mstar,train,2,2,0,BRDM2,data/MSTAR/train/BRDM2/BRDM2_train_0185.jpg,1591
mstar,train,2,2,0,BRDM2,data/MSTAR/train/BRDM2/BRDM2_train_0186.jpg,4698
mstar,train,2,2,0,BRDM2,data/MSTAR/train/BRDM2/BRDM2_train_0187.jpg,2843
mstar,train,2,2,0,BRDM2,data/MSTAR/train/BRDM2/BRDM2_train_0188.jpg,767
mstar,train,2,2,0,BRDM2,data/MSTAR/train/BRDM2/BRDM2_train_0189.jpg,3041
mstar,train,2,2,0,BRDM2,data/MSTAR/train/BRDM2/BRDM2_train_0190.jpg,4844
mstar,train,2,2,0,BRDM2,data/MSTAR/train/BRDM2/BRDM2_train_0191.jpg,2549
mstar,train,2,2,0,BRDM2,data/MSTAR/train/BRDM2/BRDM2_train_0192.jpg,2921
mstar,train,2,2,0,BRDM2,data/MSTAR/train/BRDM2/BRDM2_train_0193.jpg,4859
mstar,train,2,2,0,BRDM2,data/MSTAR/train/BRDM2/BRDM2_train_0194.jpg,1095
mstar,train,2,2,0,BRDM2,data/MSTAR/train/BRDM2/BRDM2_train_0195.jpg,1961
mstar,train,2,2,0,BRDM2,data/MSTAR/train/BRDM2/BRDM2_train_0196.jpg,2377
mstar,train,2,2,0,BRDM2,data/MSTAR/train/BRDM2/BRDM2_train_0197.jpg,2457
mstar,train,2,2,0,BRDM2,data/MSTAR/train/BRDM2/BRDM2_train_0198.jpg,1956
mstar,train,2,2,0,BRDM2,data/MSTAR/train/BRDM2/BRDM2_train_0199.jpg,4455
mstar,train,2,2,0,BRDM2,data/MSTAR/train/BRDM2/BRDM2_train_0200.jpg,1847
mstar,train,2,2,0,BRDM2,data/MSTAR/train/BRDM2/BRDM2_train_0201.jpg,3966
mstar,train,2,2,0,BRDM2,data/MSTAR/train/BRDM2/BRDM2_train_0202.jpg,4517
mstar,train,2,2,0,BRDM2,data/MSTAR/train/BRDM2/BRDM2_train_0203.jpg,2918
mstar,train,2,2,0,BRDM2,data/MSTAR/train/BRDM2/BRDM2_train_0204.jpg,4163
mstar,train,2,2,0,BRDM2,data/MSTAR/train/BRDM2/BRDM2_train_0205.jpg,2711
mstar,train,2,2,0,BRDM2,data/MSTAR/train/BRDM2/BRDM2_train_0206.jpg,2120
mstar,train,2,2,0,BRDM2,data/MSTAR/train/BRDM2/BRDM2_train_0207.jpg,1297
mstar,train,2,2,0,BRDM2,data/MSTAR/train/BRDM2/BRDM2_train_0208.jpg,1345
mstar,train,2,2,0,BRDM2,data/MSTAR/train/BRDM2/BRDM2_train_0209.jpg,4320
mstar,train,2,2,0,BRDM2,data/MSTAR/train/BRDM2/BRDM2_train_0210.jpg,3130
mstar,train,2,2,0,BRDM2,data/MSTAR/train/BRDM2/BRDM2_train_0211.jpg,1845
mstar,train,2,2,0,BRDM2,data/MSTAR/train/BRDM2/BRDM2_train_0212.jpg,2202
mstar,train,2,2,0,BRDM2,data/MSTAR/train/BRDM2/BRDM2_train_0213.jpg,2163
mstar,train,2,2,0,BRDM2,data/MSTAR/train/BRDM2/BRDM2_train_0214.jpg,2404
mstar,train,2,2,0,BRDM2,data/MSTAR/train/BRDM2/BRDM2_train_0215.jpg,2864
mstar,train,2,2,0,BRDM2,data/MSTAR/train/BRDM2/BRDM2_train_0216.jpg,3209
mstar,train,2,2,0,BRDM2,data/MSTAR/train/BRDM2/BRDM2_train_0217.jpg,1949
mstar,train,2,2,0,BRDM2,data/MSTAR/train/BRDM2/BRDM2_train_0218.jpg,3543
mstar,train,2,2,0,BRDM2,data/MSTAR/train/BRDM2/BRDM2_train_0219.jpg,2017
mstar,train,2,2,0,BRDM2,data/MSTAR/train/BRDM2/BRDM2_train_0220.jpg,2779
mstar,train,2,2,0,BRDM2,data/MSTAR/train/BRDM2/BRDM2_train_0221.jpg,1955
mstar,train,2,2,0,BRDM2,data/MSTAR/train/BRDM2/BRDM2_train_0222.jpg,3078
mstar,train,2,2,0,BRDM2,data/MSTAR/train/BRDM2/BRDM2_train_0223.jpg,1005
mstar,train,2,2,0,BRDM2,data/MSTAR/train/BRDM2/BRDM2_train_0224.jpg,3997
mstar,train,2,2,0,BRDM2,data/MSTAR/train/BRDM2/BRDM2_train_0225.jpg,4017
mstar,train,2,2,0,BRDM2,data/MSTAR/train/BRDM2/BRDM2_train_0226.jpg,2646
mstar,train,2,2,0,BRDM2,data/MSTAR/train/BRDM2/BRDM2_train_0227.jpg,2602
mstar,train,2,2,0,BRDM2,data/MSTAR/train/BRDM2/BRDM2_train_0228.jpg,4887
mstar,train,2,2,0,BRDM2,data/MSTAR/train/BRDM2/BRDM2_train_0229.jpg,2274
mstar,train,2,2,0,BRDM2,data/MSTAR/train/BRDM2/BRDM2_train_0230.jpg,3920
mstar,train,2,2,0,BRDM2,data/MSTAR/train/BRDM2/BRDM2_train_0231.jpg,2561
mstar,train,2,2,0,BRDM2,data/MSTAR/train/BRDM2/BRDM2_train_0232.jpg,2663
mstar,train,2,2,0,BRDM2,data/MSTAR/train/BRDM2/BRDM2_train_0233.jpg,3268
mstar,train,2,2,0,BRDM2,data/MSTAR/train/BRDM2/BRDM2_train_0234.jpg,3470
mstar,train,2,2,0,BRDM2,data/MSTAR/train/BRDM2/BRDM2_train_0235.jpg,2234
mstar,train,2,2,0,BRDM2,data/MSTAR/train/BRDM2/BRDM2_train_0236.jpg,2105
mstar,train,2,2,0,BRDM2,data/MSTAR/train/BRDM2/BRDM2_train_0237.jpg,4216
mstar,train,2,2,0,BRDM2,data/MSTAR/train/BRDM2/BRDM2_train_0238.jpg,1733
mstar,train,2,2,0,BRDM2,data/MSTAR/train/BRDM2/BRDM2_train_0239.jpg,1522
mstar,train,2,2,0,BRDM2,data/MSTAR/train/BRDM2/BRDM2_train_0240.jpg,4792
mstar,train,2,2,0,BRDM2,data/MSTAR/train/BRDM2/BRDM2_train_0241.jpg,3660
mstar,train,2,2,0,BRDM2,data/MSTAR/train/BRDM2/BRDM2_train_0242.jpg,4598
mstar,train,2,2,0,BRDM2,data/MSTAR/train/BRDM2/BRDM2_train_0243.jpg,2642
mstar,train,2,2,0,BRDM2,data/MSTAR/train/BRDM2/BRDM2_train_0244.jpg,4716
mstar,train,2,2,0,BRDM2,data/MSTAR/train/BRDM2/BRDM2_train_0245.jpg,2546
mstar,train,2,2,0,BRDM2,data/MSTAR/train/BRDM2/BRDM2_train_0246.jpg,2748
mstar,train,2,2,0,BRDM2,data/MSTAR/train/BRDM2/BRDM2_train_0247.jpg,2675
mstar,train,2,2,0,BRDM2,data/MSTAR/train/BRDM2/BRDM2_train_0248.jpg,4125
mstar,train,2,2,0,BRDM2,data/MSTAR/train/BRDM2/BRDM2_train_0249.jpg,3475
mstar,train,2,2,0,BRDM2,data/MSTAR/train/BRDM2/BRDM2_train_0250.jpg,2663
mstar,train,2,2,0,BRDM2,data/MSTAR/train/BRDM2/BRDM2_train_0251.jpg,2716
mstar,train,2,2,0,BRDM2,data/MSTAR/train/BRDM2/BRDM2_train_0252.jpg,1971
mstar,train,2,2,0,BRDM2,data/MSTAR/train/BRDM2/BRDM2_train_0253.jpg,2538
mstar,train,2,2,0,BRDM2,data/MSTAR/train/BRDM2/BRDM2_train_0254.jpg,4795
mstar,train,2,2,0,BRDM2,data/MSTAR/train/BRDM2/BRDM2_train_0255.jpg,1945
mstar,train,2,2,0,BRDM2,data/MSTAR/train/BRDM2/BRDM2_train_0256.jpg,2486
mstar,train,2,2,0,BRDM2,data/MSTAR/train/BRDM2/BRDM2_train_0257.jpg,3575
mstar,train,2,2,0,BRDM2,data/MSTAR/train/BRDM2/BRDM2_train_0258.jpg,2610
mstar,train,2,2,0,BRDM2,data/MSTAR/train/BRDM2/BRDM2_train_0259.jpg,2579
mstar,train,2,2,0,BRDM2,data/MSTAR/train/BRDM2/BRDM2_train_0260.jpg,1941
mstar,train,2,2,0,BRDM2,data/MSTAR/train/BRDM2/BRDM2_train_0261.jpg,2632
mstar,train,2,2,0,BRDM2,data/MSTAR/train/BRDM2/BRDM2_train_0262.jpg,3304
mstar,train,2,2,0,BRDM2,data/MSTAR/train/BRDM2/BRDM2_train_0263.jpg,1315
mstar,train,2,2,0,BRDM2,data/MSTAR/train/BRDM2/BRDM2_train_0264.jpg,1876
mstar,train,2,2,0,BRDM2,data/MSTAR/train/BRDM2/BRDM2_train_0265.jpg,2797
mstar,train,2,2,0,BRDM2,data/MSTAR/train/BRDM2/BRDM2_train_0266.jpg,2474
mstar,train,2,2,0,BRDM2,data/MSTAR/train/BRDM2/BRDM2_train_0267.jpg,4490
mstar,train,2,2,0,BRDM2,data/MSTAR/train/BRDM2/BRDM2_train_0268.jpg,1781
mstar,train,2,2,0,BRDM2,data/MSTAR/train/BRDM2/BRDM2_train_0269.jpg,2303
mstar,train,2,2,0,BRDM2,data/MSTAR/train/BRDM2/BRDM2_train_0270.jpg,1806
mstar,train,2,2,0,BRDM2,data/MSTAR/train/BRDM2/BRDM2_train_0271.jpg,2101
mstar,train,2,2,0,BRDM2,data/MSTAR/train/BRDM2/BRDM2_train_0272.jpg,2682
mstar,train,2,2,0,BRDM2,data/MSTAR/train/BRDM2/BRDM2_train_0273.jpg,3051
mstar,train,2,2,0,BRDM2,data/MSTAR/train/BRDM2/BRDM2_train_0274.jpg,2352
mstar,train,2,2,0,BRDM2,data/MSTAR/train/BRDM2/BRDM2_train_0275.jpg,2560
mstar,train,2,2,0,BRDM2,data/MSTAR/train/BRDM2/BRDM2_train_0276.jpg,4489
mstar,train,2,2,0,BRDM2,data/MSTAR/train/BRDM2/BRDM2_train_0277.jpg,2097
mstar,train,2,2,0,BRDM2,data/MSTAR/train/BRDM2/BRDM2_train_0278.jpg,3314
mstar,train,2,2,0,BRDM2,data/MSTAR/train/BRDM2/BRDM2_train_0279.jpg,3976
mstar,train,2,2,0,BRDM2,data/MSTAR/train/BRDM2/BRDM2_train_0280.jpg,1808
mstar,train,2,2,0,BRDM2,data/MSTAR/train/BRDM2/BRDM2_train_0281.jpg,1997
mstar,train,2,2,0,BRDM2,data/MSTAR/train/BRDM2/BRDM2_train_0282.jpg,3685
mstar,train,2,2,0,BRDM2,data/MSTAR/train/BRDM2/BRDM2_train_0283.jpg,4451
mstar,train,2,2,0,BRDM2,data/MSTAR/train/BRDM2/BRDM2_train_0284.jpg,4446
mstar,train,2,2,0,BRDM2,data/MSTAR/train/BRDM2/BRDM2_train_0285.jpg,3125
mstar,train,2,2,0,BRDM2,data/MSTAR/train/BRDM2/BRDM2_train_0286.jpg,3430
mstar,train,2,2,0,BRDM2,data/MSTAR/train/BRDM2/BRDM2_train_0287.jpg,4794
mstar,train,2,2,0,BRDM2,data/MSTAR/train/BRDM2/BRDM2_train_0288.jpg,2449
mstar,train,2,2,0,BRDM2,data/MSTAR/train/BRDM2/BRDM2_train_0289.jpg,2070
mstar,train,2,2,0,BRDM2,data/MSTAR/train/BRDM2/BRDM2_train_0290.jpg,3962
mstar,train,2,2,0,BRDM2,data/MSTAR/train/BRDM2/BRDM2_train_0291.jpg,2658
mstar,train,2,2,0,BRDM2,data/MSTAR/train/BRDM2/BRDM2_train_0292.jpg,3905
mstar,train,2,2,0,BRDM2,data/MSTAR/train/BRDM2/BRDM2_train_0293.jpg,2840
mstar,train,2,2,0,BRDM2,data/MSTAR/train/BRDM2/BRDM2_train_0294.jpg,2558
mstar,train,2,2,0,BRDM2,data/MSTAR/train/BRDM2/BRDM2_train_0295.jpg,2394
mstar,train,2,2,0,BRDM2,data/MSTAR/train/BRDM2/BRDM2_train_0296.jpg,2581
mstar,train,2,2,0,BRDM2,data/MSTAR/train/BRDM2/BRDM2_train_0297.jpg,3377
mstar,test,2,2,0,BRDM2,data/MSTAR/test/BRDM2/BRDM2_test_0000.jpg,3173
mstar,test,2,2,0,BRDM2,data/MSTAR/test/BRDM2/BRDM2_test_0001.jpg,2379
mstar,test,2,2,0,BRDM2,data/MSTAR/test/BRDM2/BRDM2_test_0002.jpg,2307
mstar,test,2,2,0,BRDM2,data/MSTAR/test/BRDM2/BRDM2_test_0003.jpg,2745
mstar,test,2,2,0,BRDM2,data/MSTAR/test/BRDM2/BRDM2_test_0004.jpg,2683
mstar,test,2,2,0,BRDM2,data/MSTAR/test/BRDM2/BRDM2_test_0005.jpg,2427
mstar,test,2,2,0,BRDM2,data/MSTAR/test/BRDM2/BRDM2_test_0006.jpg,2698
mstar,test,2,2,0,BRDM2,data/MSTAR/test/BRDM2/BRDM2_test_0007.jpg,1551
mstar,test,2,2,0,BRDM2,data/MSTAR/test/BRDM2/BRDM2_test_0008.jpg,842
mstar,test,2,2,0,BRDM2,data/MSTAR/test/BRDM2/BRDM2_test_0009.jpg,2290
mstar,test,2,2,0,BRDM2,data/MSTAR/test/BRDM2/BRDM2_test_0010.jpg,2993
mstar,test,2,2,0,BRDM2,data/MSTAR/test/BRDM2/BRDM2_test_0011.jpg,3026
mstar,test,2,2,0,BRDM2,data/MSTAR/test/BRDM2/BRDM2_test_0012.jpg,2013
mstar,test,2,2,0,BRDM2,data/MSTAR/test/BRDM2/BRDM2_test_0013.jpg,1885
mstar,test,2,2,0,BRDM2,data/MSTAR/test/BRDM2/BRDM2_test_0014.jpg,2593
mstar,test,2,2,0,BRDM2,data/MSTAR/test/BRDM2/BRDM2_test_0015.jpg,2440
mstar,test,2,2,0,BRDM2,data/MSTAR/test/BRDM2/BRDM2_test_0016.jpg,2637
mstar,test,2,2,0,BRDM2,data/MSTAR/test/BRDM2/BRDM2_test_0017.jpg,1728
mstar,test,2,2,0,BRDM2,data/MSTAR/test/BRDM2/BRDM2_test_0018.jpg,2515
mstar,test,2,2,0,BRDM2,data/MSTAR/test/BRDM2/BRDM2_test_0019.jpg,2881
mstar,test,2,2,0,BRDM2,data/MSTAR/test/BRDM2/BRDM2_test_0020.jpg,2266
mstar,test,2,2,0,BRDM2,data/MSTAR/test/BRDM2/BRDM2_test_0021.jpg,2804
mstar,test,2,2,0,BRDM2,data/MSTAR/test/BRDM2/BRDM2_test_0022.jpg,1622
mstar,test,2,2,0,BRDM2,data/MSTAR/test/BRDM2/BRDM2_test_0023.jpg,2528
mstar,test,2,2,0,BRDM2,data/MSTAR/test/BRDM2/BRDM2_test_0024.jpg,2502
mstar,test,2,2,0,BRDM2,data/MSTAR/test/BRDM2/BRDM2_test_0025.jpg,1196
mstar,test,2,2,0,BRDM2,data/MSTAR/test/BRDM2/BRDM2_test_0026.jpg,3566
mstar,test,2,2,0,BRDM2,data/MSTAR/test/BRDM2/BRDM2_test_0027.jpg,1701
mstar,test,2,2,0,BRDM2,data/MSTAR/test/BRDM2/BRDM2_test_0028.jpg,2444
mstar,test,2,2,0,BRDM2,data/MSTAR/test/BRDM2/BRDM2_test_0029.jpg,1478
mstar,test,2,2,0,BRDM2,data/MSTAR/test/BRDM2/BRDM2_test_0030.jpg,1952
mstar,test,2,2,0,BRDM2,data/MSTAR/test/BRDM2/BRDM2_test_0031.jpg,2406
mstar,test,2,2,0,BRDM2,data/MSTAR/test/BRDM2/BRDM2_test_0032.jpg,3835
mstar,test,2,2,0,BRDM2,data/MSTAR/test/BRDM2/BRDM2_test_0033.jpg,3092
mstar,test,2,2,0,BRDM2,data/MSTAR/test/BRDM2/BRDM2_test_0034.jpg,2688
mstar,test,2,2,0,BRDM2,data/MSTAR/test/BRDM2/BRDM2_test_0035.jpg,2201
mstar,test,2,2,0,BRDM2,data/MSTAR/test/BRDM2/BRDM2_test_0036.jpg,3068
mstar,test,2,2,0,BRDM2,data/MSTAR/test/BRDM2/BRDM2_test_0037.jpg,2240
mstar,test,2,2,0,BRDM2,data/MSTAR/test/BRDM2/BRDM2_test_0038.jpg,2299
mstar,test,2,2,0,BRDM2,data/MSTAR/test/BRDM2/BRDM2_test_0039.jpg,3331
mstar,test,2,2,0,BRDM2,data/MSTAR/test/BRDM2/BRDM2_test_0040.jpg,2941
mstar,test,2,2,0,BRDM2,data/MSTAR/test/BRDM2/BRDM2_test_0041.jpg,2471
mstar,test,2,2,0,BRDM2,data/MSTAR/test/BRDM2/BRDM2_test_0042.jpg,2586
mstar,test,2,2,0,BRDM2,data/MSTAR/test/BRDM2/BRDM2_test_0043.jpg,1631
mstar,test,2,2,0,BRDM2,data/MSTAR/test/BRDM2/BRDM2_test_0044.jpg,3098
mstar,test,2,2,0,BRDM2,data/MSTAR/test/BRDM2/BRDM2_test_0045.jpg,3777
mstar,test,2,2,0,BRDM2,data/MSTAR/test/BRDM2/BRDM2_test_0046.jpg,2138
mstar,test,2,2,0,BRDM2,data/MSTAR/test/BRDM2/BRDM2_test_0047.jpg,3734
mstar,test,2,2,0,BRDM2,data/MSTAR/test/BRDM2/BRDM2_test_0048.jpg,3082
mstar,test,2,2,0,BRDM2,data/MSTAR/test/BRDM2/BRDM2_test_0049.jpg,2131
mstar,test,2,2,0,BRDM2,data/MSTAR/test/BRDM2/BRDM2_test_0050.jpg,2823
mstar,test,2,2,0,BRDM2,data/MSTAR/test/BRDM2/BRDM2_test_0051.jpg,3712
mstar,test,2,2,0,BRDM2,data/MSTAR/test/BRDM2/BRDM2_test_0052.jpg,3131
mstar,test,2,2,0,BRDM2,data/MSTAR/test/BRDM2/BRDM2_test_0053.jpg,2873
mstar,test,2,2,0,BRDM2,data/MSTAR/test/BRDM2/BRDM2_test_0054.jpg,2832
mstar,test,2,2,0,BRDM2,data/MSTAR/test/BRDM2/BRDM2_test_0055.jpg,3137
mstar,test,2,2,0,BRDM2,data/MSTAR/test/BRDM2/BRDM2_test_0056.jpg,3448
mstar,test,2,2,0,BRDM2,data/MSTAR/test/BRDM2/BRDM2_test_0057.jpg,2580
mstar,test,2,2,0,BRDM2,data/MSTAR/test/BRDM2/BRDM2_test_0058.jpg,3027
mstar,test,2,2,0,BRDM2,data/MSTAR/test/BRDM2/BRDM2_test_0059.jpg,2852
mstar,test,2,2,0,BRDM2,data/MSTAR/test/BRDM2/BRDM2_test_0060.jpg,2202
mstar,test,2,2,0,BRDM2,data/MSTAR/test/BRDM2/BRDM2_test_0061.jpg,2788
mstar,test,2,2,0,BRDM2,data/MSTAR/test/BRDM2/BRDM2_test_0062.jpg,2540
mstar,test,2,2,0,BRDM2,data/MSTAR/test/BRDM2/BRDM2_test_0063.jpg,3362
mstar,test,2,2,0,BRDM2,data/MSTAR/test/BRDM2/BRDM2_test_0064.jpg,2389
mstar,test,2,2,0,BRDM2,data/MSTAR/test/BRDM2/BRDM2_test_0065.jpg,2779
mstar,test,2,2,0,BRDM2,data/MSTAR/test/BRDM2/BRDM2_test_0066.jpg,1158
mstar,test,2,2,0,BRDM2,data/MSTAR/test/BRDM2/BRDM2_test_0067.jpg,3554
mstar,test,2,2,0,BRDM2,data/MSTAR/test/BRDM2/BRDM2_test_0068.jpg,3344
mstar,test,2,2,0,BRDM2,data/MSTAR/test/BRDM2/BRDM2_test_0069.jpg,2030
mstar,test,2,2,0,BRDM2,data/MSTAR/test/BRDM2/BRDM2_test_0070.jpg,2683
mstar,test,2,2,0,BRDM2,data/MSTAR/test/BRDM2/BRDM2_test_0071.jpg,3247
mstar,test,2,2,0,BRDM2,data/MSTAR/test/BRDM2/BRDM2_test_0072.jpg,2284
mstar,test,2,2,0,BRDM2,data/MSTAR/test/BRDM2/BRDM2_test_0073.jpg,2166
mstar,test,2,2,0,BRDM2,data/MSTAR/test/BRDM2/BRDM2_test_0074.jpg,3132
mstar,test,2,2,0,BRDM2,data/MSTAR/test/BRDM2/BRDM2_test_0075.jpg,1048
mstar,test,2,2,0,BRDM2,data/MSTAR/test/BRDM2/BRDM2_test_0076.jpg,2217
mstar,test,2,2,0,BRDM2,data/MSTAR/test/BRDM2/BRDM2_test_0077.jpg,1729
mstar,test,2,2,0,BRDM2,data/MSTAR/test/BRDM2/BRDM2_test_0078.jpg,2946
mstar,test,2,2,0,BRDM2,data/MSTAR/test/BRDM2/BRDM2_test_0079.jpg,2845
mstar,test,2,2,0,BRDM2,data/MSTAR/test/BRDM2/BRDM2_test_0080.jpg,1696
mstar,test,2,2,0,BRDM2,data/MSTAR/test/BRDM2/BRDM2_test_0081.jpg,1085
mstar,test,2,2,0,BRDM2,data/MSTAR/test/BRDM2/BRDM2_test_0082.jpg,3744
mstar,test,2,2,0,BRDM2,data/MSTAR/test/BRDM2/BRDM2_test_0083.jpg,3059
mstar,test,2,2,0,BRDM2,data/MSTAR/test/BRDM2/BRDM2_test_0084.jpg,2515
mstar,test,2,2,0,BRDM2,data/MSTAR/test/BRDM2/BRDM2_test_0085.jpg,3278
mstar,test,2,2,0,BRDM2,data/MSTAR/test/BRDM2/BRDM2_test_0086.jpg,2277
mstar,test,2,2,0,BRDM2,data/MSTAR/test/BRDM2/BRDM2_test_0087.jpg,1452
mstar,test,2,2,0,BRDM2,data/MSTAR/test/BRDM2/BRDM2_test_0088.jpg,2314
mstar,test,2,2,0,BRDM2,data/MSTAR/test/BRDM2/BRDM2_test_0089.jpg,2902
mstar,test,2,2,0,BRDM2,data/MSTAR/test/BRDM2/BRDM2_test_0090.jpg,2535
mstar,test,2,2,0,BRDM2,data/MSTAR/test/BRDM2/BRDM2_test_0091.jpg,2852
mstar,test,2,2,0,BRDM2,data/MSTAR/test/BRDM2/BRDM2_test_0092.jpg,1996
mstar,test,2,2,0,BRDM2,data/MSTAR/test/BRDM2/BRDM2_test_0093.jpg,2966
mstar,test,2,2,0,BRDM2,data/MSTAR/test/BRDM2/BRDM2_test_0094.jpg,2365
mstar,test,2,2,0,BRDM2,data/MSTAR/test/BRDM2/BRDM2_test_0095.jpg,3939
mstar,test,2,2,0,BRDM2,data/MSTAR/test/BRDM2/BRDM2_test_0096.jpg,1824
mstar,test,2,2,0,BRDM2,data/MSTAR/test/BRDM2/BRDM2_test_0097.jpg,1983
mstar,test,2,2,0,BRDM2,data/MSTAR/test/BRDM2/BRDM2_test_0098.jpg,2170
mstar,test,2,2,0,BRDM2,data/MSTAR/test/BRDM2/BRDM2_test_0099.jpg,2006
mstar,test,2,2,0,BRDM2,data/MSTAR/test/BRDM2/BRDM2_test_0100.jpg,2905
mstar,test,2,2,0,BRDM2,data/MSTAR/test/BRDM2/BRDM2_test_0101.jpg,2899
mstar,test,2,2,0,BRDM2,data/MSTAR/test/BRDM2/BRDM2_test_0102.jpg,3212
mstar,test,2,2,0,BRDM2,data/MSTAR/test/BRDM2/BRDM2_test_0103.jpg,3428
mstar,test,2,2,0,BRDM2,data/MSTAR/test/BRDM2/BRDM2_test_0104.jpg,2510
mstar,test,2,2,0,BRDM2,data/MSTAR/test/BRDM2/BRDM2_test_0105.jpg,3080
mstar,test,2,2,0,BRDM2,data/MSTAR/test/BRDM2/BRDM2_test_0106.jpg,1999
mstar,test,2,2,0,BRDM2,data/MSTAR/test/BRDM2/BRDM2_test_0107.jpg,2777
mstar,test,2,2,0,BRDM2,data/MSTAR/test/BRDM2/BRDM2_test_0108.jpg,2422
mstar,test,2,2,0,BRDM2,data/MSTAR/test/BRDM2/BRDM2_test_0109.jpg,3938
mstar,test,2,2,0,BRDM2,data/MSTAR/test/BRDM2/BRDM2_test_0110.jpg,3453
mstar,test,2,2,0,BRDM2,data/MSTAR/test/BRDM2/BRDM2_test_0111.jpg,2535
mstar,test,2,2,0,BRDM2,data/MSTAR/test/BRDM2/BRDM2_test_0112.jpg,2752
mstar,test,2,2,0,BRDM2,data/MSTAR/test/BRDM2/BRDM2_test_0113.jpg,3109
mstar,test,2,2,0,BRDM2,data/MSTAR/test/BRDM2/BRDM2_test_0114.jpg,2783
mstar,test,2,2,0,BRDM2,data/MSTAR/test/BRDM2/BRDM2_test_0115.jpg,2696
mstar,test,2,2,0,BRDM2,data/MSTAR/test/BRDM2/BRDM2_test_0116.jpg,1357
mstar,test,2,2,0,BRDM2,data/MSTAR/test/BRDM2/BRDM2_test_0117.jpg,1703
mstar,test,2,2,0,BRDM2,data/MSTAR/test/BRDM2/BRDM2_test_0118.jpg,2911
mstar,test,2,2,0,BRDM2,data/MSTAR/test/BRDM2/BRDM2_test_0119.jpg,2288
mstar,test,2,2,0,BRDM2,data/MSTAR/test/BRDM2/BRDM2_test_0120.jpg,2510
mstar,test,2,2,0,BRDM2,data/MSTAR/test/BRDM2/BRDM2_test_0121.jpg,2635
mstar,test,2,2,0,BRDM2,data/MSTAR/test/BRDM2/BRDM2_test_0122.jpg,1987
mstar,test,2,2,0,BRDM2,data/MSTAR/test/BRDM2/BRDM2_test_0123.jpg,3213
mstar,test,2,2,0,BRDM2,data/MSTAR/test/BRDM2/BRDM2_test_0124.jpg,3336
mstar,test,2,2,0,BRDM2,data/MSTAR/test/BRDM2/BRDM2_test_0125.jpg,2977
mstar,test,2,2,0,BRDM2,data/MSTAR/test/BRDM2/BRDM2_test_0126.jpg,2630
mstar,test,2,2,0,BRDM2,data/MSTAR/test/BRDM2/BRDM2_test_0127.jpg,2734
mstar,test,2,2,0,BRDM2,data/MSTAR/test/BRDM2/BRDM2_test_0128.jpg,2534
mstar,test,2,2,0,BRDM2,data/MSTAR/test/BRDM2/BRDM2_test_0129.jpg,3189
mstar,test,2,2,0,BRDM2,data/MSTAR/test/BRDM2/BRDM2_test_0130.jpg,2792
mstar,test,2,2,0,BRDM2,data/MSTAR/test/BRDM2/BRDM2_test_0131.jpg,2788
mstar,test,2,2,0,BRDM2,data/MSTAR/test/BRDM2/BRDM2_test_0132.jpg,3278
mstar,test,2,2,0,BRDM2,data/MSTAR/test/BRDM2/BRDM2_test_0133.jpg,2288
mstar,test,2,2,0,BRDM2,data/MSTAR/test/BRDM2/BRDM2_test_0134.jpg,2779
mstar,test,2,2,0,BRDM2,data/MSTAR/test/BRDM2/BRDM2_test_0135.jpg,3445
mstar,test,2,2,0,BRDM2,data/MSTAR/test/BRDM2/BRDM2_test_0136.jpg,2440
mstar,test,2,2,0,BRDM2,data/MSTAR/test/BRDM2/BRDM2_test_0137.jpg,3278
mstar,test,2,2,0,BRDM2,data/MSTAR/test/BRDM2/BRDM2_test_0138.jpg,1456
mstar,test,2,2,0,BRDM2,data/MSTAR/test/BRDM2/BRDM2_test_0139.jpg,2572
mstar,test,2,2,0,BRDM2,data/MSTAR/test/BRDM2/BRDM2_test_0140.jpg,2928
mstar,test,2,2,0,BRDM2,data/MSTAR/test/BRDM2/BRDM2_test_0141.jpg,2475
mstar,test,2,2,0,BRDM2,data/MSTAR/test/BRDM2/BRDM2_test_0142.jpg,3341
mstar,test,2,2,0,BRDM2,data/MSTAR/test/BRDM2/BRDM2_test_0143.jpg,2226
mstar,test,2,2,0,BRDM2,data/MSTAR/test/BRDM2/BRDM2_test_0144.jpg,3439
mstar,test,2,2,0,BRDM2,data/MSTAR/test/BRDM2/BRDM2_test_0145.jpg,1632
mstar,test,2,2,0,BRDM2,data/MSTAR/test/BRDM2/BRDM2_test_0146.jpg,1623
mstar,test,2,2,0,BRDM2,data/MSTAR/test/BRDM2/BRDM2_test_0147.jpg,1146
mstar,test,2,2,0,BRDM2,data/MSTAR/test/BRDM2/BRDM2_test_0148.jpg,732
mstar,test,2,2,0,BRDM2,data/MSTAR/test/BRDM2/BRDM2_test_0149.jpg,3542
mstar,test,2,2,0,BRDM2,data/MSTAR/test/BRDM2/BRDM2_test_0150.jpg,3289
mstar,test,2,2,0,BRDM2,data/MSTAR/test/BRDM2/BRDM2_test_0151.jpg,2102
mstar,test,2,2,0,BRDM2,data/MSTAR/test/BRDM2/BRDM2_test_0152.jpg,2515
mstar,test,2,2,0,BRDM2,data/MSTAR/test/BRDM2/BRDM2_test_0153.jpg,2735
mstar,test,2,2,0,BRDM2,data/MSTAR/test/BRDM2/BRDM2_test_0154.jpg,3013
mstar,test,2,2,0,BRDM2,data/MSTAR/test/BRDM2/BRDM2_test_0155.jpg,2564
mstar,test,2,2,0,BRDM2,data/MSTAR/test/BRDM2/BRDM2_test_0156.jpg,1989
mstar,test,2,2,0,BRDM2,data/MSTAR/test/BRDM2/BRDM2_test_0157.jpg,4132
mstar,test,2,2,0,BRDM2,data/MSTAR/test/BRDM2/BRDM2_test_0158.jpg,3160
mstar,test,2,2,0,BRDM2,data/MSTAR/test/BRDM2/BRDM2_test_0159.jpg,2248
mstar,test,2,2,0,BRDM2,data/MSTAR/test/BRDM2/BRDM2_test_0160.jpg,3029
mstar,test,2,2,0,BRDM2,data/MSTAR/test/BRDM2/BRDM2_test_0161.jpg,2377
mstar,test,2,2,0,BRDM2,data/MSTAR/test/BRDM2/BRDM2_test_0162.jpg,1236
mstar,test,2,2,0,BRDM2,data/MSTAR/test/BRDM2/BRDM2_test_0163.jpg,2606
mstar,test,2,2,0,BRDM2,data/MSTAR/test/BRDM2/BRDM2_test_0164.jpg,2428
mstar,test,2,2,0,BRDM2,data/MSTAR/test/BRDM2/BRDM2_test_0165.jpg,2184
mstar,test,2,2,0,BRDM2,data/MSTAR/test/BRDM2/BRDM2_test_0166.jpg,2461
mstar,test,2,2,0,BRDM2,data/MSTAR/test/BRDM2/BRDM2_test_0167.jpg,3331
mstar,test,2,2,0,BRDM2,data/MSTAR/test/BRDM2/BRDM2_test_0168.jpg,1891
mstar,test,2,2,0,BRDM2,data/MSTAR/test/BRDM2/BRDM2_test_0169.jpg,2197
mstar,test,2,2,0,BRDM2,data/MSTAR/test/BRDM2/BRDM2_test_0170.jpg,2102
mstar,test,2,2,0,BRDM2,data/MSTAR/test/BRDM2/BRDM2_test_0171.jpg,2786
mstar,test,2,2,0,BRDM2,data/MSTAR/test/BRDM2/BRDM2_test_0172.jpg,3703
mstar,test,2,2,0,BRDM2,data/MSTAR/test/BRDM2/BRDM2_test_0173.jpg,2795
mstar,test,2,2,0,BRDM2,data/MSTAR/test/BRDM2/BRDM2_test_0174.jpg,2763
mstar,test,2,2,0,BRDM2,data/MSTAR/test/BRDM2/BRDM2_test_0175.jpg,1740
mstar,test,2,2,0,BRDM2,data/MSTAR/test/BRDM2/BRDM2_test_0176.jpg,3084
mstar,test,2,2,0,BRDM2,data/MSTAR/test/BRDM2/BRDM2_test_0177.jpg,2481
mstar,test,2,2,0,BRDM2,data/MSTAR/test/BRDM2/BRDM2_test_0178.jpg,3212
mstar,test,2,2,0,BRDM2,data/MSTAR/test/BRDM2/BRDM2_test_0179.jpg,2416
mstar,test,2,2,0,BRDM2,data/MSTAR/test/BRDM2/BRDM2_test_0180.jpg,3243
mstar,test,2,2,0,BRDM2,data/MSTAR/test/BRDM2/BRDM2_test_0181.jpg,2136
mstar,test,2,2,0,BRDM2,data/MSTAR/test/BRDM2/BRDM2_test_0182.jpg,2397
mstar,test,2,2,0,BRDM2,data/MSTAR/test/BRDM2/BRDM2_test_0183.jpg,1776
mstar,test,2,2,0,BRDM2,data/MSTAR/test/BRDM2/BRDM2_test_0184.jpg,2698
mstar,test,2,2,0,BRDM2,data/MSTAR/test/BRDM2/BRDM2_test_0185.jpg,1846
mstar,test,2,2,0,BRDM2,data/MSTAR/test/BRDM2/BRDM2_test_0186.jpg,2740
mstar,test,2,2,0,BRDM2,data/MSTAR/test/BRDM2/BRDM2_test_0187.jpg,3191
mstar,test,2,2,0,BRDM2,data/MSTAR/test/BRDM2/BRDM2_test_0188.jpg,2591
mstar,test,2,2,0,BRDM2,data/MSTAR/test/BRDM2/BRDM2_test_0189.jpg,2799
mstar,test,2,2,0,BRDM2,data/MSTAR/test/BRDM2/BRDM2_test_0190.jpg,2542
mstar,test,2,2,0,BRDM2,data/MSTAR/test/BRDM2/BRDM2_test_0191.jpg,3191
mstar,test,2,2,0,BRDM2,data/MSTAR/test/BRDM2/BRDM2_test_0192.jpg,1512
mstar,test,2,2,0,BRDM2,data/MSTAR/test/BRDM2/BRDM2_test_0193.jpg,2408
mstar,test,2,2,0,BRDM2,data/MSTAR/test/BRDM2/BRDM2_test_0194.jpg,2559
mstar,test,2,2,0,BRDM2,data/MSTAR/test/BRDM2/BRDM2_test_0195.jpg,3376
mstar,test,2,2,0,BRDM2,data/MSTAR/test/BRDM2/BRDM2_test_0196.jpg,2305
mstar,test,2,2,0,BRDM2,data/MSTAR/test/BRDM2/BRDM2_test_0197.jpg,2568
mstar,test,2,2,0,BRDM2,data/MSTAR/test/BRDM2/BRDM2_test_0198.jpg,2773
mstar,test,2,2,0,BRDM2,data/MSTAR/test/BRDM2/BRDM2_test_0199.jpg,2663
mstar,test,2,2,0,BRDM2,data/MSTAR/test/BRDM2/BRDM2_test_0200.jpg,2073
mstar,test,2,2,0,BRDM2,data/MSTAR/test/BRDM2/BRDM2_test_0201.jpg,2463
mstar,test,2,2,0,BRDM2,data/MSTAR/test/BRDM2/BRDM2_test_0202.jpg,3003
mstar,test,2,2,0,BRDM2,data/MSTAR/test/BRDM2/BRDM2_test_0203.jpg,2871
mstar,test,2,2,0,BRDM2,data/MSTAR/test/BRDM2/BRDM2_test_0204.jpg,1793
mstar,test,2,2,0,BRDM2,data/MSTAR/test/BRDM2/BRDM2_test_0205.jpg,3526
mstar,test,2,2,0,BRDM2,data/MSTAR/test/BRDM2/BRDM2_test_0206.jpg,2135
mstar,test,2,2,0,BRDM2,data/MSTAR/test/BRDM2/BRDM2_test_0207.jpg,2213
mstar,test,2,2,0,BRDM2,data/MSTAR/test/BRDM2/BRDM2_test_0208.jpg,2739
mstar,test,2,2,0,BRDM2,data/MSTAR/test/BRDM2/BRDM2_test_0209.jpg,2329
mstar,test,2,2,0,BRDM2,data/MSTAR/test/BRDM2/BRDM2_test_0210.jpg,2812
mstar,test,2,2,0,BRDM2,data/MSTAR/test/BRDM2/BRDM2_test_0211.jpg,2251
mstar,test,2,2,0,BRDM2,data/MSTAR/test/BRDM2/BRDM2_test_0212.jpg,3549
mstar,test,2,2,0,BRDM2,data/MSTAR/test/BRDM2/BRDM2_test_0213.jpg,3374
mstar,test,2,2,0,BRDM2,data/MSTAR/test/BRDM2/BRDM2_test_0214.jpg,3535
mstar,test,2,2,0,BRDM2,data/MSTAR/test/BRDM2/BRDM2_test_0215.jpg,2164
mstar,test,2,2,0,BRDM2,data/MSTAR/test/BRDM2/BRDM2_test_0216.jpg,1527
mstar,test,2,2,0,BRDM2,data/MSTAR/test/BRDM2/BRDM2_test_0217.jpg,3186
mstar,test,2,2,0,BRDM2,data/MSTAR/test/BRDM2/BRDM2_test_0218.jpg,1918
mstar,test,2,2,0,BRDM2,data/MSTAR/test/BRDM2/BRDM2_test_0219.jpg,2856
mstar,test,2,2,0,BRDM2,data/MSTAR/test/BRDM2/BRDM2_test_0220.jpg,2265
mstar,test,2,2,0,BRDM2,data/MSTAR/test/BRDM2/BRDM2_test_0221.jpg,3190
mstar,test,2,2,0,BRDM2,data/MSTAR/test/BRDM2/BRDM2_test_0222.jpg,2435
mstar,test,2,2,0,BRDM2,data/MSTAR/test/BRDM2/BRDM2_test_0223.jpg,2672
mstar,test,2,2,0,BRDM2,data/MSTAR/test/BRDM2/BRDM2_test_0224.jpg,3026
mstar,test,2,2,0,BRDM2,data/MSTAR/test/BRDM2/BRDM2_test_0225.jpg,1421
mstar,test,2,2,0,BRDM2,data/MSTAR/test/BRDM2/BRDM2_test_0226.jpg,2769
mstar,test,2,2,0,BRDM2,data/MSTAR/test/BRDM2/BRDM2_test_0227.jpg,1746
mstar,test,2,2,0,BRDM2,data/MSTAR/test/BRDM2/BRDM2_test_0228.jpg,3526
mstar,test,2,2,0,BRDM2,data/MSTAR/test/BRDM2/BRDM2_test_0229.jpg,2740
mstar,test,2,2,0,BRDM2,data/MSTAR/test/BRDM2/BRDM2_test_0230.jpg,3001
mstar,test,2,2,0,BRDM2,data/MSTAR/test/BRDM2/BRDM2_test_0231.jpg,1025
mstar,test,2,2,0,BRDM2,data/MSTAR/test/BRDM2/BRDM2_test_0232.jpg,3133
mstar,test,2,2,0,BRDM2,data/MSTAR/test/BRDM2/BRDM2_test_0233.jpg,3483
mstar,test,2,2,0,BRDM2,data/MSTAR/test/BRDM2/BRDM2_test_0234.jpg,2993
mstar,test,2,2,0,BRDM2,data/MSTAR/test/BRDM2/BRDM2_test_0235.jpg,2790
mstar,test,2,2,0,BRDM2,data/MSTAR/test/BRDM2/BRDM2_test_0236.jpg,3358
mstar,test,2,2,0,BRDM2,data/MSTAR/test/BRDM2/BRDM2_test_0237.jpg,3248
mstar,test,2,2,0,BRDM2,data/MSTAR/test/BRDM2/BRDM2_test_0238.jpg,2609
mstar,test,2,2,0,BRDM2,data/MSTAR/test/BRDM2/BRDM2_test_0239.jpg,2676
mstar,test,2,2,0,BRDM2,data/MSTAR/test/BRDM2/BRDM2_test_0240.jpg,1548
mstar,test,2,2,0,BRDM2,data/MSTAR/test/BRDM2/BRDM2_test_0241.jpg,3391
mstar,test,2,2,0,BRDM2,data/MSTAR/test/BRDM2/BRDM2_test_0242.jpg,2642
mstar,test,2,2,0,BRDM2,data/MSTAR/test/BRDM2/BRDM2_test_0243.jpg,3318
mstar,test,2,2,0,BRDM2,data/MSTAR/test/BRDM2/BRDM2_test_0244.jpg,2844
mstar,test,2,2,0,BRDM2,data/MSTAR/test/BRDM2/BRDM2_test_0245.jpg,1933
mstar,test,2,2,0,BRDM2,data/MSTAR/test/BRDM2/BRDM2_test_0246.jpg,2714
mstar,test,2,2,0,BRDM2,data/MSTAR/test/BRDM2/BRDM2_test_0247.jpg,3203
mstar,test,2,2,0,BRDM2,data/MSTAR/test/BRDM2/BRDM2_test_0248.jpg,3112
mstar,test,2,2,0,BRDM2,data/MSTAR/test/BRDM2/BRDM2_test_0249.jpg,2152
mstar,test,2,2,0,BRDM2,data/MSTAR/test/BRDM2/BRDM2_test_0250.jpg,2562
mstar,test,2,2,0,BRDM2,data/MSTAR/test/BRDM2/BRDM2_test_0251.jpg,2720
mstar,test,2,2,0,BRDM2,data/MSTAR/test/BRDM2/BRDM2_test_0252.jpg,2506
mstar,test,2,2,0,BRDM2,data/MSTAR/test/BRDM2/BRDM2_test_0253.jpg,1791
mstar,test,2,2,0,BRDM2,data/MSTAR/test/BRDM2/BRDM2_test_0254.jpg,2668
mstar,test,2,2,0,BRDM2,data/MSTAR/test/BRDM2/BRDM2_test_0255.jpg,1113
mstar,test,2,2,0,BRDM2,data/MSTAR/test/BRDM2/BRDM2_test_0256.jpg,2925
mstar,test,2,2,0,BRDM2,data/MSTAR/test/BRDM2/BRDM2_test_0257.jpg,2017
mstar,test,2,2,0,BRDM2,data/MSTAR/test/BRDM2/BRDM2_test_0258.jpg,1725
mstar,test,2,2,0,BRDM2,data/MSTAR/test/BRDM2/BRDM2_test_0259.jpg,3590
mstar,test,2,2,0,BRDM2,data/MSTAR/test/BRDM2/BRDM2_test_0260.jpg,2978
mstar,test,2,2,0,BRDM2,data/MSTAR/test/BRDM2/BRDM2_test_0261.jpg,2394
mstar,test,2,2,0,BRDM2,data/MSTAR/test/BRDM2/BRDM2_test_0262.jpg,2817
mstar,test,2,2,0,BRDM2,data/MSTAR/test/BRDM2/BRDM2_test_0263.jpg,2332
mstar,test,2,2,0,BRDM2,data/MSTAR/test/BRDM2/BRDM2_test_0264.jpg,668
mstar,test,2,2,0,BRDM2,data/MSTAR/test/BRDM2/BRDM2_test_0265.jpg,1902
mstar,test,2,2,0,BRDM2,data/MSTAR/test/BRDM2/BRDM2_test_0266.jpg,2226
mstar,test,2,2,0,BRDM2,data/MSTAR/test/BRDM2/BRDM2_test_0267.jpg,2329
mstar,test,2,2,0,BRDM2,data/MSTAR/test/BRDM2/BRDM2_test_0268.jpg,1280
mstar,test,2,2,0,BRDM2,data/MSTAR/test/BRDM2/BRDM2_test_0269.jpg,2461
mstar,test,2,2,0,BRDM2,data/MSTAR/test/BRDM2/BRDM2_test_0270.jpg,2908
mstar,test,2,2,0,BRDM2,data/MSTAR/test/BRDM2/BRDM2_test_0271.jpg,1867
mstar,test,2,2,0,BRDM2,data/MSTAR/test/BRDM2/BRDM2_test_0272.jpg,2341
mstar,test,2,2,0,BRDM2,data/MSTAR/test/BRDM2/BRDM2_test_0273.jpg,2510
mstar,train,1,3,0,BMP2,data/MSTAR/train/BMP2/BMP2_train_0000.jpg,2176
mstar,train,1,3,0,BMP2,data/MSTAR/train/BMP2/BMP2_train_0001.jpg,1986
mstar,train,1,3,0,BMP2,data/MSTAR/train/BMP2/BMP2_train_0002.jpg,3056
mstar,train,1,3,0,BMP2,data/MSTAR/train/BMP2/BMP2_train_0003.jpg,2319
mstar,train,1,3,0,BMP2,data/MSTAR/train/BMP2/BMP2_train_0004.jpg,3037
mstar,train,1,3,0,BMP2,data/MSTAR/train/BMP2/BMP2_train_0005.jpg,2137
mstar,train,1,3,0,BMP2,data/MSTAR/train/BMP2/BMP2_train_0006.jpg,3120
mstar,train,1,3,0,BMP2,data/MSTAR/train/BMP2/BMP2_train_0007.jpg,2710
mstar,train,1,3,0,BMP2,data/MSTAR/train/BMP2/BMP2_train_0008.jpg,1541
mstar,train,1,3,0,BMP2,data/MSTAR/train/BMP2/BMP2_train_0009.jpg,1433
mstar,train,1,3,0,BMP2,data/MSTAR/train/BMP2/BMP2_train_0010.jpg,2030
mstar,train,1,3,0,BMP2,data/MSTAR/train/BMP2/BMP2_train_0011.jpg,2272
mstar,train,1,3,0,BMP2,data/MSTAR/train/BMP2/BMP2_train_0012.jpg,2159
mstar,train,1,3,0,BMP2,data/MSTAR/train/BMP2/BMP2_train_0013.jpg,2135
mstar,train,1,3,0,BMP2,data/MSTAR/train/BMP2/BMP2_train_0014.jpg,1984
mstar,train,1,3,0,BMP2,data/MSTAR/train/BMP2/BMP2_train_0015.jpg,2415
mstar,train,1,3,0,BMP2,data/MSTAR/train/BMP2/BMP2_train_0016.jpg,2191
mstar,train,1,3,0,BMP2,data/MSTAR/train/BMP2/BMP2_train_0017.jpg,1580
mstar,train,1,3,0,BMP2,data/MSTAR/train/BMP2/BMP2_train_0018.jpg,2794
mstar,train,1,3,0,BMP2,data/MSTAR/train/BMP2/BMP2_train_0019.jpg,3136
mstar,train,1,3,0,BMP2,data/MSTAR/train/BMP2/BMP2_train_0020.jpg,1590
mstar,train,1,3,0,BMP2,data/MSTAR/train/BMP2/BMP2_train_0021.jpg,2678
mstar,train,1,3,0,BMP2,data/MSTAR/train/BMP2/BMP2_train_0022.jpg,1921
mstar,train,1,3,0,BMP2,data/MSTAR/train/BMP2/BMP2_train_0023.jpg,1629
mstar,train,1,3,0,BMP2,data/MSTAR/train/BMP2/BMP2_train_0024.jpg,1562
mstar,train,1,3,0,BMP2,data/MSTAR/train/BMP2/BMP2_train_0025.jpg,2476
mstar,train,1,3,0,BMP2,data/MSTAR/train/BMP2/BMP2_train_0026.jpg,1893
mstar,train,1,3,0,BMP2,data/MSTAR/train/BMP2/BMP2_train_0027.jpg,2635
mstar,train,1,3,0,BMP2,data/MSTAR/train/BMP2/BMP2_train_0028.jpg,2180
mstar,train,1,3,0,BMP2,data/MSTAR/train/BMP2/BMP2_train_0029.jpg,2422
mstar,train,1,3,0,BMP2,data/MSTAR/train/BMP2/BMP2_train_0030.jpg,2236
mstar,train,1,3,0,BMP2,data/MSTAR/train/BMP2/BMP2_train_0031.jpg,2506
mstar,train,1,3,0,BMP2,data/MSTAR/train/BMP2/BMP2_train_0032.jpg,2766
mstar,train,1,3,0,BMP2,data/MSTAR/train/BMP2/BMP2_train_0033.jpg,2531
mstar,train,1,3,0,BMP2,data/MSTAR/train/BMP2/BMP2_train_0034.jpg,2135
mstar,train,1,3,0,BMP2,data/MSTAR/train/BMP2/BMP2_train_0035.jpg,3002
mstar,train,1,3,0,BMP2,data/MSTAR/train/BMP2/BMP2_train_0036.jpg,2980
mstar,train,1,3,0,BMP2,data/MSTAR/train/BMP2/BMP2_train_0037.jpg,1913
mstar,train,1,3,0,BMP2,data/MSTAR/train/BMP2/BMP2_train_0038.jpg,2910
mstar,train,1,3,0,BMP2,data/MSTAR/train/BMP2/BMP2_train_0039.jpg,3474
mstar,train,1,3,0,BMP2,data/MSTAR/train/BMP2/BMP2_train_0040.jpg,2310
mstar,train,1,3,0,BMP2,data/MSTAR/train/BMP2/BMP2_train_0041.jpg,2192
mstar,train,1,3,0,BMP2,data/MSTAR/train/BMP2/BMP2_train_0042.jpg,1813
mstar,train,1,3,0,BMP2,data/MSTAR/train/BMP2/BMP2_train_0043.jpg,2132
mstar,train,1,3,0,BMP2,data/MSTAR/train/BMP2/BMP2_train_0044.jpg,1829
mstar,train,1,3,0,BMP2,data/MSTAR/train/BMP2/BMP2_train_0045.jpg,2854
mstar,train,1,3,0,BMP2,data/MSTAR/train/BMP2/BMP2_train_0046.jpg,2641
mstar,train,1,3,0,BMP2,data/MSTAR/train/BMP2/BMP2_train_0047.jpg,688
mstar,train,1,3,0,BMP2,data/MSTAR/train/BMP2/BMP2_train_0048.jpg,2141
mstar,train,1,3,0,BMP2,data/MSTAR/train/BMP2/BMP2_train_0049.jpg,1297
mstar,train,1,3,0,BMP2,data/MSTAR/train/BMP2/BMP2_train_0050.jpg,1531
mstar,train,1,3,0,BMP2,data/MSTAR/train/BMP2/BMP2_train_0051.jpg,1837
mstar,train,1,3,0,BMP2,data/MSTAR/train/BMP2/BMP2_train_0052.jpg,2185
mstar,train,1,3,0,BMP2,data/MSTAR/train/BMP2/BMP2_train_0053.jpg,1891
mstar,train,1,3,0,BMP2,data/MSTAR/train/BMP2/BMP2_train_0054.jpg,3036
mstar,train,1,3,0,BMP2,data/MSTAR/train/BMP2/BMP2_train_0055.jpg,2698
mstar,train,1,3,0,BMP2,data/MSTAR/train/BMP2/BMP2_train_0056.jpg,1857
mstar,train,1,3,0,BMP2,data/MSTAR/train/BMP2/BMP2_train_0057.jpg,2244
mstar,train,1,3,0,BMP2,data/MSTAR/train/BMP2/BMP2_train_0058.jpg,2451
mstar,train,1,3,0,BMP2,data/MSTAR/train/BMP2/BMP2_train_0059.jpg,1340
mstar,train,1,3,0,BMP2,data/MSTAR/train/BMP2/BMP2_train_0060.jpg,2490
mstar,train,1,3,0,BMP2,data/MSTAR/train/BMP2/BMP2_train_0061.jpg,2350
mstar,train,1,3,0,BMP2,data/MSTAR/train/BMP2/BMP2_train_0062.jpg,1807
mstar,train,1,3,0,BMP2,data/MSTAR/train/BMP2/BMP2_train_0063.jpg,2810
mstar,train,1,3,0,BMP2,data/MSTAR/train/BMP2/BMP2_train_0064.jpg,1837
mstar,train,1,3,0,BMP2,data/MSTAR/train/BMP2/BMP2_train_0065.jpg,1946
mstar,train,1,3,0,BMP2,data/MSTAR/train/BMP2/BMP2_train_0066.jpg,2130
mstar,train,1,3,0,BMP2,data/MSTAR/train/BMP2/BMP2_train_0067.jpg,2836
mstar,train,1,3,0,BMP2,data/MSTAR/train/BMP2/BMP2_train_0068.jpg,2433
mstar,train,1,3,0,BMP2,data/MSTAR/train/BMP2/BMP2_train_0069.jpg,2722
mstar,train,1,3,0,BMP2,data/MSTAR/train/BMP2/BMP2_train_0070.jpg,2443
mstar,train,1,3,0,BMP2,data/MSTAR/train/BMP2/BMP2_train_0071.jpg,1460
mstar,train,1,3,0,BMP2,data/MSTAR/train/BMP2/BMP2_train_0072.jpg,1427
mstar,train,1,3,0,BMP2,data/MSTAR/train/BMP2/BMP2_train_0073.jpg,2633
mstar,train,1,3,0,BMP2,data/MSTAR/train/BMP2/BMP2_train_0074.jpg,2732
mstar,train,1,3,0,BMP2,data/MSTAR/train/BMP2/BMP2_train_0075.jpg,1966
mstar,train,1,3,0,BMP2,data/MSTAR/train/BMP2/BMP2_train_0076.jpg,2871
mstar,train,1,3,0,BMP2,data/MSTAR/train/BMP2/BMP2_train_0077.jpg,1948
mstar,train,1,3,0,BMP2,data/MSTAR/train/BMP2/BMP2_train_0078.jpg,2488
mstar,train,1,3,0,BMP2,data/MSTAR/train/BMP2/BMP2_train_0079.jpg,2604
mstar,train,1,3,0,BMP2,data/MSTAR/train/BMP2/BMP2_train_0080.jpg,2704
mstar,train,1,3,0,BMP2,data/MSTAR/train/BMP2/BMP2_train_0081.jpg,2164
mstar,train,1,3,0,BMP2,data/MSTAR/train/BMP2/BMP2_train_0082.jpg,3350
mstar,train,1,3,0,BMP2,data/MSTAR/train/BMP2/BMP2_train_0083.jpg,2915
mstar,train,1,3,0,BMP2,data/MSTAR/train/BMP2/BMP2_train_0084.jpg,2351
mstar,train,1,3,0,BMP2,data/MSTAR/train/BMP2/BMP2_train_0085.jpg,1096
mstar,train,1,3,0,BMP2,data/MSTAR/train/BMP2/BMP2_train_0086.jpg,2885
mstar,train,1,3,0,BMP2,data/MSTAR/train/BMP2/BMP2_train_0087.jpg,1902
mstar,train,1,3,0,BMP2,data/MSTAR/train/BMP2/BMP2_train_0088.jpg,2917
mstar,train,1,3,0,BMP2,data/MSTAR/train/BMP2/BMP2_train_0089.jpg,1042
mstar,train,1,3,0,BMP2,data/MSTAR/train/BMP2/BMP2_train_0090.jpg,1871
mstar,train,1,3,0,BMP2,data/MSTAR/train/BMP2/BMP2_train_0091.jpg,2586
mstar,train,1,3,0,BMP2,data/MSTAR/train/BMP2/BMP2_train_0092.jpg,2454
mstar,train,1,3,0,BMP2,data/MSTAR/train/BMP2/BMP2_train_0093.jpg,2450
mstar,train,1,3,0,BMP2,data/MSTAR/train/BMP2/BMP2_train_0094.jpg,954
mstar,train,1,3,0,BMP2,data/MSTAR/train/BMP2/BMP2_train_0095.jpg,2398
mstar,train,1,3,0,BMP2,data/MSTAR/train/BMP2/BMP2_train_0096.jpg,2626
mstar,train,1,3,0,BMP2,data/MSTAR/train/BMP2/BMP2_train_0097.jpg,2203
mstar,train,1,3,0,BMP2,data/MSTAR/train/BMP2/BMP2_train_0098.jpg,2357
mstar,train,1,3,0,BMP2,data/MSTAR/train/BMP2/BMP2_train_0099.jpg,2208
mstar,train,1,3,0,BMP2,data/MSTAR/train/BMP2/BMP2_train_0100.jpg,2074
mstar,train,1,3,0,BMP2,data/MSTAR/train/BMP2/BMP2_train_0101.jpg,2660
mstar,train,1,3,0,BMP2,data/MSTAR/train/BMP2/BMP2_train_0102.jpg,2126
mstar,train,1,3,0,BMP2,data/MSTAR/train/BMP2/BMP2_train_0103.jpg,2103
mstar,train,1,3,0,BMP2,data/MSTAR/train/BMP2/BMP2_train_0104.jpg,2593
mstar,train,1,3,0,BMP2,data/MSTAR/train/BMP2/BMP2_train_0105.jpg,2590
mstar,train,1,3,0,BMP2,data/MSTAR/train/BMP2/BMP2_train_0106.jpg,2523
mstar,train,1,3,0,BMP2,data/MSTAR/train/BMP2/BMP2_train_0107.jpg,2517
mstar,train,1,3,0,BMP2,data/MSTAR/train/BMP2/BMP2_train_0108.jpg,2734
mstar,train,1,3,0,BMP2,data/MSTAR/train/BMP2/BMP2_train_0109.jpg,2920
mstar,train,1,3,0,BMP2,data/MSTAR/train/BMP2/BMP2_train_0110.jpg,2806
mstar,train,1,3,0,BMP2,data/MSTAR/train/BMP2/BMP2_train_0111.jpg,2814
mstar,train,1,3,0,BMP2,data/MSTAR/train/BMP2/BMP2_train_0112.jpg,2483
mstar,train,1,3,0,BMP2,data/MSTAR/train/BMP2/BMP2_train_0113.jpg,2171
mstar,train,1,3,0,BMP2,data/MSTAR/train/BMP2/BMP2_train_0114.jpg,2626
mstar,train,1,3,0,BMP2,data/MSTAR/train/BMP2/BMP2_train_0115.jpg,3052
mstar,train,1,3,0,BMP2,data/MSTAR/train/BMP2/BMP2_train_0116.jpg,3031
mstar,train,1,3,0,BMP2,data/MSTAR/train/BMP2/BMP2_train_0117.jpg,1802
mstar,train,1,3,0,BMP2,data/MSTAR/train/BMP2/BMP2_train_0118.jpg,2784
mstar,train,1,3,0,BMP2,data/MSTAR/train/BMP2/BMP2_train_0119.jpg,2358
mstar,train,1,3,0,BMP2,data/MSTAR/train/BMP2/BMP2_train_0120.jpg,1212
mstar,train,1,3,0,BMP2,data/MSTAR/train/BMP2/BMP2_train_0121.jpg,2095
mstar,train,1,3,0,BMP2,data/MSTAR/train/BMP2/BMP2_train_0122.jpg,1770
mstar,train,1,3,0,BMP2,data/MSTAR/train/BMP2/BMP2_train_0123.jpg,2454
mstar,train,1,3,0,BMP2,data/MSTAR/train/BMP2/BMP2_train_0124.jpg,1864
mstar,train,1,3,0,BMP2,data/MSTAR/train/BMP2/BMP2_train_0125.jpg,1621
mstar,train,1,3,0,BMP2,data/MSTAR/train/BMP2/BMP2_train_0126.jpg,2311
mstar,train,1,3,0,BMP2,data/MSTAR/train/BMP2/BMP2_train_0127.jpg,2547
mstar,train,1,3,0,BMP2,data/MSTAR/train/BMP2/BMP2_train_0128.jpg,1942
mstar,train,1,3,0,BMP2,data/MSTAR/train/BMP2/BMP2_train_0129.jpg,2137
mstar,train,1,3,0,BMP2,data/MSTAR/train/BMP2/BMP2_train_0130.jpg,715
mstar,train,1,3,0,BMP2,data/MSTAR/train/BMP2/BMP2_train_0131.jpg,1869
mstar,train,1,3,0,BMP2,data/MSTAR/train/BMP2/BMP2_train_0132.jpg,2371
mstar,train,1,3,0,BMP2,data/MSTAR/train/BMP2/BMP2_train_0133.jpg,1740
mstar,train,1,3,0,BMP2,data/MSTAR/train/BMP2/BMP2_train_0134.jpg,2574
mstar,train,1,3,0,BMP2,data/MSTAR/train/BMP2/BMP2_train_0135.jpg,2864
mstar,train,1,3,0,BMP2,data/MSTAR/train/BMP2/BMP2_train_0136.jpg,2916
mstar,train,1,3,0,BMP2,data/MSTAR/train/BMP2/BMP2_train_0137.jpg,1385
mstar,train,1,3,0,BMP2,data/MSTAR/train/BMP2/BMP2_train_0138.jpg,2174
mstar,train,1,3,0,BMP2,data/MSTAR/train/BMP2/BMP2_train_0139.jpg,2421
mstar,train,1,3,0,BMP2,data/MSTAR/train/BMP2/BMP2_train_0140.jpg,2567
mstar,train,1,3,0,BMP2,data/MSTAR/train/BMP2/BMP2_train_0141.jpg,2566
mstar,train,1,3,0,BMP2,data/MSTAR/train/BMP2/BMP2_train_0142.jpg,2183
mstar,train,1,3,0,BMP2,data/MSTAR/train/BMP2/BMP2_train_0143.jpg,2263
mstar,train,1,3,0,BMP2,data/MSTAR/train/BMP2/BMP2_train_0144.jpg,2566
mstar,train,1,3,0,BMP2,data/MSTAR/train/BMP2/BMP2_train_0145.jpg,1769
mstar,train,1,3,0,BMP2,data/MSTAR/train/BMP2/BMP2_train_0146.jpg,2500
mstar,train,1,3,0,BMP2,data/MSTAR/train/BMP2/BMP2_train_0147.jpg,2550
mstar,train,1,3,0,BMP2,data/MSTAR/train/BMP2/BMP2_train_0148.jpg,2255
mstar,train,1,3,0,BMP2,data/MSTAR/train/BMP2/BMP2_train_0149.jpg,1605
mstar,train,1,3,0,BMP2,data/MSTAR/train/BMP2/BMP2_train_0150.jpg,3023
mstar,train,1,3,0,BMP2,data/MSTAR/train/BMP2/BMP2_train_0151.jpg,2309
mstar,train,1,3,0,BMP2,data/MSTAR/train/BMP2/BMP2_train_0152.jpg,2574
mstar,train,1,3,0,BMP2,data/MSTAR/train/BMP2/BMP2_train_0153.jpg,2754
mstar,train,1,3,0,BMP2,data/MSTAR/train/BMP2/BMP2_train_0154.jpg,1654
mstar,train,1,3,0,BMP2,data/MSTAR/train/BMP2/BMP2_train_0155.jpg,2262
mstar,train,1,3,0,BMP2,data/MSTAR/train/BMP2/BMP2_train_0156.jpg,2593
mstar,train,1,3,0,BMP2,data/MSTAR/train/BMP2/BMP2_train_0157.jpg,1928
mstar,train,1,3,0,BMP2,data/MSTAR/train/BMP2/BMP2_train_0158.jpg,2547
mstar,train,1,3,0,BMP2,data/MSTAR/train/BMP2/BMP2_train_0159.jpg,1862
mstar,train,1,3,0,BMP2,data/MSTAR/train/BMP2/BMP2_train_0160.jpg,2528
mstar,train,1,3,0,BMP2,data/MSTAR/train/BMP2/BMP2_train_0161.jpg,2078
mstar,train,1,3,0,BMP2,data/MSTAR/train/BMP2/BMP2_train_0162.jpg,2992
mstar,train,1,3,0,BMP2,data/MSTAR/train/BMP2/BMP2_train_0163.jpg,2858
mstar,train,1,3,0,BMP2,data/MSTAR/train/BMP2/BMP2_train_0164.jpg,2079
mstar,train,1,3,0,BMP2,data/MSTAR/train/BMP2/BMP2_train_0165.jpg,2605
mstar,train,1,3,0,BMP2,data/MSTAR/train/BMP2/BMP2_train_0166.jpg,2553
mstar,train,1,3,0,BMP2,data/MSTAR/train/BMP2/BMP2_train_0167.jpg,1597
mstar,train,1,3,0,BMP2,data/MSTAR/train/BMP2/BMP2_train_0168.jpg,3059
mstar,train,1,3,0,BMP2,data/MSTAR/train/BMP2/BMP2_train_0169.jpg,984
mstar,train,1,3,0,BMP2,data/MSTAR/train/BMP2/BMP2_train_0170.jpg,3204
mstar,train,1,3,0,BMP2,data/MSTAR/train/BMP2/BMP2_train_0171.jpg,2251
mstar,train,1,3,0,BMP2,data/MSTAR/train/BMP2/BMP2_train_0172.jpg,2100
mstar,train,1,3,0,BMP2,data/MSTAR/train/BMP2/BMP2_train_0173.jpg,2504
mstar,train,1,3,0,BMP2,data/MSTAR/train/BMP2/BMP2_train_0174.jpg,1016
mstar,train,1,3,0,BMP2,data/MSTAR/train/BMP2/BMP2_train_0175.jpg,2369
mstar,train,1,3,0,BMP2,data/MSTAR/train/BMP2/BMP2_train_0176.jpg,2027
mstar,train,1,3,0,BMP2,data/MSTAR/train/BMP2/BMP2_train_0177.jpg,1628
mstar,train,1,3,0,BMP2,data/MSTAR/train/BMP2/BMP2_train_0178.jpg,1824
mstar,train,1,3,0,BMP2,data/MSTAR/train/BMP2/BMP2_train_0179.jpg,1973
mstar,train,1,3,0,BMP2,data/MSTAR/train/BMP2/BMP2_train_0180.jpg,2533
mstar,train,1,3,0,BMP2,data/MSTAR/train/BMP2/BMP2_train_0181.jpg,1952
mstar,train,1,3,0,BMP2,data/MSTAR/train/BMP2/BMP2_train_0182.jpg,2791
mstar,train,1,3,0,BMP2,data/MSTAR/train/BMP2/BMP2_train_0183.jpg,2556
mstar,train,1,3,0,BMP2,data/MSTAR/train/BMP2/BMP2_train_0184.jpg,2819
mstar,train,1,3,0,BMP2,data/MSTAR/train/BMP2/BMP2_train_0185.jpg,2041
mstar,train,1,3,0,BMP2,data/MSTAR/train/BMP2/BMP2_train_0186.jpg,2325
mstar,train,1,3,0,BMP2,data/MSTAR/train/BMP2/BMP2_train_0187.jpg,2631
mstar,train,1,3,0,BMP2,data/MSTAR/train/BMP2/BMP2_train_0188.jpg,2288
mstar,train,1,3,0,BMP2,data/MSTAR/train/BMP2/BMP2_train_0189.jpg,2518
mstar,train,1,3,0,BMP2,data/MSTAR/train/BMP2/BMP2_train_0190.jpg,2235
mstar,train,1,3,0,BMP2,data/MSTAR/train/BMP2/BMP2_train_0191.jpg,2169
mstar,train,1,3,0,BMP2,data/MSTAR/train/BMP2/BMP2_train_0192.jpg,3125
mstar,train,1,3,0,BMP2,data/MSTAR/train/BMP2/BMP2_train_0193.jpg,2622
mstar,train,1,3,0,BMP2,data/MSTAR/train/BMP2/BMP2_train_0194.jpg,2525
mstar,train,1,3,0,BMP2,data/MSTAR/train/BMP2/BMP2_train_0195.jpg,1904
mstar,train,1,3,0,BMP2,data/MSTAR/train/BMP2/BMP2_train_0196.jpg,1924
mstar,train,1,3,0,BMP2,data/MSTAR/train/BMP2/BMP2_train_0197.jpg,2312
mstar,train,1,3,0,BMP2,data/MSTAR/train/BMP2/BMP2_train_0198.jpg,1857
mstar,train,1,3,0,BMP2,data/MSTAR/train/BMP2/BMP2_train_0199.jpg,1617
mstar,train,1,3,0,BMP2,data/MSTAR/train/BMP2/BMP2_train_0200.jpg,2694
mstar,train,1,3,0,BMP2,data/MSTAR/train/BMP2/BMP2_train_0201.jpg,2697
mstar,train,1,3,0,BMP2,data/MSTAR/train/BMP2/BMP2_train_0202.jpg,2460
mstar,train,1,3,0,BMP2,data/MSTAR/train/BMP2/BMP2_train_0203.jpg,3450
mstar,train,1,3,0,BMP2,data/MSTAR/train/BMP2/BMP2_train_0204.jpg,2827
mstar,train,1,3,0,BMP2,data/MSTAR/train/BMP2/BMP2_train_0205.jpg,2815
mstar,train,1,3,0,BMP2,data/MSTAR/train/BMP2/BMP2_train_0206.jpg,1863
mstar,train,1,3,0,BMP2,data/MSTAR/train/BMP2/BMP2_train_0207.jpg,2385
mstar,train,1,3,0,BMP2,data/MSTAR/train/BMP2/BMP2_train_0208.jpg,2575
mstar,train,1,3,0,BMP2,data/MSTAR/train/BMP2/BMP2_train_0209.jpg,1839
mstar,train,1,3,0,BMP2,data/MSTAR/train/BMP2/BMP2_train_0210.jpg,1968
mstar,train,1,3,0,BMP2,data/MSTAR/train/BMP2/BMP2_train_0211.jpg,2670
mstar,train,1,3,0,BMP2,data/MSTAR/train/BMP2/BMP2_train_0212.jpg,2765
mstar,train,1,3,0,BMP2,data/MSTAR/train/BMP2/BMP2_train_0213.jpg,2072
mstar,train,1,3,0,BMP2,data/MSTAR/train/BMP2/BMP2_train_0214.jpg,2702
mstar,train,1,3,0,BMP2,data/MSTAR/train/BMP2/BMP2_train_0215.jpg,2659
mstar,train,1,3,0,BMP2,data/MSTAR/train/BMP2/BMP2_train_0216.jpg,2194
mstar,train,1,3,0,BMP2,data/MSTAR/train/BMP2/BMP2_train_0217.jpg,2222
mstar,train,1,3,0,BMP2,data/MSTAR/train/BMP2/BMP2_train_0218.jpg,2483
mstar,train,1,3,0,BMP2,data/MSTAR/train/BMP2/BMP2_train_0219.jpg,2025
mstar,train,1,3,0,BMP2,data/MSTAR/train/BMP2/BMP2_train_0220.jpg,919
mstar,train,1,3,0,BMP2,data/MSTAR/train/BMP2/BMP2_train_0221.jpg,2181
mstar,train,1,3,0,BMP2,data/MSTAR/train/BMP2/BMP2_train_0222.jpg,1522
mstar,train,1,3,0,BMP2,data/MSTAR/train/BMP2/BMP2_train_0223.jpg,2399
mstar,train,1,3,0,BMP2,data/MSTAR/train/BMP2/BMP2_train_0224.jpg,2929
mstar,train,1,3,0,BMP2,data/MSTAR/train/BMP2/BMP2_train_0225.jpg,3310
mstar,train,1,3,0,BMP2,data/MSTAR/train/BMP2/BMP2_train_0226.jpg,2072
mstar,train,1,3,0,BMP2,data/MSTAR/train/BMP2/BMP2_train_0227.jpg,2324
mstar,train,1,3,0,BMP2,data/MSTAR/train/BMP2/BMP2_train_0228.jpg,2308
mstar,train,1,3,0,BMP2,data/MSTAR/train/BMP2/BMP2_train_0229.jpg,2640
mstar,train,1,3,0,BMP2,data/MSTAR/train/BMP2/BMP2_train_0230.jpg,2408
mstar,train,1,3,0,BMP2,data/MSTAR/train/BMP2/BMP2_train_0231.jpg,2535
mstar,train,1,3,0,BMP2,data/MSTAR/train/BMP2/BMP2_train_0232.jpg,2706
mstar,test,1,3,0,BMP2,data/MSTAR/test/BMP2/BMP2_test_0000.jpg,2955
mstar,test,1,3,0,BMP2,data/MSTAR/test/BMP2/BMP2_test_0001.jpg,2564
mstar,test,1,3,0,BMP2,data/MSTAR/test/BMP2/BMP2_test_0002.jpg,2811
mstar,test,1,3,0,BMP2,data/MSTAR/test/BMP2/BMP2_test_0003.jpg,1847
mstar,test,1,3,0,BMP2,data/MSTAR/test/BMP2/BMP2_test_0004.jpg,1906
mstar,test,1,3,0,BMP2,data/MSTAR/test/BMP2/BMP2_test_0005.jpg,2588
mstar,test,1,3,0,BMP2,data/MSTAR/test/BMP2/BMP2_test_0006.jpg,2306
mstar,test,1,3,0,BMP2,data/MSTAR/test/BMP2/BMP2_test_0007.jpg,2930
mstar,test,1,3,0,BMP2,data/MSTAR/test/BMP2/BMP2_test_0008.jpg,2415
mstar,test,1,3,0,BMP2,data/MSTAR/test/BMP2/BMP2_test_0009.jpg,1383
mstar,test,1,3,0,BMP2,data/MSTAR/test/BMP2/BMP2_test_0010.jpg,2144
mstar,test,1,3,0,BMP2,data/MSTAR/test/BMP2/BMP2_test_0011.jpg,2318
mstar,test,1,3,0,BMP2,data/MSTAR/test/BMP2/BMP2_test_0012.jpg,2079
mstar,test,1,3,0,BMP2,data/MSTAR/test/BMP2/BMP2_test_0013.jpg,1437
mstar,test,1,3,0,BMP2,data/MSTAR/test/BMP2/BMP2_test_0014.jpg,2603
mstar,test,1,3,0,BMP2,data/MSTAR/test/BMP2/BMP2_test_0015.jpg,2456
mstar,test,1,3,0,BMP2,data/MSTAR/test/BMP2/BMP2_test_0016.jpg,1912
mstar,test,1,3,0,BMP2,data/MSTAR/test/BMP2/BMP2_test_0017.jpg,2598
mstar,test,1,3,0,BMP2,data/MSTAR/test/BMP2/BMP2_test_0018.jpg,1296
mstar,test,1,3,0,BMP2,data/MSTAR/test/BMP2/BMP2_test_0019.jpg,1967
mstar,test,1,3,0,BMP2,data/MSTAR/test/BMP2/BMP2_test_0020.jpg,2195
mstar,test,1,3,0,BMP2,data/MSTAR/test/BMP2/BMP2_test_0021.jpg,2065
mstar,test,1,3,0,BMP2,data/MSTAR/test/BMP2/BMP2_test_0022.jpg,2786
mstar,test,1,3,0,BMP2,data/MSTAR/test/BMP2/BMP2_test_0023.jpg,2633
mstar,test,1,3,0,BMP2,data/MSTAR/test/BMP2/BMP2_test_0024.jpg,2497
mstar,test,1,3,0,BMP2,data/MSTAR/test/BMP2/BMP2_test_0025.jpg,1428
mstar,test,1,3,0,BMP2,data/MSTAR/test/BMP2/BMP2_test_0026.jpg,1374
mstar,test,1,3,0,BMP2,data/MSTAR/test/BMP2/BMP2_test_0027.jpg,1967
mstar,test,1,3,0,BMP2,data/MSTAR/test/BMP2/BMP2_test_0028.jpg,2449
mstar,test,1,3,0,BMP2,data/MSTAR/test/BMP2/BMP2_test_0029.jpg,2417
mstar,test,1,3,0,BMP2,data/MSTAR/test/BMP2/BMP2_test_0030.jpg,2739
mstar,test,1,3,0,BMP2,data/MSTAR/test/BMP2/BMP2_test_0031.jpg,793
mstar,test,1,3,0,BMP2,data/MSTAR/test/BMP2/BMP2_test_0032.jpg,1547
mstar,test,1,3,0,BMP2,data/MSTAR/test/BMP2/BMP2_test_0033.jpg,2711
mstar,test,1,3,0,BMP2,data/MSTAR/test/BMP2/BMP2_test_0034.jpg,1964
mstar,test,1,3,0,BMP2,data/MSTAR/test/BMP2/BMP2_test_0035.jpg,2644
mstar,test,1,3,0,BMP2,data/MSTAR/test/BMP2/BMP2_test_0036.jpg,2622
mstar,test,1,3,0,BMP2,data/MSTAR/test/BMP2/BMP2_test_0037.jpg,2523
mstar,test,1,3,0,BMP2,data/MSTAR/test/BMP2/BMP2_test_0038.jpg,2280
mstar,test,1,3,0,BMP2,data/MSTAR/test/BMP2/BMP2_test_0039.jpg,2129
mstar,test,1,3,0,BMP2,data/MSTAR/test/BMP2/BMP2_test_0040.jpg,3124
mstar,test,1,3,0,BMP2,data/MSTAR/test/BMP2/BMP2_test_0041.jpg,2166
mstar,test,1,3,0,BMP2,data/MSTAR/test/BMP2/BMP2_test_0042.jpg,1701
mstar,test,1,3,0,BMP2,data/MSTAR/test/BMP2/BMP2_test_0043.jpg,2075
mstar,test,1,3,0,BMP2,data/MSTAR/test/BMP2/BMP2_test_0044.jpg,2031
mstar,test,1,3,0,BMP2,data/MSTAR/test/BMP2/BMP2_test_0045.jpg,1629
mstar,test,1,3,0,BMP2,data/MSTAR/test/BMP2/BMP2_test_0046.jpg,2523
mstar,test,1,3,0,BMP2,data/MSTAR/test/BMP2/BMP2_test_0047.jpg,2461
mstar,test,1,3,0,BMP2,data/MSTAR/test/BMP2/BMP2_test_0048.jpg,1695
mstar,test,1,3,0,BMP2,data/MSTAR/test/BMP2/BMP2_test_0049.jpg,1664
mstar,test,1,3,0,BMP2,data/MSTAR/test/BMP2/BMP2_test_0050.jpg,2039
mstar,test,1,3,0,BMP2,data/MSTAR/test/BMP2/BMP2_test_0051.jpg,2543
mstar,test,1,3,0,BMP2,data/MSTAR/test/BMP2/BMP2_test_0052.jpg,2338
mstar,test,1,3,0,BMP2,data/MSTAR/test/BMP2/BMP2_test_0053.jpg,2911
mstar,test,1,3,0,BMP2,data/MSTAR/test/BMP2/BMP2_test_0054.jpg,1827
mstar,test,1,3,0,BMP2,data/MSTAR/test/BMP2/BMP2_test_0055.jpg,2251
mstar,test,1,3,0,BMP2,data/MSTAR/test/BMP2/BMP2_test_0056.jpg,2863
mstar,test,1,3,0,BMP2,data/MSTAR/test/BMP2/BMP2_test_0057.jpg,1886
mstar,test,1,3,0,BMP2,data/MSTAR/test/BMP2/BMP2_test_0058.jpg,2232
mstar,test,1,3,0,BMP2,data/MSTAR/test/BMP2/BMP2_test_0059.jpg,2139
mstar,test,1,3,0,BMP2,data/MSTAR/test/BMP2/BMP2_test_0060.jpg,2285
mstar,test,1,3,0,BMP2,data/MSTAR/test/BMP2/BMP2_test_0061.jpg,2184
mstar,test,1,3,0,BMP2,data/MSTAR/test/BMP2/BMP2_test_0062.jpg,1904
mstar,test,1,3,0,BMP2,data/MSTAR/test/BMP2/BMP2_test_0063.jpg,2537
mstar,test,1,3,0,BMP2,data/MSTAR/test/BMP2/BMP2_test_0064.jpg,2120
mstar,test,1,3,0,BMP2,data/MSTAR/test/BMP2/BMP2_test_0065.jpg,2672
mstar,test,1,3,0,BMP2,data/MSTAR/test/BMP2/BMP2_test_0066.jpg,2473
mstar,test,1,3,0,BMP2,data/MSTAR/test/BMP2/BMP2_test_0067.jpg,2936
mstar,test,1,3,0,BMP2,data/MSTAR/test/BMP2/BMP2_test_0068.jpg,2105
mstar,test,1,3,0,BMP2,data/MSTAR/test/BMP2/BMP2_test_0069.jpg,2428
mstar,test,1,3,0,BMP2,data/MSTAR/test/BMP2/BMP2_test_0070.jpg,2922
mstar,test,1,3,0,BMP2,data/MSTAR/test/BMP2/BMP2_test_0071.jpg,1093
mstar,test,1,3,0,BMP2,data/MSTAR/test/BMP2/BMP2_test_0072.jpg,1667
mstar,test,1,3,0,BMP2,data/MSTAR/test/BMP2/BMP2_test_0073.jpg,3172
mstar,test,1,3,0,BMP2,data/MSTAR/test/BMP2/BMP2_test_0074.jpg,2769
mstar,test,1,3,0,BMP2,data/MSTAR/test/BMP2/BMP2_test_0075.jpg,1859
mstar,test,1,3,0,BMP2,data/MSTAR/test/BMP2/BMP2_test_0076.jpg,2507
mstar,test,1,3,0,BMP2,data/MSTAR/test/BMP2/BMP2_test_0077.jpg,1869
mstar,test,1,3,0,BMP2,data/MSTAR/test/BMP2/BMP2_test_0078.jpg,2605
mstar,test,1,3,0,BMP2,data/MSTAR/test/BMP2/BMP2_test_0079.jpg,2274
mstar,test,1,3,0,BMP2,data/MSTAR/test/BMP2/BMP2_test_0080.jpg,2350
mstar,test,1,3,0,BMP2,data/MSTAR/test/BMP2/BMP2_test_0081.jpg,1896
mstar,test,1,3,0,BMP2,data/MSTAR/test/BMP2/BMP2_test_0082.jpg,2507
mstar,test,1,3,0,BMP2,data/MSTAR/test/BMP2/BMP2_test_0083.jpg,2129
mstar,test,1,3,0,BMP2,data/MSTAR/test/BMP2/BMP2_test_0084.jpg,2605
mstar,test,1,3,0,BMP2,data/MSTAR/test/BMP2/BMP2_test_0085.jpg,1931
mstar,test,1,3,0,BMP2,data/MSTAR/test/BMP2/BMP2_test_0086.jpg,2334
mstar,test,1,3,0,BMP2,data/MSTAR/test/BMP2/BMP2_test_0087.jpg,2545
mstar,test,1,3,0,BMP2,data/MSTAR/test/BMP2/BMP2_test_0088.jpg,1938
mstar,test,1,3,0,BMP2,data/MSTAR/test/BMP2/BMP2_test_0089.jpg,1764
mstar,test,1,3,0,BMP2,data/MSTAR/test/BMP2/BMP2_test_0090.jpg,720
mstar,test,1,3,0,BMP2,data/MSTAR/test/BMP2/BMP2_test_0091.jpg,2504
mstar,test,1,3,0,BMP2,data/MSTAR/test/BMP2/BMP2_test_0092.jpg,2086
mstar,test,1,3,0,BMP2,data/MSTAR/test/BMP2/BMP2_test_0093.jpg,689
mstar,test,1,3,0,BMP2,data/MSTAR/test/BMP2/BMP2_test_0094.jpg,2466
mstar,test,1,3,0,BMP2,data/MSTAR/test/BMP2/BMP2_test_0095.jpg,2145
mstar,test,1,3,0,BMP2,data/MSTAR/test/BMP2/BMP2_test_0096.jpg,1934
mstar,test,1,3,0,BMP2,data/MSTAR/test/BMP2/BMP2_test_0097.jpg,2109
mstar,test,1,3,0,BMP2,data/MSTAR/test/BMP2/BMP2_test_0098.jpg,2096
mstar,test,1,3,0,BMP2,data/MSTAR/test/BMP2/BMP2_test_0099.jpg,1872
mstar,test,1,3,0,BMP2,data/MSTAR/test/BMP2/BMP2_test_0100.jpg,3291
mstar,test,1,3,0,BMP2,data/MSTAR/test/BMP2/BMP2_test_0101.jpg,1964
mstar,test,1,3,0,BMP2,data/MSTAR/test/BMP2/BMP2_test_0102.jpg,2318
mstar,test,1,3,0,BMP2,data/MSTAR/test/BMP2/BMP2_test_0103.jpg,758
mstar,test,1,3,0,BMP2,data/MSTAR/test/BMP2/BMP2_test_0104.jpg,2930
mstar,test,1,3,0,BMP2,data/MSTAR/test/BMP2/BMP2_test_0105.jpg,2060
mstar,test,1,3,0,BMP2,data/MSTAR/test/BMP2/BMP2_test_0106.jpg,2309
mstar,test,1,3,0,BMP2,data/MSTAR/test/BMP2/BMP2_test_0107.jpg,2303
mstar,test,1,3,0,BMP2,data/MSTAR/test/BMP2/BMP2_test_0108.jpg,2483
mstar,test,1,3,0,BMP2,data/MSTAR/test/BMP2/BMP2_test_0109.jpg,1933
mstar,test,1,3,0,BMP2,data/MSTAR/test/BMP2/BMP2_test_0110.jpg,2044
mstar,test,1,3,0,BMP2,data/MSTAR/test/BMP2/BMP2_test_0111.jpg,2818
mstar,test,1,3,0,BMP2,data/MSTAR/test/BMP2/BMP2_test_0112.jpg,2362
mstar,test,1,3,0,BMP2,data/MSTAR/test/BMP2/BMP2_test_0113.jpg,2499
mstar,test,1,3,0,BMP2,data/MSTAR/test/BMP2/BMP2_test_0114.jpg,2528
mstar,test,1,3,0,BMP2,data/MSTAR/test/BMP2/BMP2_test_0115.jpg,2479
mstar,test,1,3,0,BMP2,data/MSTAR/test/BMP2/BMP2_test_0116.jpg,741
mstar,test,1,3,0,BMP2,data/MSTAR/test/BMP2/BMP2_test_0117.jpg,2570
mstar,test,1,3,0,BMP2,data/MSTAR/test/BMP2/BMP2_test_0118.jpg,2183
mstar,test,1,3,0,BMP2,data/MSTAR/test/BMP2/BMP2_test_0119.jpg,1443
mstar,test,1,3,0,BMP2,data/MSTAR/test/BMP2/BMP2_test_0120.jpg,1278
mstar,test,1,3,0,BMP2,data/MSTAR/test/BMP2/BMP2_test_0121.jpg,1983
mstar,test,1,3,0,BMP2,data/MSTAR/test/BMP2/BMP2_test_0122.jpg,2834
mstar,test,1,3,0,BMP2,data/MSTAR/test/BMP2/BMP2_test_0123.jpg,2631
mstar,test,1,3,0,BMP2,data/MSTAR/test/BMP2/BMP2_test_0124.jpg,2913
mstar,test,1,3,0,BMP2,data/MSTAR/test/BMP2/BMP2_test_0125.jpg,2425
mstar,test,1,3,0,BMP2,data/MSTAR/test/BMP2/BMP2_test_0126.jpg,2464
mstar,test,1,3,0,BMP2,data/MSTAR/test/BMP2/BMP2_test_0127.jpg,2472
mstar,test,1,3,0,BMP2,data/MSTAR/test/BMP2/BMP2_test_0128.jpg,2741
mstar,test,1,3,0,BMP2,data/MSTAR/test/BMP2/BMP2_test_0129.jpg,2779
mstar,test,1,3,0,BMP2,data/MSTAR/test/BMP2/BMP2_test_0130.jpg,2033
mstar,test,1,3,0,BMP2,data/MSTAR/test/BMP2/BMP2_test_0131.jpg,1606
mstar,test,1,3,0,BMP2,data/MSTAR/test/BMP2/BMP2_test_0132.jpg,615
mstar,test,1,3,0,BMP2,data/MSTAR/test/BMP2/BMP2_test_0133.jpg,1565
mstar,test,1,3,0,BMP2,data/MSTAR/test/BMP2/BMP2_test_0134.jpg,2511
mstar,test,1,3,0,BMP2,data/MSTAR/test/BMP2/BMP2_test_0135.jpg,2292
mstar,test,1,3,0,BMP2,data/MSTAR/test/BMP2/BMP2_test_0136.jpg,2378
mstar,test,1,3,0,BMP2,data/MSTAR/test/BMP2/BMP2_test_0137.jpg,1346
mstar,test,1,3,0,BMP2,data/MSTAR/test/BMP2/BMP2_test_0138.jpg,2153
mstar,test,1,3,0,BMP2,data/MSTAR/test/BMP2/BMP2_test_0139.jpg,2261
mstar,test,1,3,0,BMP2,data/MSTAR/test/BMP2/BMP2_test_0140.jpg,1716
mstar,test,1,3,0,BMP2,data/MSTAR/test/BMP2/BMP2_test_0141.jpg,2554
mstar,test,1,3,0,BMP2,data/MSTAR/test/BMP2/BMP2_test_0142.jpg,1978
mstar,test,1,3,0,BMP2,data/MSTAR/test/BMP2/BMP2_test_0143.jpg,1783
mstar,test,1,3,0,BMP2,data/MSTAR/test/BMP2/BMP2_test_0144.jpg,2826
mstar,test,1,3,0,BMP2,data/MSTAR/test/BMP2/BMP2_test_0145.jpg,1871
mstar,test,1,3,0,BMP2,data/MSTAR/test/BMP2/BMP2_test_0146.jpg,2316
mstar,test,1,3,0,BMP2,data/MSTAR/test/BMP2/BMP2_test_0147.jpg,2378
mstar,test,1,3,0,BMP2,data/MSTAR/test/BMP2/BMP2_test_0148.jpg,2231
mstar,test,1,3,0,BMP2,data/MSTAR/test/BMP2/BMP2_test_0149.jpg,2840
mstar,test,1,3,0,BMP2,data/MSTAR/test/BMP2/BMP2_test_0150.jpg,2546
mstar,test,1,3,0,BMP2,data/MSTAR/test/BMP2/BMP2_test_0151.jpg,1974
mstar,test,1,3,0,BMP2,data/MSTAR/test/BMP2/BMP2_test_0152.jpg,2486
mstar,test,1,3,0,BMP2,data/MSTAR/test/BMP2/BMP2_test_0153.jpg,1893
mstar,test,1,3,0,BMP2,data/MSTAR/test/BMP2/BMP2_test_0154.jpg,2471
mstar,test,1,3,0,BMP2,data/MSTAR/test/BMP2/BMP2_test_0155.jpg,2382
mstar,test,1,3,0,BMP2,data/MSTAR/test/BMP2/BMP2_test_0156.jpg,2096
mstar,test,1,3,0,BMP2,data/MSTAR/test/BMP2/BMP2_test_0157.jpg,2901
mstar,test,1,3,0,BMP2,data/MSTAR/test/BMP2/BMP2_test_0158.jpg,2222
mstar,test,1,3,0,BMP2,data/MSTAR/test/BMP2/BMP2_test_0159.jpg,2337
mstar,test,1,3,0,BMP2,data/MSTAR/test/BMP2/BMP2_test_0160.jpg,2702
mstar,test,1,3,0,BMP2,data/MSTAR/test/BMP2/BMP2_test_0161.jpg,2655
mstar,test,1,3,0,BMP2,data/MSTAR/test/BMP2/BMP2_test_0162.jpg,2361
mstar,test,1,3,0,BMP2,data/MSTAR/test/BMP2/BMP2_test_0163.jpg,2322
mstar,test,1,3,0,BMP2,data/MSTAR/test/BMP2/BMP2_test_0164.jpg,1994
mstar,test,1,3,0,BMP2,data/MSTAR/test/BMP2/BMP2_test_0165.jpg,2198
mstar,test,1,3,0,BMP2,data/MSTAR/test/BMP2/BMP2_test_0166.jpg,2687
mstar,test,1,3,0,BMP2,data/MSTAR/test/BMP2/BMP2_test_0167.jpg,2554
mstar,test,1,3,0,BMP2,data/MSTAR/test/BMP2/BMP2_test_0168.jpg,2251
mstar,test,1,3,0,BMP2,data/MSTAR/test/BMP2/BMP2_test_0169.jpg,989
mstar,test,1,3,0,BMP2,data/MSTAR/test/BMP2/BMP2_test_0170.jpg,2300
mstar,test,1,3,0,BMP2,data/MSTAR/test/BMP2/BMP2_test_0171.jpg,2568
mstar,test,1,3,0,BMP2,data/MSTAR/test/BMP2/BMP2_test_0172.jpg,2305
mstar,test,1,3,0,BMP2,data/MSTAR/test/BMP2/BMP2_test_0173.jpg,2773
mstar,test,1,3,0,BMP2,data/MSTAR/test/BMP2/BMP2_test_0174.jpg,2441
mstar,test,1,3,0,BMP2,data/MSTAR/test/BMP2/BMP2_test_0175.jpg,2594
mstar,test,1,3,0,BMP2,data/MSTAR/test/BMP2/BMP2_test_0176.jpg,1545
mstar,test,1,3,0,BMP2,data/MSTAR/test/BMP2/BMP2_test_0177.jpg,2627
mstar,test,1,3,0,BMP2,data/MSTAR/test/BMP2/BMP2_test_0178.jpg,2078
mstar,test,1,3,0,BMP2,data/MSTAR/test/BMP2/BMP2_test_0179.jpg,1189
mstar,test,1,3,0,BMP2,data/MSTAR/test/BMP2/BMP2_test_0180.jpg,2348
mstar,test,1,3,0,BMP2,data/MSTAR/test/BMP2/BMP2_test_0181.jpg,2499
mstar,test,1,3,0,BMP2,data/MSTAR/test/BMP2/BMP2_test_0182.jpg,2140
mstar,test,1,3,0,BMP2,data/MSTAR/test/BMP2/BMP2_test_0183.jpg,2758
mstar,test,1,3,0,BMP2,data/MSTAR/test/BMP2/BMP2_test_0184.jpg,2023
mstar,test,1,3,0,BMP2,data/MSTAR/test/BMP2/BMP2_test_0185.jpg,2544
mstar,test,1,3,0,BMP2,data/MSTAR/test/BMP2/BMP2_test_0186.jpg,1632
mstar,test,1,3,0,BMP2,data/MSTAR/test/BMP2/BMP2_test_0187.jpg,781
mstar,test,1,3,0,BMP2,data/MSTAR/test/BMP2/BMP2_test_0188.jpg,1918
mstar,test,1,3,0,BMP2,data/MSTAR/test/BMP2/BMP2_test_0189.jpg,2373
mstar,test,1,3,0,BMP2,data/MSTAR/test/BMP2/BMP2_test_0190.jpg,2596
mstar,test,1,3,0,BMP2,data/MSTAR/test/BMP2/BMP2_test_0191.jpg,2463
mstar,test,1,3,0,BMP2,data/MSTAR/test/BMP2/BMP2_test_0192.jpg,2144
mstar,test,1,3,0,BMP2,data/MSTAR/test/BMP2/BMP2_test_0193.jpg,2140
mstar,test,1,3,0,BMP2,data/MSTAR/test/BMP2/BMP2_test_0194.jpg,1708
mstar,test,1,3,0,BMP2,data/MSTAR/test/BMP2/BMP2_test_0195.jpg,2350
mstar,train,8,4,1,ZIL131,data/MSTAR/train/ZIL131/ZIL131_train_0000.jpg,3210
mstar,train,8,4,1,ZIL131,data/MSTAR/train/ZIL131/ZIL131_train_0001.jpg,4607
mstar,train,8,4,1,ZIL131,data/MSTAR/train/ZIL131/ZIL131_train_0002.jpg,4014
mstar,train,8,4,1,ZIL131,data/MSTAR/train/ZIL131/ZIL131_train_0003.jpg,5161
mstar,train,8,4,1,ZIL131,data/MSTAR/train/ZIL131/ZIL131_train_0004.jpg,6324
mstar,test,8,4,1,ZIL131,data/MSTAR/test/ZIL131/ZIL131_test_0000.jpg,2574
mstar,test,8,4,1,ZIL131,data/MSTAR/test/ZIL131/ZIL131_test_0001.jpg,3769
mstar,test,8,4,1,ZIL131,data/MSTAR/test/ZIL131/ZIL131_test_0002.jpg,3156
mstar,test,8,4,1,ZIL131,data/MSTAR/test/ZIL131/ZIL131_test_0003.jpg,3844
mstar,test,8,4,1,ZIL131,data/MSTAR/test/ZIL131/ZIL131_test_0004.jpg,2767
mstar,test,8,4,1,ZIL131,data/MSTAR/test/ZIL131/ZIL131_test_0005.jpg,3285
mstar,test,8,4,1,ZIL131,data/MSTAR/test/ZIL131/ZIL131_test_0006.jpg,3530
mstar,test,8,4,1,ZIL131,data/MSTAR/test/ZIL131/ZIL131_test_0007.jpg,1474
mstar,test,8,4,1,ZIL131,data/MSTAR/test/ZIL131/ZIL131_test_0008.jpg,4077
mstar,test,8,4,1,ZIL131,data/MSTAR/test/ZIL131/ZIL131_test_0009.jpg,983
mstar,test,8,4,1,ZIL131,data/MSTAR/test/ZIL131/ZIL131_test_0010.jpg,3446
mstar,test,8,4,1,ZIL131,data/MSTAR/test/ZIL131/ZIL131_test_0011.jpg,3718
mstar,test,8,4,1,ZIL131,data/MSTAR/test/ZIL131/ZIL131_test_0012.jpg,4169
mstar,test,8,4,1,ZIL131,data/MSTAR/test/ZIL131/ZIL131_test_0013.jpg,1242
mstar,test,8,4,1,ZIL131,data/MSTAR/test/ZIL131/ZIL131_test_0014.jpg,2043
mstar,test,8,4,1,ZIL131,data/MSTAR/test/ZIL131/ZIL131_test_0015.jpg,5154
mstar,test,8,4,1,ZIL131,data/MSTAR/test/ZIL131/ZIL131_test_0016.jpg,3838
mstar,test,8,4,1,ZIL131,data/MSTAR/test/ZIL131/ZIL131_test_0017.jpg,1938
mstar,test,8,4,1,ZIL131,data/MSTAR/test/ZIL131/ZIL131_test_0018.jpg,2898
mstar,test,8,4,1,ZIL131,data/MSTAR/test/ZIL131/ZIL131_test_0019.jpg,2384
mstar,test,8,4,1,ZIL131,data/MSTAR/test/ZIL131/ZIL131_test_0020.jpg,5209
mstar,test,8,4,1,ZIL131,data/MSTAR/test/ZIL131/ZIL131_test_0021.jpg,1648
mstar,test,8,4,1,ZIL131,data/MSTAR/test/ZIL131/ZIL131_test_0022.jpg,2533
mstar,test,8,4,1,ZIL131,data/MSTAR/test/ZIL131/ZIL131_test_0023.jpg,2139
mstar,test,8,4,1,ZIL131,data/MSTAR/test/ZIL131/ZIL131_test_0024.jpg,3947
mstar,test,8,4,1,ZIL131,data/MSTAR/test/ZIL131/ZIL131_test_0025.jpg,3292
mstar,test,8,4,1,ZIL131,data/MSTAR/test/ZIL131/ZIL131_test_0026.jpg,3672
mstar,test,8,4,1,ZIL131,data/MSTAR/test/ZIL131/ZIL131_test_0027.jpg,2641
mstar,test,8,4,1,ZIL131,data/MSTAR/test/ZIL131/ZIL131_test_0028.jpg,2502
mstar,test,8,4,1,ZIL131,data/MSTAR/test/ZIL131/ZIL131_test_0029.jpg,1768
mstar,test,8,4,1,ZIL131,data/MSTAR/test/ZIL131/ZIL131_test_0030.jpg,1908
mstar,test,8,4,1,ZIL131,data/MSTAR/test/ZIL131/ZIL131_test_0031.jpg,986
mstar,test,8,4,1,ZIL131,data/MSTAR/test/ZIL131/ZIL131_test_0032.jpg,3419
mstar,test,8,4,1,ZIL131,data/MSTAR/test/ZIL131/ZIL131_test_0033.jpg,3686
mstar,test,8,4,1,ZIL131,data/MSTAR/test/ZIL131/ZIL131_test_0034.jpg,2110
mstar,test,8,4,1,ZIL131,data/MSTAR/test/ZIL131/ZIL131_test_0035.jpg,2803
mstar,test,8,4,1,ZIL131,data/MSTAR/test/ZIL131/ZIL131_test_0036.jpg,2509
mstar,test,8,4,1,ZIL131,data/MSTAR/test/ZIL131/ZIL131_test_0037.jpg,1794
mstar,test,8,4,1,ZIL131,data/MSTAR/test/ZIL131/ZIL131_test_0038.jpg,2964
mstar,test,8,4,1,ZIL131,data/MSTAR/test/ZIL131/ZIL131_test_0039.jpg,2361
mstar,test,8,4,1,ZIL131,data/MSTAR/test/ZIL131/ZIL131_test_0040.jpg,2016
mstar,test,8,4,1,ZIL131,data/MSTAR/test/ZIL131/ZIL131_test_0041.jpg,1926
mstar,test,8,4,1,ZIL131,data/MSTAR/test/ZIL131/ZIL131_test_0042.jpg,3345
mstar,test,8,4,1,ZIL131,data/MSTAR/test/ZIL131/ZIL131_test_0043.jpg,2122
mstar,test,8,4,1,ZIL131,data/MSTAR/test/ZIL131/ZIL131_test_0044.jpg,1398
mstar,test,8,4,1,ZIL131,data/MSTAR/test/ZIL131/ZIL131_test_0045.jpg,2915
mstar,test,8,4,1,ZIL131,data/MSTAR/test/ZIL131/ZIL131_test_0046.jpg,1029
mstar,test,8,4,1,ZIL131,data/MSTAR/test/ZIL131/ZIL131_test_0047.jpg,2985
mstar,test,8,4,1,ZIL131,data/MSTAR/test/ZIL131/ZIL131_test_0048.jpg,1969
mstar,test,8,4,1,ZIL131,data/MSTAR/test/ZIL131/ZIL131_test_0049.jpg,3648
mstar,test,8,4,1,ZIL131,data/MSTAR/test/ZIL131/ZIL131_test_0050.jpg,4534
mstar,test,8,4,1,ZIL131,data/MSTAR/test/ZIL131/ZIL131_test_0051.jpg,3371
mstar,test,8,4,1,ZIL131,data/MSTAR/test/ZIL131/ZIL131_test_0052.jpg,3219
mstar,test,8,4,1,ZIL131,data/MSTAR/test/ZIL131/ZIL131_test_0053.jpg,3517
mstar,test,8,4,1,ZIL131,data/MSTAR/test/ZIL131/ZIL131_test_0054.jpg,3585
mstar,test,8,4,1,ZIL131,data/MSTAR/test/ZIL131/ZIL131_test_0055.jpg,2158
mstar,test,8,4,1,ZIL131,data/MSTAR/test/ZIL131/ZIL131_test_0056.jpg,2736
mstar,test,8,4,1,ZIL131,data/MSTAR/test/ZIL131/ZIL131_test_0057.jpg,3178
mstar,test,8,4,1,ZIL131,data/MSTAR/test/ZIL131/ZIL131_test_0058.jpg,2275
mstar,test,8,4,1,ZIL131,data/MSTAR/test/ZIL131/ZIL131_test_0059.jpg,1862
mstar,test,8,4,1,ZIL131,data/MSTAR/test/ZIL131/ZIL131_test_0060.jpg,2550
mstar,test,8,4,1,ZIL131,data/MSTAR/test/ZIL131/ZIL131_test_0061.jpg,1684
mstar,test,8,4,1,ZIL131,data/MSTAR/test/ZIL131/ZIL131_test_0062.jpg,5022
mstar,test,8,4,1,ZIL131,data/MSTAR/test/ZIL131/ZIL131_test_0063.jpg,1413
mstar,test,8,4,1,ZIL131,data/MSTAR/test/ZIL131/ZIL131_test_0064.jpg,1921
mstar,test,8,4,1,ZIL131,data/MSTAR/test/ZIL131/ZIL131_test_0065.jpg,3736
mstar,test,8,4,1,ZIL131,data/MSTAR/test/ZIL131/ZIL131_test_0066.jpg,2331
mstar,test,8,4,1,ZIL131,data/MSTAR/test/ZIL131/ZIL131_test_0067.jpg,1479
mstar,test,8,4,1,ZIL131,data/MSTAR/test/ZIL131/ZIL131_test_0068.jpg,2614
mstar,test,8,4,1,ZIL131,data/MSTAR/test/ZIL131/ZIL131_test_0069.jpg,4039
mstar,test,8,4,1,ZIL131,data/MSTAR/test/ZIL131/ZIL131_test_0070.jpg,2880
mstar,test,8,4,1,ZIL131,data/MSTAR/test/ZIL131/ZIL131_test_0071.jpg,1485
mstar,test,8,4,1,ZIL131,data/MSTAR/test/ZIL131/ZIL131_test_0072.jpg,3580
mstar,test,8,4,1,ZIL131,data/MSTAR/test/ZIL131/ZIL131_test_0073.jpg,4429
mstar,test,8,4,1,ZIL131,data/MSTAR/test/ZIL131/ZIL131_test_0074.jpg,1503
mstar,test,8,4,1,ZIL131,data/MSTAR/test/ZIL131/ZIL131_test_0075.jpg,3385
mstar,test,8,4,1,ZIL131,data/MSTAR/test/ZIL131/ZIL131_test_0076.jpg,5070
mstar,test,8,4,1,ZIL131,data/MSTAR/test/ZIL131/ZIL131_test_0077.jpg,1389
mstar,test,8,4,1,ZIL131,data/MSTAR/test/ZIL131/ZIL131_test_0078.jpg,1886
mstar,test,8,4,1,ZIL131,data/MSTAR/test/ZIL131/ZIL131_test_0079.jpg,4669
mstar,test,8,4,1,ZIL131,data/MSTAR/test/ZIL131/ZIL131_test_0080.jpg,3399
mstar,test,8,4,1,ZIL131,data/MSTAR/test/ZIL131/ZIL131_test_0081.jpg,4364
mstar,test,8,4,1,ZIL131,data/MSTAR/test/ZIL131/ZIL131_test_0082.jpg,3645
mstar,test,8,4,1,ZIL131,data/MSTAR/test/ZIL131/ZIL131_test_0083.jpg,1721
mstar,test,8,4,1,ZIL131,data/MSTAR/test/ZIL131/ZIL131_test_0084.jpg,3207
mstar,test,8,4,1,ZIL131,data/MSTAR/test/ZIL131/ZIL131_test_0085.jpg,4916
mstar,test,8,4,1,ZIL131,data/MSTAR/test/ZIL131/ZIL131_test_0086.jpg,1305
mstar,test,8,4,1,ZIL131,data/MSTAR/test/ZIL131/ZIL131_test_0087.jpg,2099
mstar,test,8,4,1,ZIL131,data/MSTAR/test/ZIL131/ZIL131_test_0088.jpg,2549
mstar,test,8,4,1,ZIL131,data/MSTAR/test/ZIL131/ZIL131_test_0089.jpg,3508
mstar,test,8,4,1,ZIL131,data/MSTAR/test/ZIL131/ZIL131_test_0090.jpg,5097
mstar,test,8,4,1,ZIL131,data/MSTAR/test/ZIL131/ZIL131_test_0091.jpg,1169
mstar,test,8,4,1,ZIL131,data/MSTAR/test/ZIL131/ZIL131_test_0092.jpg,2243
mstar,test,8,4,1,ZIL131,data/MSTAR/test/ZIL131/ZIL131_test_0093.jpg,3786
mstar,test,8,4,1,ZIL131,data/MSTAR/test/ZIL131/ZIL131_test_0094.jpg,3261
mstar,test,8,4,1,ZIL131,data/MSTAR/test/ZIL131/ZIL131_test_0095.jpg,1716
mstar,test,8,4,1,ZIL131,data/MSTAR/test/ZIL131/ZIL131_test_0096.jpg,2856
mstar,test,8,4,1,ZIL131,data/MSTAR/test/ZIL131/ZIL131_test_0097.jpg,4879
mstar,test,8,4,1,ZIL131,data/MSTAR/test/ZIL131/ZIL131_test_0098.jpg,4418
mstar,test,8,4,1,ZIL131,data/MSTAR/test/ZIL131/ZIL131_test_0099.jpg,4597
mstar,test,8,4,1,ZIL131,data/MSTAR/test/ZIL131/ZIL131_test_0100.jpg,3762
mstar,test,8,4,1,ZIL131,data/MSTAR/test/ZIL131/ZIL131_test_0101.jpg,4796
mstar,test,8,4,1,ZIL131,data/MSTAR/test/ZIL131/ZIL131_test_0102.jpg,3073
mstar,test,8,4,1,ZIL131,data/MSTAR/test/ZIL131/ZIL131_test_0103.jpg,1791
mstar,test,8,4,1,ZIL131,data/MSTAR/test/ZIL131/ZIL131_test_0104.jpg,5051
mstar,test,8,4,1,ZIL131,data/MSTAR/test/ZIL131/ZIL131_test_0105.jpg,2590
mstar,test,8,4,1,ZIL131,data/MSTAR/test/ZIL131/ZIL131_test_0106.jpg,1477
mstar,test,8,4,1,ZIL131,data/MSTAR/test/ZIL131/ZIL131_test_0107.jpg,1557
mstar,test,8,4,1,ZIL131,data/MSTAR/test/ZIL131/ZIL131_test_0108.jpg,1519
mstar,test,8,4,1,ZIL131,data/MSTAR/test/ZIL131/ZIL131_test_0109.jpg,2803
mstar,test,8,4,1,ZIL131,data/MSTAR/test/ZIL131/ZIL131_test_0110.jpg,5264
mstar,test,8,4,1,ZIL131,data/MSTAR/test/ZIL131/ZIL131_test_0111.jpg,3238
mstar,test,8,4,1,ZIL131,data/MSTAR/test/ZIL131/ZIL131_test_0112.jpg,3783
mstar,test,8,4,1,ZIL131,data/MSTAR/test/ZIL131/ZIL131_test_0113.jpg,3425
mstar,test,8,4,1,ZIL131,data/MSTAR/test/ZIL131/ZIL131_test_0114.jpg,3768
mstar,test,8,4,1,ZIL131,data/MSTAR/test/ZIL131/ZIL131_test_0115.jpg,3644
mstar,test,8,4,1,ZIL131,data/MSTAR/test/ZIL131/ZIL131_test_0116.jpg,1953
mstar,test,8,4,1,ZIL131,data/MSTAR/test/ZIL131/ZIL131_test_0117.jpg,3476
mstar,test,8,4,1,ZIL131,data/MSTAR/test/ZIL131/ZIL131_test_0118.jpg,976
mstar,test,8,4,1,ZIL131,data/MSTAR/test/ZIL131/ZIL131_test_0119.jpg,2900
mstar,test,8,4,1,ZIL131,data/MSTAR/test/ZIL131/ZIL131_test_0120.jpg,4320
mstar,test,8,4,1,ZIL131,data/MSTAR/test/ZIL131/ZIL131_test_0121.jpg,941
mstar,test,8,4,1,ZIL131,data/MSTAR/test/ZIL131/ZIL131_test_0122.jpg,3149
mstar,test,8,4,1,ZIL131,data/MSTAR/test/ZIL131/ZIL131_test_0123.jpg,5532
mstar,test,8,4,1,ZIL131,data/MSTAR/test/ZIL131/ZIL131_test_0124.jpg,2702
mstar,test,8,4,1,ZIL131,data/MSTAR/test/ZIL131/ZIL131_test_0125.jpg,1953
mstar,test,8,4,1,ZIL131,data/MSTAR/test/ZIL131/ZIL131_test_0126.jpg,4469
mstar,test,8,4,1,ZIL131,data/MSTAR/test/ZIL131/ZIL131_test_0127.jpg,3912
mstar,test,8,4,1,ZIL131,data/MSTAR/test/ZIL131/ZIL131_test_0128.jpg,3214
mstar,test,8,4,1,ZIL131,data/MSTAR/test/ZIL131/ZIL131_test_0129.jpg,1916
mstar,test,8,4,1,ZIL131,data/MSTAR/test/ZIL131/ZIL131_test_0130.jpg,1424
mstar,test,8,4,1,ZIL131,data/MSTAR/test/ZIL131/ZIL131_test_0131.jpg,3054
mstar,test,8,4,1,ZIL131,data/MSTAR/test/ZIL131/ZIL131_test_0132.jpg,2129
mstar,test,8,4,1,ZIL131,data/MSTAR/test/ZIL131/ZIL131_test_0133.jpg,5665
mstar,test,8,4,1,ZIL131,data/MSTAR/test/ZIL131/ZIL131_test_0134.jpg,1907
mstar,test,8,4,1,ZIL131,data/MSTAR/test/ZIL131/ZIL131_test_0135.jpg,3814
mstar,test,8,4,1,ZIL131,data/MSTAR/test/ZIL131/ZIL131_test_0136.jpg,3096
mstar,test,8,4,1,ZIL131,data/MSTAR/test/ZIL131/ZIL131_test_0137.jpg,1914
mstar,test,8,4,1,ZIL131,data/MSTAR/test/ZIL131/ZIL131_test_0138.jpg,2678
mstar,test,8,4,1,ZIL131,data/MSTAR/test/ZIL131/ZIL131_test_0139.jpg,1713
mstar,test,8,4,1,ZIL131,data/MSTAR/test/ZIL131/ZIL131_test_0140.jpg,3063
mstar,test,8,4,1,ZIL131,data/MSTAR/test/ZIL131/ZIL131_test_0141.jpg,1989
mstar,test,8,4,1,ZIL131,data/MSTAR/test/ZIL131/ZIL131_test_0142.jpg,1963
mstar,test,8,4,1,ZIL131,data/MSTAR/test/ZIL131/ZIL131_test_0143.jpg,2894
mstar,test,8,4,1,ZIL131,data/MSTAR/test/ZIL131/ZIL131_test_0144.jpg,3177
mstar,test,8,4,1,ZIL131,data/MSTAR/test/ZIL131/ZIL131_test_0145.jpg,1224
mstar,test,8,4,1,ZIL131,data/MSTAR/test/ZIL131/ZIL131_test_0146.jpg,1560
mstar,test,8,4,1,ZIL131,data/MSTAR/test/ZIL131/ZIL131_test_0147.jpg,4396
mstar,test,8,4,1,ZIL131,data/MSTAR/test/ZIL131/ZIL131_test_0148.jpg,2484
mstar,test,8,4,1,ZIL131,data/MSTAR/test/ZIL131/ZIL131_test_0149.jpg,1296
mstar,test,8,4,1,ZIL131,data/MSTAR/test/ZIL131/ZIL131_test_0150.jpg,2138
mstar,test,8,4,1,ZIL131,data/MSTAR/test/ZIL131/ZIL131_test_0151.jpg,2510
mstar,test,8,4,1,ZIL131,data/MSTAR/test/ZIL131/ZIL131_test_0152.jpg,3290
mstar,test,8,4,1,ZIL131,data/MSTAR/test/ZIL131/ZIL131_test_0153.jpg,1822
mstar,test,8,4,1,ZIL131,data/MSTAR/test/ZIL131/ZIL131_test_0154.jpg,1129
mstar,test,8,4,1,ZIL131,data/MSTAR/test/ZIL131/ZIL131_test_0155.jpg,2819
mstar,test,8,4,1,ZIL131,data/MSTAR/test/ZIL131/ZIL131_test_0156.jpg,3284
mstar,test,8,4,1,ZIL131,data/MSTAR/test/ZIL131/ZIL131_test_0157.jpg,1988
mstar,test,8,4,1,ZIL131,data/MSTAR/test/ZIL131/ZIL131_test_0158.jpg,4634
mstar,test,8,4,1,ZIL131,data/MSTAR/test/ZIL131/ZIL131_test_0159.jpg,2429
mstar,test,8,4,1,ZIL131,data/MSTAR/test/ZIL131/ZIL131_test_0160.jpg,4725
mstar,test,8,4,1,ZIL131,data/MSTAR/test/ZIL131/ZIL131_test_0161.jpg,2566
mstar,test,8,4,1,ZIL131,data/MSTAR/test/ZIL131/ZIL131_test_0162.jpg,4739
mstar,test,8,4,1,ZIL131,data/MSTAR/test/ZIL131/ZIL131_test_0163.jpg,3226
mstar,test,8,4,1,ZIL131,data/MSTAR/test/ZIL131/ZIL131_test_0164.jpg,2033
mstar,test,8,4,1,ZIL131,data/MSTAR/test/ZIL131/ZIL131_test_0165.jpg,2389
mstar,test,8,4,1,ZIL131,data/MSTAR/test/ZIL131/ZIL131_test_0166.jpg,2462
mstar,test,8,4,1,ZIL131,data/MSTAR/test/ZIL131/ZIL131_test_0167.jpg,1781
mstar,test,8,4,1,ZIL131,data/MSTAR/test/ZIL131/ZIL131_test_0168.jpg,2721
mstar,test,8,4,1,ZIL131,data/MSTAR/test/ZIL131/ZIL131_test_0169.jpg,3779
mstar,test,8,4,1,ZIL131,data/MSTAR/test/ZIL131/ZIL131_test_0170.jpg,4641
mstar,test,8,4,1,ZIL131,data/MSTAR/test/ZIL131/ZIL131_test_0171.jpg,2171
mstar,test,8,4,1,ZIL131,data/MSTAR/test/ZIL131/ZIL131_test_0172.jpg,2166
mstar,test,8,4,1,ZIL131,data/MSTAR/test/ZIL131/ZIL131_test_0173.jpg,2385
mstar,test,8,4,1,ZIL131,data/MSTAR/test/ZIL131/ZIL131_test_0174.jpg,2687
mstar,test,8,4,1,ZIL131,data/MSTAR/test/ZIL131/ZIL131_test_0175.jpg,4441
mstar,test,8,4,1,ZIL131,data/MSTAR/test/ZIL131/ZIL131_test_0176.jpg,5596
mstar,test,8,4,1,ZIL131,data/MSTAR/test/ZIL131/ZIL131_test_0177.jpg,3692
mstar,test,8,4,1,ZIL131,data/MSTAR/test/ZIL131/ZIL131_test_0178.jpg,1783
mstar,test,8,4,1,ZIL131,data/MSTAR/test/ZIL131/ZIL131_test_0179.jpg,1434
mstar,test,8,4,1,ZIL131,data/MSTAR/test/ZIL131/ZIL131_test_0180.jpg,1844
mstar,test,8,4,1,ZIL131,data/MSTAR/test/ZIL131/ZIL131_test_0181.jpg,3973
mstar,test,8,4,1,ZIL131,data/MSTAR/test/ZIL131/ZIL131_test_0182.jpg,3694
mstar,test,8,4,1,ZIL131,data/MSTAR/test/ZIL131/ZIL131_test_0183.jpg,2500
mstar,test,8,4,1,ZIL131,data/MSTAR/test/ZIL131/ZIL131_test_0184.jpg,6412
mstar,test,8,4,1,ZIL131,data/MSTAR/test/ZIL131/ZIL131_test_0185.jpg,3810
mstar,test,8,4,1,ZIL131,data/MSTAR/test/ZIL131/ZIL131_test_0186.jpg,3470
mstar,test,8,4,1,ZIL131,data/MSTAR/test/ZIL131/ZIL131_test_0187.jpg,2685
mstar,test,8,4,1,ZIL131,data/MSTAR/test/ZIL131/ZIL131_test_0188.jpg,2838
mstar,test,8,4,1,ZIL131,data/MSTAR/test/ZIL131/ZIL131_test_0189.jpg,4188
mstar,test,8,4,1,ZIL131,data/MSTAR/test/ZIL131/ZIL131_test_0190.jpg,4262
mstar,test,8,4,1,ZIL131,data/MSTAR/test/ZIL131/ZIL131_test_0191.jpg,1809
mstar,test,8,4,1,ZIL131,data/MSTAR/test/ZIL131/ZIL131_test_0192.jpg,4358
mstar,test,8,4,1,ZIL131,data/MSTAR/test/ZIL131/ZIL131_test_0193.jpg,4560
mstar,test,8,4,1,ZIL131,data/MSTAR/test/ZIL131/ZIL131_test_0194.jpg,2037
mstar,test,8,4,1,ZIL131,data/MSTAR/test/ZIL131/ZIL131_test_0195.jpg,2878
mstar,test,8,4,1,ZIL131,data/MSTAR/test/ZIL131/ZIL131_test_0196.jpg,5371
mstar,test,8,4,1,ZIL131,data/MSTAR/test/ZIL131/ZIL131_test_0197.jpg,3076
mstar,test,8,4,1,ZIL131,data/MSTAR/test/ZIL131/ZIL131_test_0198.jpg,4104
mstar,test,8,4,1,ZIL131,data/MSTAR/test/ZIL131/ZIL131_test_0199.jpg,1020
mstar,test,8,4,1,ZIL131,data/MSTAR/test/ZIL131/ZIL131_test_0200.jpg,4473
mstar,test,8,4,1,ZIL131,data/MSTAR/test/ZIL131/ZIL131_test_0201.jpg,3769
mstar,test,8,4,1,ZIL131,data/MSTAR/test/ZIL131/ZIL131_test_0202.jpg,2612
mstar,test,8,4,1,ZIL131,data/MSTAR/test/ZIL131/ZIL131_test_0203.jpg,3300
mstar,test,8,4,1,ZIL131,data/MSTAR/test/ZIL131/ZIL131_test_0204.jpg,2396
mstar,test,8,4,1,ZIL131,data/MSTAR/test/ZIL131/ZIL131_test_0205.jpg,2222
mstar,test,8,4,1,ZIL131,data/MSTAR/test/ZIL131/ZIL131_test_0206.jpg,2281
mstar,test,8,4,1,ZIL131,data/MSTAR/test/ZIL131/ZIL131_test_0207.jpg,1824
mstar,test,8,4,1,ZIL131,data/MSTAR/test/ZIL131/ZIL131_test_0208.jpg,4118
mstar,test,8,4,1,ZIL131,data/MSTAR/test/ZIL131/ZIL131_test_0209.jpg,4005
mstar,test,8,4,1,ZIL131,data/MSTAR/test/ZIL131/ZIL131_test_0210.jpg,3424
mstar,test,8,4,1,ZIL131,data/MSTAR/test/ZIL131/ZIL131_test_0211.jpg,3488
mstar,test,8,4,1,ZIL131,data/MSTAR/test/ZIL131/ZIL131_test_0212.jpg,3865
mstar,test,8,4,1,ZIL131,data/MSTAR/test/ZIL131/ZIL131_test_0213.jpg,5762
mstar,test,8,4,1,ZIL131,data/MSTAR/test/ZIL131/ZIL131_test_0214.jpg,4416
mstar,test,8,4,1,ZIL131,data/MSTAR/test/ZIL131/ZIL131_test_0215.jpg,2219
mstar,test,8,4,1,ZIL131,data/MSTAR/test/ZIL131/ZIL131_test_0216.jpg,3347
mstar,test,8,4,1,ZIL131,data/MSTAR/test/ZIL131/ZIL131_test_0217.jpg,1326
mstar,test,8,4,1,ZIL131,data/MSTAR/test/ZIL131/ZIL131_test_0218.jpg,5157
mstar,test,8,4,1,ZIL131,data/MSTAR/test/ZIL131/ZIL131_test_0219.jpg,2074
mstar,test,8,4,1,ZIL131,data/MSTAR/test/ZIL131/ZIL131_test_0220.jpg,4130
mstar,test,8,4,1,ZIL131,data/MSTAR/test/ZIL131/ZIL131_test_0221.jpg,2113
mstar,test,8,4,1,ZIL131,data/MSTAR/test/ZIL131/ZIL131_test_0222.jpg,3903
mstar,test,8,4,1,ZIL131,data/MSTAR/test/ZIL131/ZIL131_test_0223.jpg,2021
mstar,test,8,4,1,ZIL131,data/MSTAR/test/ZIL131/ZIL131_test_0224.jpg,1669
mstar,test,8,4,1,ZIL131,data/MSTAR/test/ZIL131/ZIL131_test_0225.jpg,3307
mstar,test,8,4,1,ZIL131,data/MSTAR/test/ZIL131/ZIL131_test_0226.jpg,3307
mstar,test,8,4,1,ZIL131,data/MSTAR/test/ZIL131/ZIL131_test_0227.jpg,3023
mstar,test,8,4,1,ZIL131,data/MSTAR/test/ZIL131/ZIL131_test_0228.jpg,2837
mstar,test,8,4,1,ZIL131,data/MSTAR/test/ZIL131/ZIL131_test_0229.jpg,4050
mstar,test,8,4,1,ZIL131,data/MSTAR/test/ZIL131/ZIL131_test_0230.jpg,2052
mstar,test,8,4,1,ZIL131,data/MSTAR/test/ZIL131/ZIL131_test_0231.jpg,1730
mstar,test,8,4,1,ZIL131,data/MSTAR/test/ZIL131/ZIL131_test_0232.jpg,2056
mstar,test,8,4,1,ZIL131,data/MSTAR/test/ZIL131/ZIL131_test_0233.jpg,3168
mstar,test,8,4,1,ZIL131,data/MSTAR/test/ZIL131/ZIL131_test_0234.jpg,1932
mstar,test,8,4,1,ZIL131,data/MSTAR/test/ZIL131/ZIL131_test_0235.jpg,3963
mstar,test,8,4,1,ZIL131,data/MSTAR/test/ZIL131/ZIL131_test_0236.jpg,2241
mstar,test,8,4,1,ZIL131,data/MSTAR/test/ZIL131/ZIL131_test_0237.jpg,3967
mstar,test,8,4,1,ZIL131,data/MSTAR/test/ZIL131/ZIL131_test_0238.jpg,3280
mstar,test,8,4,1,ZIL131,data/MSTAR/test/ZIL131/ZIL131_test_0239.jpg,3106
mstar,test,8,4,1,ZIL131,data/MSTAR/test/ZIL131/ZIL131_test_0240.jpg,2845
mstar,test,8,4,1,ZIL131,data/MSTAR/test/ZIL131/ZIL131_test_0241.jpg,5485
mstar,test,8,4,1,ZIL131,data/MSTAR/test/ZIL131/ZIL131_test_0242.jpg,1959
mstar,test,8,4,1,ZIL131,data/MSTAR/test/ZIL131/ZIL131_test_0243.jpg,3146
mstar,test,8,4,1,ZIL131,data/MSTAR/test/ZIL131/ZIL131_test_0244.jpg,3481
mstar,test,8,4,1,ZIL131,data/MSTAR/test/ZIL131/ZIL131_test_0245.jpg,4957
mstar,test,8,4,1,ZIL131,data/MSTAR/test/ZIL131/ZIL131_test_0246.jpg,2099
mstar,test,8,4,1,ZIL131,data/MSTAR/test/ZIL131/ZIL131_test_0247.jpg,3298
mstar,test,8,4,1,ZIL131,data/MSTAR/test/ZIL131/ZIL131_test_0248.jpg,3026
mstar,test,8,4,1,ZIL131,data/MSTAR/test/ZIL131/ZIL131_test_0249.jpg,3385
mstar,test,8,4,1,ZIL131,data/MSTAR/test/ZIL131/ZIL131_test_0250.jpg,4189
mstar,test,8,4,1,ZIL131,data/MSTAR/test/ZIL131/ZIL131_test_0251.jpg,3650
mstar,test,8,4,1,ZIL131,data/MSTAR/test/ZIL131/ZIL131_test_0252.jpg,2698
mstar,test,8,4,1,ZIL131,data/MSTAR/test/ZIL131/ZIL131_test_0253.jpg,2758
mstar,test,8,4,1,ZIL131,data/MSTAR/test/ZIL131/ZIL131_test_0254.jpg,1866
mstar,test,8,4,1,ZIL131,data/MSTAR/test/ZIL131/ZIL131_test_0255.jpg,3502
mstar,test,8,4,1,ZIL131,data/MSTAR/test/ZIL131/ZIL131_test_0256.jpg,3381
mstar,test,8,4,1,ZIL131,data/MSTAR/test/ZIL131/ZIL131_test_0257.jpg,3659
mstar,test,8,4,1,ZIL131,data/MSTAR/test/ZIL131/ZIL131_test_0258.jpg,1992
mstar,test,8,4,1,ZIL131,data/MSTAR/test/ZIL131/ZIL131_test_0259.jpg,2217
mstar,test,8,4,1,ZIL131,data/MSTAR/test/ZIL131/ZIL131_test_0260.jpg,4631
mstar,test,8,4,1,ZIL131,data/MSTAR/test/ZIL131/ZIL131_test_0261.jpg,3843
mstar,test,8,4,1,ZIL131,data/MSTAR/test/ZIL131/ZIL131_test_0262.jpg,4870
mstar,test,8,4,1,ZIL131,data/MSTAR/test/ZIL131/ZIL131_test_0263.jpg,4986
mstar,test,8,4,1,ZIL131,data/MSTAR/test/ZIL131/ZIL131_test_0264.jpg,4079
mstar,test,8,4,1,ZIL131,data/MSTAR/test/ZIL131/ZIL131_test_0265.jpg,2859
mstar,test,8,4,1,ZIL131,data/MSTAR/test/ZIL131/ZIL131_test_0266.jpg,3822
mstar,test,8,4,1,ZIL131,data/MSTAR/test/ZIL131/ZIL131_test_0267.jpg,4256
mstar,test,8,4,1,ZIL131,data/MSTAR/test/ZIL131/ZIL131_test_0268.jpg,1378
mstar,test,8,4,1,ZIL131,data/MSTAR/test/ZIL131/ZIL131_test_0269.jpg,974
mstar,test,8,4,1,ZIL131,data/MSTAR/test/ZIL131/ZIL131_test_0270.jpg,1461
mstar,test,8,4,1,ZIL131,data/MSTAR/test/ZIL131/ZIL131_test_0271.jpg,5164
mstar,test,8,4,1,ZIL131,data/MSTAR/test/ZIL131/ZIL131_test_0272.jpg,2575
mstar,test,8,4,1,ZIL131,data/MSTAR/test/ZIL131/ZIL131_test_0273.jpg,1443
mstar,train,6,5,2,T62,data/MSTAR/train/T62/T62_train_0000.jpg,2436
mstar,train,6,5,2,T62,data/MSTAR/train/T62/T62_train_0001.jpg,2457
mstar,train,6,5,2,T62,data/MSTAR/train/T62/T62_train_0002.jpg,2610
mstar,train,6,5,2,T62,data/MSTAR/train/T62/T62_train_0003.jpg,4258
mstar,train,6,5,2,T62,data/MSTAR/train/T62/T62_train_0004.jpg,2332
mstar,test,6,5,2,T62,data/MSTAR/test/T62/T62_test_0000.jpg,2262
mstar,test,6,5,2,T62,data/MSTAR/test/T62/T62_test_0001.jpg,3598
mstar,test,6,5,2,T62,data/MSTAR/test/T62/T62_test_0002.jpg,1720
mstar,test,6,5,2,T62,data/MSTAR/test/T62/T62_test_0003.jpg,2979
mstar,test,6,5,2,T62,data/MSTAR/test/T62/T62_test_0004.jpg,1542
mstar,test,6,5,2,T62,data/MSTAR/test/T62/T62_test_0005.jpg,2343
mstar,test,6,5,2,T62,data/MSTAR/test/T62/T62_test_0006.jpg,2693
mstar,test,6,5,2,T62,data/MSTAR/test/T62/T62_test_0007.jpg,2150
mstar,test,6,5,2,T62,data/MSTAR/test/T62/T62_test_0008.jpg,2725
mstar,test,6,5,2,T62,data/MSTAR/test/T62/T62_test_0009.jpg,2364
mstar,test,6,5,2,T62,data/MSTAR/test/T62/T62_test_0010.jpg,3125
mstar,test,6,5,2,T62,data/MSTAR/test/T62/T62_test_0011.jpg,1971
mstar,test,6,5,2,T62,data/MSTAR/test/T62/T62_test_0012.jpg,2131
mstar,test,6,5,2,T62,data/MSTAR/test/T62/T62_test_0013.jpg,2835
mstar,test,6,5,2,T62,data/MSTAR/test/T62/T62_test_0014.jpg,2690
mstar,test,6,5,2,T62,data/MSTAR/test/T62/T62_test_0015.jpg,3438
mstar,test,6,5,2,T62,data/MSTAR/test/T62/T62_test_0016.jpg,2833
mstar,test,6,5,2,T62,data/MSTAR/test/T62/T62_test_0017.jpg,2273
mstar,test,6,5,2,T62,data/MSTAR/test/T62/T62_test_0018.jpg,2805
mstar,test,6,5,2,T62,data/MSTAR/test/T62/T62_test_0019.jpg,1927
mstar,test,6,5,2,T62,data/MSTAR/test/T62/T62_test_0020.jpg,1674
mstar,test,6,5,2,T62,data/MSTAR/test/T62/T62_test_0021.jpg,2640
mstar,test,6,5,2,T62,data/MSTAR/test/T62/T62_test_0022.jpg,2840
mstar,test,6,5,2,T62,data/MSTAR/test/T62/T62_test_0023.jpg,1970
mstar,test,6,5,2,T62,data/MSTAR/test/T62/T62_test_0024.jpg,2137
mstar,test,6,5,2,T62,data/MSTAR/test/T62/T62_test_0025.jpg,1289
mstar,test,6,5,2,T62,data/MSTAR/test/T62/T62_test_0026.jpg,2091
mstar,test,6,5,2,T62,data/MSTAR/test/T62/T62_test_0027.jpg,2263
mstar,test,6,5,2,T62,data/MSTAR/test/T62/T62_test_0028.jpg,3648
mstar,test,6,5,2,T62,data/MSTAR/test/T62/T62_test_0029.jpg,2161
mstar,test,6,5,2,T62,data/MSTAR/test/T62/T62_test_0030.jpg,3226
mstar,test,6,5,2,T62,data/MSTAR/test/T62/T62_test_0031.jpg,3056
mstar,test,6,5,2,T62,data/MSTAR/test/T62/T62_test_0032.jpg,2390
mstar,test,6,5,2,T62,data/MSTAR/test/T62/T62_test_0033.jpg,2141
mstar,test,6,5,2,T62,data/MSTAR/test/T62/T62_test_0034.jpg,2976
mstar,test,6,5,2,T62,data/MSTAR/test/T62/T62_test_0035.jpg,3629
mstar,test,6,5,2,T62,data/MSTAR/test/T62/T62_test_0036.jpg,2247
mstar,test,6,5,2,T62,data/MSTAR/test/T62/T62_test_0037.jpg,1974
mstar,test,6,5,2,T62,data/MSTAR/test/T62/T62_test_0038.jpg,2797
mstar,test,6,5,2,T62,data/MSTAR/test/T62/T62_test_0039.jpg,3216
mstar,test,6,5,2,T62,data/MSTAR/test/T62/T62_test_0040.jpg,2838
mstar,test,6,5,2,T62,data/MSTAR/test/T62/T62_test_0041.jpg,1618
mstar,test,6,5,2,T62,data/MSTAR/test/T62/T62_test_0042.jpg,2736
mstar,test,6,5,2,T62,data/MSTAR/test/T62/T62_test_0043.jpg,2335
mstar,test,6,5,2,T62,data/MSTAR/test/T62/T62_test_0044.jpg,2746
mstar,test,6,5,2,T62,data/MSTAR/test/T62/T62_test_0045.jpg,1498
mstar,test,6,5,2,T62,data/MSTAR/test/T62/T62_test_0046.jpg,1724
mstar,test,6,5,2,T62,data/MSTAR/test/T62/T62_test_0047.jpg,2427
mstar,test,6,5,2,T62,data/MSTAR/test/T62/T62_test_0048.jpg,1562
mstar,test,6,5,2,T62,data/MSTAR/test/T62/T62_test_0049.jpg,2330
mstar,test,6,5,2,T62,data/MSTAR/test/T62/T62_test_0050.jpg,1798
mstar,test,6,5,2,T62,data/MSTAR/test/T62/T62_test_0051.jpg,4159
mstar,test,6,5,2,T62,data/MSTAR/test/T62/T62_test_0052.jpg,1464
mstar,test,6,5,2,T62,data/MSTAR/test/T62/T62_test_0053.jpg,2358
mstar,test,6,5,2,T62,data/MSTAR/test/T62/T62_test_0054.jpg,2768
mstar,test,6,5,2,T62,data/MSTAR/test/T62/T62_test_0055.jpg,3274
mstar,test,6,5,2,T62,data/MSTAR/test/T62/T62_test_0056.jpg,2507
mstar,test,6,5,2,T62,data/MSTAR/test/T62/T62_test_0057.jpg,2341
mstar,test,6,5,2,T62,data/MSTAR/test/T62/T62_test_0058.jpg,1989
mstar,test,6,5,2,T62,data/MSTAR/test/T62/T62_test_0059.jpg,2566
mstar,test,6,5,2,T62,data/MSTAR/test/T62/T62_test_0060.jpg,2115
mstar,test,6,5,2,T62,data/MSTAR/test/T62/T62_test_0061.jpg,1890
mstar,test,6,5,2,T62,data/MSTAR/test/T62/T62_test_0062.jpg,2817
mstar,test,6,5,2,T62,data/MSTAR/test/T62/T62_test_0063.jpg,2552
mstar,test,6,5,2,T62,data/MSTAR/test/T62/T62_test_0064.jpg,3157
mstar,test,6,5,2,T62,data/MSTAR/test/T62/T62_test_0065.jpg,2795
mstar,test,6,5,2,T62,data/MSTAR/test/T62/T62_test_0066.jpg,3062
mstar,test,6,5,2,T62,data/MSTAR/test/T62/T62_test_0067.jpg,2719
mstar,test,6,5,2,T62,data/MSTAR/test/T62/T62_test_0068.jpg,3169
mstar,test,6,5,2,T62,data/MSTAR/test/T62/T62_test_0069.jpg,3098
mstar,test,6,5,2,T62,data/MSTAR/test/T62/T62_test_0070.jpg,2260
mstar,test,6,5,2,T62,data/MSTAR/test/T62/T62_test_0071.jpg,2462
mstar,test,6,5,2,T62,data/MSTAR/test/T62/T62_test_0072.jpg,2903
mstar,test,6,5,2,T62,data/MSTAR/test/T62/T62_test_0073.jpg,2825
mstar,test,6,5,2,T62,data/MSTAR/test/T62/T62_test_0074.jpg,3076
mstar,test,6,5,2,T62,data/MSTAR/test/T62/T62_test_0075.jpg,1344
mstar,test,6,5,2,T62,data/MSTAR/test/T62/T62_test_0076.jpg,2544
mstar,test,6,5,2,T62,data/MSTAR/test/T62/T62_test_0077.jpg,2561
mstar,test,6,5,2,T62,data/MSTAR/test/T62/T62_test_0078.jpg,2872
mstar,test,6,5,2,T62,data/MSTAR/test/T62/T62_test_0079.jpg,1990
mstar,test,6,5,2,T62,data/MSTAR/test/T62/T62_test_0080.jpg,3011
mstar,test,6,5,2,T62,data/MSTAR/test/T62/T62_test_0081.jpg,1333
mstar,test,6,5,2,T62,data/MSTAR/test/T62/T62_test_0082.jpg,1947
mstar,test,6,5,2,T62,data/MSTAR/test/T62/T62_test_0083.jpg,1738
mstar,test,6,5,2,T62,data/MSTAR/test/T62/T62_test_0084.jpg,2927
mstar,test,6,5,2,T62,data/MSTAR/test/T62/T62_test_0085.jpg,2244
mstar,test,6,5,2,T62,data/MSTAR/test/T62/T62_test_0086.jpg,2831
mstar,test,6,5,2,T62,data/MSTAR/test/T62/T62_test_0087.jpg,2501
mstar,test,6,5,2,T62,data/MSTAR/test/T62/T62_test_0088.jpg,2198
mstar,test,6,5,2,T62,data/MSTAR/test/T62/T62_test_0089.jpg,2938
mstar,test,6,5,2,T62,data/MSTAR/test/T62/T62_test_0090.jpg,1676
mstar,test,6,5,2,T62,data/MSTAR/test/T62/T62_test_0091.jpg,1451
mstar,test,6,5,2,T62,data/MSTAR/test/T62/T62_test_0092.jpg,1961
mstar,test,6,5,2,T62,data/MSTAR/test/T62/T62_test_0093.jpg,2905
mstar,test,6,5,2,T62,data/MSTAR/test/T62/T62_test_0094.jpg,2688
mstar,test,6,5,2,T62,data/MSTAR/test/T62/T62_test_0095.jpg,2125
mstar,test,6,5,2,T62,data/MSTAR/test/T62/T62_test_0096.jpg,2759
mstar,test,6,5,2,T62,data/MSTAR/test/T62/T62_test_0097.jpg,3737
mstar,test,6,5,2,T62,data/MSTAR/test/T62/T62_test_0098.jpg,2847
mstar,test,6,5,2,T62,data/MSTAR/test/T62/T62_test_0099.jpg,3030
mstar,test,6,5,2,T62,data/MSTAR/test/T62/T62_test_0100.jpg,1481
mstar,test,6,5,2,T62,data/MSTAR/test/T62/T62_test_0101.jpg,2673
mstar,test,6,5,2,T62,data/MSTAR/test/T62/T62_test_0102.jpg,2562
mstar,test,6,5,2,T62,data/MSTAR/test/T62/T62_test_0103.jpg,2327
mstar,test,6,5,2,T62,data/MSTAR/test/T62/T62_test_0104.jpg,2038
mstar,test,6,5,2,T62,data/MSTAR/test/T62/T62_test_0105.jpg,1841
mstar,test,6,5,2,T62,data/MSTAR/test/T62/T62_test_0106.jpg,1920
mstar,test,6,5,2,T62,data/MSTAR/test/T62/T62_test_0107.jpg,2055
mstar,test,6,5,2,T62,data/MSTAR/test/T62/T62_test_0108.jpg,2796
mstar,test,6,5,2,T62,data/MSTAR/test/T62/T62_test_0109.jpg,2141
mstar,test,6,5,2,T62,data/MSTAR/test/T62/T62_test_0110.jpg,2756
mstar,test,6,5,2,T62,data/MSTAR/test/T62/T62_test_0111.jpg,2399
mstar,test,6,5,2,T62,data/MSTAR/test/T62/T62_test_0112.jpg,2363
mstar,test,6,5,2,T62,data/MSTAR/test/T62/T62_test_0113.jpg,3163
mstar,test,6,5,2,T62,data/MSTAR/test/T62/T62_test_0114.jpg,2083
mstar,test,6,5,2,T62,data/MSTAR/test/T62/T62_test_0115.jpg,2111
mstar,test,6,5,2,T62,data/MSTAR/test/T62/T62_test_0116.jpg,1977
mstar,test,6,5,2,T62,data/MSTAR/test/T62/T62_test_0117.jpg,2301
mstar,test,6,5,2,T62,data/MSTAR/test/T62/T62_test_0118.jpg,2660
mstar,test,6,5,2,T62,data/MSTAR/test/T62/T62_test_0119.jpg,2781
mstar,test,6,5,2,T62,data/MSTAR/test/T62/T62_test_0120.jpg,1910
mstar,test,6,5,2,T62,data/MSTAR/test/T62/T62_test_0121.jpg,2034
mstar,test,6,5,2,T62,data/MSTAR/test/T62/T62_test_0122.jpg,4012
mstar,test,6,5,2,T62,data/MSTAR/test/T62/T62_test_0123.jpg,3373
mstar,test,6,5,2,T62,data/MSTAR/test/T62/T62_test_0124.jpg,2911
mstar,test,6,5,2,T62,data/MSTAR/test/T62/T62_test_0125.jpg,2432
mstar,test,6,5,2,T62,data/MSTAR/test/T62/T62_test_0126.jpg,4213
mstar,test,6,5,2,T62,data/MSTAR/test/T62/T62_test_0127.jpg,2130
mstar,test,6,5,2,T62,data/MSTAR/test/T62/T62_test_0128.jpg,2714
mstar,test,6,5,2,T62,data/MSTAR/test/T62/T62_test_0129.jpg,3281
mstar,test,6,5,2,T62,data/MSTAR/test/T62/T62_test_0130.jpg,1644
mstar,test,6,5,2,T62,data/MSTAR/test/T62/T62_test_0131.jpg,3316
mstar,test,6,5,2,T62,data/MSTAR/test/T62/T62_test_0132.jpg,2262
mstar,test,6,5,2,T62,data/MSTAR/test/T62/T62_test_0133.jpg,1592
mstar,test,6,5,2,T62,data/MSTAR/test/T62/T62_test_0134.jpg,2163
mstar,test,6,5,2,T62,data/MSTAR/test/T62/T62_test_0135.jpg,2218
mstar,test,6,5,2,T62,data/MSTAR/test/T62/T62_test_0136.jpg,1219
mstar,test,6,5,2,T62,data/MSTAR/test/T62/T62_test_0137.jpg,1459
mstar,test,6,5,2,T62,data/MSTAR/test/T62/T62_test_0138.jpg,2253
mstar,test,6,5,2,T62,data/MSTAR/test/T62/T62_test_0139.jpg,3175
mstar,test,6,5,2,T62,data/MSTAR/test/T62/T62_test_0140.jpg,2798
mstar,test,6,5,2,T62,data/MSTAR/test/T62/T62_test_0141.jpg,2661
mstar,test,6,5,2,T62,data/MSTAR/test/T62/T62_test_0142.jpg,3351
mstar,test,6,5,2,T62,data/MSTAR/test/T62/T62_test_0143.jpg,1488
mstar,test,6,5,2,T62,data/MSTAR/test/T62/T62_test_0144.jpg,1580
mstar,test,6,5,2,T62,data/MSTAR/test/T62/T62_test_0145.jpg,3788
mstar,test,6,5,2,T62,data/MSTAR/test/T62/T62_test_0146.jpg,3255
mstar,test,6,5,2,T62,data/MSTAR/test/T62/T62_test_0147.jpg,3146
mstar,test,6,5,2,T62,data/MSTAR/test/T62/T62_test_0148.jpg,2070
mstar,test,6,5,2,T62,data/MSTAR/test/T62/T62_test_0149.jpg,3193
mstar,test,6,5,2,T62,data/MSTAR/test/T62/T62_test_0150.jpg,1923
mstar,test,6,5,2,T62,data/MSTAR/test/T62/T62_test_0151.jpg,3439
mstar,test,6,5,2,T62,data/MSTAR/test/T62/T62_test_0152.jpg,2028
mstar,test,6,5,2,T62,data/MSTAR/test/T62/T62_test_0153.jpg,1716
mstar,test,6,5,2,T62,data/MSTAR/test/T62/T62_test_0154.jpg,2308
mstar,test,6,5,2,T62,data/MSTAR/test/T62/T62_test_0155.jpg,2193
mstar,test,6,5,2,T62,data/MSTAR/test/T62/T62_test_0156.jpg,1908
mstar,test,6,5,2,T62,data/MSTAR/test/T62/T62_test_0157.jpg,1648
mstar,test,6,5,2,T62,data/MSTAR/test/T62/T62_test_0158.jpg,2229
mstar,test,6,5,2,T62,data/MSTAR/test/T62/T62_test_0159.jpg,1929
mstar,test,6,5,2,T62,data/MSTAR/test/T62/T62_test_0160.jpg,2829
mstar,test,6,5,2,T62,data/MSTAR/test/T62/T62_test_0161.jpg,1667
mstar,test,6,5,2,T62,data/MSTAR/test/T62/T62_test_0162.jpg,1533
mstar,test,6,5,2,T62,data/MSTAR/test/T62/T62_test_0163.jpg,2318
mstar,test,6,5,2,T62,data/MSTAR/test/T62/T62_test_0164.jpg,2172
mstar,test,6,5,2,T62,data/MSTAR/test/T62/T62_test_0165.jpg,1776
mstar,test,6,5,2,T62,data/MSTAR/test/T62/T62_test_0166.jpg,1562
mstar,test,6,5,2,T62,data/MSTAR/test/T62/T62_test_0167.jpg,1883
mstar,test,6,5,2,T62,data/MSTAR/test/T62/T62_test_0168.jpg,2049
mstar,test,6,5,2,T62,data/MSTAR/test/T62/T62_test_0169.jpg,2046
mstar,test,6,5,2,T62,data/MSTAR/test/T62/T62_test_0170.jpg,3189
mstar,test,6,5,2,T62,data/MSTAR/test/T62/T62_test_0171.jpg,2062
mstar,test,6,5,2,T62,data/MSTAR/test/T62/T62_test_0172.jpg,2957
mstar,test,6,5,2,T62,data/MSTAR/test/T62/T62_test_0173.jpg,1727
mstar,test,6,5,2,T62,data/MSTAR/test/T62/T62_test_0174.jpg,1806
mstar,test,6,5,2,T62,data/MSTAR/test/T62/T62_test_0175.jpg,2267
mstar,test,6,5,2,T62,data/MSTAR/test/T62/T62_test_0176.jpg,1550
mstar,test,6,5,2,T62,data/MSTAR/test/T62/T62_test_0177.jpg,3343
mstar,test,6,5,2,T62,data/MSTAR/test/T62/T62_test_0178.jpg,1972
mstar,test,6,5,2,T62,data/MSTAR/test/T62/T62_test_0179.jpg,1980
mstar,test,6,5,2,T62,data/MSTAR/test/T62/T62_test_0180.jpg,2222
mstar,test,6,5,2,T62,data/MSTAR/test/T62/T62_test_0181.jpg,1453
mstar,test,6,5,2,T62,data/MSTAR/test/T62/T62_test_0182.jpg,990
mstar,test,6,5,2,T62,data/MSTAR/test/T62/T62_test_0183.jpg,1906
mstar,test,6,5,2,T62,data/MSTAR/test/T62/T62_test_0184.jpg,1226
mstar,test,6,5,2,T62,data/MSTAR/test/T62/T62_test_0185.jpg,2754
mstar,test,6,5,2,T62,data/MSTAR/test/T62/T62_test_0186.jpg,1431
mstar,test,6,5,2,T62,data/MSTAR/test/T62/T62_test_0187.jpg,2332
mstar,test,6,5,2,T62,data/MSTAR/test/T62/T62_test_0188.jpg,2594
mstar,test,6,5,2,T62,data/MSTAR/test/T62/T62_test_0189.jpg,2830
mstar,test,6,5,2,T62,data/MSTAR/test/T62/T62_test_0190.jpg,1551
mstar,test,6,5,2,T62,data/MSTAR/test/T62/T62_test_0191.jpg,2771
mstar,test,6,5,2,T62,data/MSTAR/test/T62/T62_test_0192.jpg,1731
mstar,test,6,5,2,T62,data/MSTAR/test/T62/T62_test_0193.jpg,1778
mstar,test,6,5,2,T62,data/MSTAR/test/T62/T62_test_0194.jpg,2811
mstar,test,6,5,2,T62,data/MSTAR/test/T62/T62_test_0195.jpg,2147
mstar,test,6,5,2,T62,data/MSTAR/test/T62/T62_test_0196.jpg,3214
mstar,test,6,5,2,T62,data/MSTAR/test/T62/T62_test_0197.jpg,2089
mstar,test,6,5,2,T62,data/MSTAR/test/T62/T62_test_0198.jpg,2525
mstar,test,6,5,2,T62,data/MSTAR/test/T62/T62_test_0199.jpg,2449
mstar,test,6,5,2,T62,data/MSTAR/test/T62/T62_test_0200.jpg,2048
mstar,test,6,5,2,T62,data/MSTAR/test/T62/T62_test_0201.jpg,1470
mstar,test,6,5,2,T62,data/MSTAR/test/T62/T62_test_0202.jpg,1331
mstar,test,6,5,2,T62,data/MSTAR/test/T62/T62_test_0203.jpg,1257
mstar,test,6,5,2,T62,data/MSTAR/test/T62/T62_test_0204.jpg,1529
mstar,test,6,5,2,T62,data/MSTAR/test/T62/T62_test_0205.jpg,2760
mstar,test,6,5,2,T62,data/MSTAR/test/T62/T62_test_0206.jpg,1488
mstar,test,6,5,2,T62,data/MSTAR/test/T62/T62_test_0207.jpg,2618
mstar,test,6,5,2,T62,data/MSTAR/test/T62/T62_test_0208.jpg,2013
mstar,test,6,5,2,T62,data/MSTAR/test/T62/T62_test_0209.jpg,2320
mstar,test,6,5,2,T62,data/MSTAR/test/T62/T62_test_0210.jpg,3190
mstar,test,6,5,2,T62,data/MSTAR/test/T62/T62_test_0211.jpg,1651
mstar,test,6,5,2,T62,data/MSTAR/test/T62/T62_test_0212.jpg,2591
mstar,test,6,5,2,T62,data/MSTAR/test/T62/T62_test_0213.jpg,2060
mstar,test,6,5,2,T62,data/MSTAR/test/T62/T62_test_0214.jpg,2912
mstar,test,6,5,2,T62,data/MSTAR/test/T62/T62_test_0215.jpg,2271
mstar,test,6,5,2,T62,data/MSTAR/test/T62/T62_test_0216.jpg,2008
mstar,test,6,5,2,T62,data/MSTAR/test/T62/T62_test_0217.jpg,3202
mstar,test,6,5,2,T62,data/MSTAR/test/T62/T62_test_0218.jpg,1777
mstar,test,6,5,2,T62,data/MSTAR/test/T62/T62_test_0219.jpg,1331
mstar,test,6,5,2,T62,data/MSTAR/test/T62/T62_test_0220.jpg,3195
mstar,test,6,5,2,T62,data/MSTAR/test/T62/T62_test_0221.jpg,2216
mstar,test,6,5,2,T62,data/MSTAR/test/T62/T62_test_0222.jpg,2765
mstar,test,6,5,2,T62,data/MSTAR/test/T62/T62_test_0223.jpg,2330
mstar,test,6,5,2,T62,data/MSTAR/test/T62/T62_test_0224.jpg,2711
mstar,test,6,5,2,T62,data/MSTAR/test/T62/T62_test_0225.jpg,3350
mstar,test,6,5,2,T62,data/MSTAR/test/T62/T62_test_0226.jpg,2386
mstar,test,6,5,2,T62,data/MSTAR/test/T62/T62_test_0227.jpg,2220
mstar,test,6,5,2,T62,data/MSTAR/test/T62/T62_test_0228.jpg,1265
mstar,test,6,5,2,T62,data/MSTAR/test/T62/T62_test_0229.jpg,4299
mstar,test,6,5,2,T62,data/MSTAR/test/T62/T62_test_0230.jpg,2369
mstar,test,6,5,2,T62,data/MSTAR/test/T62/T62_test_0231.jpg,3062
mstar,test,6,5,2,T62,data/MSTAR/test/T62/T62_test_0232.jpg,2672
mstar,test,6,5,2,T62,data/MSTAR/test/T62/T62_test_0233.jpg,2230
mstar,test,6,5,2,T62,data/MSTAR/test/T62/T62_test_0234.jpg,2068
mstar,test,6,5,2,T62,data/MSTAR/test/T62/T62_test_0235.jpg,2735
mstar,test,6,5,2,T62,data/MSTAR/test/T62/T62_test_0236.jpg,3003
mstar,test,6,5,2,T62,data/MSTAR/test/T62/T62_test_0237.jpg,2837
mstar,test,6,5,2,T62,data/MSTAR/test/T62/T62_test_0238.jpg,3231
mstar,test,6,5,2,T62,data/MSTAR/test/T62/T62_test_0239.jpg,1676
mstar,test,6,5,2,T62,data/MSTAR/test/T62/T62_test_0240.jpg,1564
mstar,test,6,5,2,T62,data/MSTAR/test/T62/T62_test_0241.jpg,2596
mstar,test,6,5,2,T62,data/MSTAR/test/T62/T62_test_0242.jpg,1899
mstar,test,6,5,2,T62,data/MSTAR/test/T62/T62_test_0243.jpg,4394
mstar,test,6,5,2,T62,data/MSTAR/test/T62/T62_test_0244.jpg,2308
mstar,test,6,5,2,T62,data/MSTAR/test/T62/T62_test_0245.jpg,2907
mstar,test,6,5,2,T62,data/MSTAR/test/T62/T62_test_0246.jpg,1697
mstar,test,6,5,2,T62,data/MSTAR/test/T62/T62_test_0247.jpg,2605
mstar,test,6,5,2,T62,data/MSTAR/test/T62/T62_test_0248.jpg,2759
mstar,test,6,5,2,T62,data/MSTAR/test/T62/T62_test_0249.jpg,3030
mstar,test,6,5,2,T62,data/MSTAR/test/T62/T62_test_0250.jpg,2396
mstar,test,6,5,2,T62,data/MSTAR/test/T62/T62_test_0251.jpg,1295
mstar,test,6,5,2,T62,data/MSTAR/test/T62/T62_test_0252.jpg,2464
mstar,test,6,5,2,T62,data/MSTAR/test/T62/T62_test_0253.jpg,2362
mstar,test,6,5,2,T62,data/MSTAR/test/T62/T62_test_0254.jpg,1936
mstar,test,6,5,2,T62,data/MSTAR/test/T62/T62_test_0255.jpg,3859
mstar,test,6,5,2,T62,data/MSTAR/test/T62/T62_test_0256.jpg,3458
mstar,test,6,5,2,T62,data/MSTAR/test/T62/T62_test_0257.jpg,3114
mstar,test,6,5,2,T62,data/MSTAR/test/T62/T62_test_0258.jpg,3505
mstar,test,6,5,2,T62,data/MSTAR/test/T62/T62_test_0259.jpg,3338
mstar,test,6,5,2,T62,data/MSTAR/test/T62/T62_test_0260.jpg,1658
mstar,test,6,5,2,T62,data/MSTAR/test/T62/T62_test_0261.jpg,3140
mstar,test,6,5,2,T62,data/MSTAR/test/T62/T62_test_0262.jpg,2179
mstar,test,6,5,2,T62,data/MSTAR/test/T62/T62_test_0263.jpg,1800
mstar,test,6,5,2,T62,data/MSTAR/test/T62/T62_test_0264.jpg,1341
mstar,test,6,5,2,T62,data/MSTAR/test/T62/T62_test_0265.jpg,2002
mstar,test,6,5,2,T62,data/MSTAR/test/T62/T62_test_0266.jpg,2918
mstar,test,6,5,2,T62,data/MSTAR/test/T62/T62_test_0267.jpg,1263
mstar,test,6,5,2,T62,data/MSTAR/test/T62/T62_test_0268.jpg,2530
mstar,test,6,5,2,T62,data/MSTAR/test/T62/T62_test_0269.jpg,1711
mstar,test,6,5,2,T62,data/MSTAR/test/T62/T62_test_0270.jpg,1665
mstar,test,6,5,2,T62,data/MSTAR/test/T62/T62_test_0271.jpg,1801
mstar,test,6,5,2,T62,data/MSTAR/test/T62/T62_test_0272.jpg,3823
mstar,train,5,6,3,D7,data/MSTAR/train/D7/D7_train_0000.jpg,2568
mstar,train,5,6,3,D7,data/MSTAR/train/D7/D7_train_0001.jpg,2169
mstar,train,5,6,3,D7,data/MSTAR/train/D7/D7_train_0002.jpg,3250
mstar,train,5,6,3,D7,data/MSTAR/train/D7/D7_train_0003.jpg,3141
mstar,train,5,6,3,D7,data/MSTAR/train/D7/D7_train_0004.jpg,3328
mstar,test,5,6,3,D7,data/MSTAR/test/D7/D7_test_0000.jpg,2659
mstar,test,5,6,3,D7,data/MSTAR/test/D7/D7_test_0001.jpg,2022
mstar,test,5,6,3,D7,data/MSTAR/test/D7/D7_test_0002.jpg,2171
mstar,test,5,6,3,D7,data/MSTAR/test/D7/D7_test_0003.jpg,2291
mstar,test,5,6,3,D7,data/MSTAR/test/D7/D7_test_0004.jpg,2534
mstar,test,5,6,3,D7,data/MSTAR/test/D7/D7_test_0005.jpg,2306
mstar,test,5,6,3,D7,data/MSTAR/test/D7/D7_test_0006.jpg,1567
mstar,test,5,6,3,D7,data/MSTAR/test/D7/D7_test_0007.jpg,1387
mstar,test,5,6,3,D7,data/MSTAR/test/D7/D7_test_0008.jpg,1320
mstar,test,5,6,3,D7,data/MSTAR/test/D7/D7_test_0009.jpg,3073
mstar,test,5,6,3,D7,data/MSTAR/test/D7/D7_test_0010.jpg,2993
mstar,test,5,6,3,D7,data/MSTAR/test/D7/D7_test_0011.jpg,2544
mstar,test,5,6,3,D7,data/MSTAR/test/D7/D7_test_0012.jpg,1935
mstar,test,5,6,3,D7,data/MSTAR/test/D7/D7_test_0013.jpg,2422
mstar,test,5,6,3,D7,data/MSTAR/test/D7/D7_test_0014.jpg,1388
mstar,test,5,6,3,D7,data/MSTAR/test/D7/D7_test_0015.jpg,2370
mstar,test,5,6,3,D7,data/MSTAR/test/D7/D7_test_0016.jpg,2443
mstar,test,5,6,3,D7,data/MSTAR/test/D7/D7_test_0017.jpg,1528
mstar,test,5,6,3,D7,data/MSTAR/test/D7/D7_test_0018.jpg,1032
mstar,test,5,6,3,D7,data/MSTAR/test/D7/D7_test_0019.jpg,2619
mstar,test,5,6,3,D7,data/MSTAR/test/D7/D7_test_0020.jpg,1543
mstar,test,5,6,3,D7,data/MSTAR/test/D7/D7_test_0021.jpg,3363
mstar,test,5,6,3,D7,data/MSTAR/test/D7/D7_test_0022.jpg,1609
mstar,test,5,6,3,D7,data/MSTAR/test/D7/D7_test_0023.jpg,1512
mstar,test,5,6,3,D7,data/MSTAR/test/D7/D7_test_0024.jpg,1930
mstar,test,5,6,3,D7,data/MSTAR/test/D7/D7_test_0025.jpg,1118
mstar,test,5,6,3,D7,data/MSTAR/test/D7/D7_test_0026.jpg,1826
mstar,test,5,6,3,D7,data/MSTAR/test/D7/D7_test_0027.jpg,1805
mstar,test,5,6,3,D7,data/MSTAR/test/D7/D7_test_0028.jpg,2425
mstar,test,5,6,3,D7,data/MSTAR/test/D7/D7_test_0029.jpg,2558
mstar,test,5,6,3,D7,data/MSTAR/test/D7/D7_test_0030.jpg,2492
mstar,test,5,6,3,D7,data/MSTAR/test/D7/D7_test_0031.jpg,2072
mstar,test,5,6,3,D7,data/MSTAR/test/D7/D7_test_0032.jpg,1636
mstar,test,5,6,3,D7,data/MSTAR/test/D7/D7_test_0033.jpg,2156
mstar,test,5,6,3,D7,data/MSTAR/test/D7/D7_test_0034.jpg,1395
mstar,test,5,6,3,D7,data/MSTAR/test/D7/D7_test_0035.jpg,1858
mstar,test,5,6,3,D7,data/MSTAR/test/D7/D7_test_0036.jpg,2281
mstar,test,5,6,3,D7,data/MSTAR/test/D7/D7_test_0037.jpg,3255
mstar,test,5,6,3,D7,data/MSTAR/test/D7/D7_test_0038.jpg,2253
mstar,test,5,6,3,D7,data/MSTAR/test/D7/D7_test_0039.jpg,2515
mstar,test,5,6,3,D7,data/MSTAR/test/D7/D7_test_0040.jpg,1759
mstar,test,5,6,3,D7,data/MSTAR/test/D7/D7_test_0041.jpg,2576
mstar,test,5,6,3,D7,data/MSTAR/test/D7/D7_test_0042.jpg,2534
mstar,test,5,6,3,D7,data/MSTAR/test/D7/D7_test_0043.jpg,1442
mstar,test,5,6,3,D7,data/MSTAR/test/D7/D7_test_0044.jpg,3831
mstar,test,5,6,3,D7,data/MSTAR/test/D7/D7_test_0045.jpg,2799
mstar,test,5,6,3,D7,data/MSTAR/test/D7/D7_test_0046.jpg,2881
mstar,test,5,6,3,D7,data/MSTAR/test/D7/D7_test_0047.jpg,2659
mstar,test,5,6,3,D7,data/MSTAR/test/D7/D7_test_0048.jpg,3311
mstar,test,5,6,3,D7,data/MSTAR/test/D7/D7_test_0049.jpg,1977
mstar,test,5,6,3,D7,data/MSTAR/test/D7/D7_test_0050.jpg,1640
mstar,test,5,6,3,D7,data/MSTAR/test/D7/D7_test_0051.jpg,3924
mstar,test,5,6,3,D7,data/MSTAR/test/D7/D7_test_0052.jpg,2359
mstar,test,5,6,3,D7,data/MSTAR/test/D7/D7_test_0053.jpg,1566
mstar,test,5,6,3,D7,data/MSTAR/test/D7/D7_test_0054.jpg,2458
mstar,test,5,6,3,D7,data/MSTAR/test/D7/D7_test_0055.jpg,2285
mstar,test,5,6,3,D7,data/MSTAR/test/D7/D7_test_0056.jpg,3159
mstar,test,5,6,3,D7,data/MSTAR/test/D7/D7_test_0057.jpg,1625
mstar,test,5,6,3,D7,data/MSTAR/test/D7/D7_test_0058.jpg,4189
mstar,test,5,6,3,D7,data/MSTAR/test/D7/D7_test_0059.jpg,1848
mstar,test,5,6,3,D7,data/MSTAR/test/D7/D7_test_0060.jpg,1276
mstar,test,5,6,3,D7,data/MSTAR/test/D7/D7_test_0061.jpg,1449
mstar,test,5,6,3,D7,data/MSTAR/test/D7/D7_test_0062.jpg,1555
mstar,test,5,6,3,D7,data/MSTAR/test/D7/D7_test_0063.jpg,1999
mstar,test,5,6,3,D7,data/MSTAR/test/D7/D7_test_0064.jpg,3117
mstar,test,5,6,3,D7,data/MSTAR/test/D7/D7_test_0065.jpg,1853
mstar,test,5,6,3,D7,data/MSTAR/test/D7/D7_test_0066.jpg,3760
mstar,test,5,6,3,D7,data/MSTAR/test/D7/D7_test_0067.jpg,2562
mstar,test,5,6,3,D7,data/MSTAR/test/D7/D7_test_0068.jpg,1664
mstar,test,5,6,3,D7,data/MSTAR/test/D7/D7_test_0069.jpg,3283
mstar,test,5,6,3,D7,data/MSTAR/test/D7/D7_test_0070.jpg,1637
mstar,test,5,6,3,D7,data/MSTAR/test/D7/D7_test_0071.jpg,2865
mstar,test,5,6,3,D7,data/MSTAR/test/D7/D7_test_0072.jpg,2098
mstar,test,5,6,3,D7,data/MSTAR/test/D7/D7_test_0073.jpg,2399
mstar,test,5,6,3,D7,data/MSTAR/test/D7/D7_test_0074.jpg,2945
mstar,test,5,6,3,D7,data/MSTAR/test/D7/D7_test_0075.jpg,1101
mstar,test,5,6,3,D7,data/MSTAR/test/D7/D7_test_0076.jpg,2245
mstar,test,5,6,3,D7,data/MSTAR/test/D7/D7_test_0077.jpg,1619
mstar,test,5,6,3,D7,data/MSTAR/test/D7/D7_test_0078.jpg,2318
mstar,test,5,6,3,D7,data/MSTAR/test/D7/D7_test_0079.jpg,3967
mstar,test,5,6,3,D7,data/MSTAR/test/D7/D7_test_0080.jpg,3629
mstar,test,5,6,3,D7,data/MSTAR/test/D7/D7_test_0081.jpg,1403
mstar,test,5,6,3,D7,data/MSTAR/test/D7/D7_test_0082.jpg,1852
mstar,test,5,6,3,D7,data/MSTAR/test/D7/D7_test_0083.jpg,2795
mstar,test,5,6,3,D7,data/MSTAR/test/D7/D7_test_0084.jpg,1537
mstar,test,5,6,3,D7,data/MSTAR/test/D7/D7_test_0085.jpg,2688
mstar,test,5,6,3,D7,data/MSTAR/test/D7/D7_test_0086.jpg,1559
mstar,test,5,6,3,D7,data/MSTAR/test/D7/D7_test_0087.jpg,2015
mstar,test,5,6,3,D7,data/MSTAR/test/D7/D7_test_0088.jpg,1936
mstar,test,5,6,3,D7,data/MSTAR/test/D7/D7_test_0089.jpg,3681
mstar,test,5,6,3,D7,data/MSTAR/test/D7/D7_test_0090.jpg,2721
mstar,test,5,6,3,D7,data/MSTAR/test/D7/D7_test_0091.jpg,2327
mstar,test,5,6,3,D7,data/MSTAR/test/D7/D7_test_0092.jpg,1581
mstar,test,5,6,3,D7,data/MSTAR/test/D7/D7_test_0093.jpg,2197
mstar,test,5,6,3,D7,data/MSTAR/test/D7/D7_test_0094.jpg,1616
mstar,test,5,6,3,D7,data/MSTAR/test/D7/D7_test_0095.jpg,1867
mstar,test,5,6,3,D7,data/MSTAR/test/D7/D7_test_0096.jpg,2366
mstar,test,5,6,3,D7,data/MSTAR/test/D7/D7_test_0097.jpg,3250
mstar,test,5,6,3,D7,data/MSTAR/test/D7/D7_test_0098.jpg,2667
mstar,test,5,6,3,D7,data/MSTAR/test/D7/D7_test_0099.jpg,3065
mstar,test,5,6,3,D7,data/MSTAR/test/D7/D7_test_0100.jpg,2201
mstar,test,5,6,3,D7,data/MSTAR/test/D7/D7_test_0101.jpg,1751
mstar,test,5,6,3,D7,data/MSTAR/test/D7/D7_test_0102.jpg,1567
mstar,test,5,6,3,D7,data/MSTAR/test/D7/D7_test_0103.jpg,1603
mstar,test,5,6,3,D7,data/MSTAR/test/D7/D7_test_0104.jpg,2065
mstar,test,5,6,3,D7,data/MSTAR/test/D7/D7_test_0105.jpg,3169
mstar,test,5,6,3,D7,data/MSTAR/test/D7/D7_test_0106.jpg,1671
mstar,test,5,6,3,D7,data/MSTAR/test/D7/D7_test_0107.jpg,2158
mstar,test,5,6,3,D7,data/MSTAR/test/D7/D7_test_0108.jpg,2197
mstar,test,5,6,3,D7,data/MSTAR/test/D7/D7_test_0109.jpg,2064
mstar,test,5,6,3,D7,data/MSTAR/test/D7/D7_test_0110.jpg,4197
mstar,test,5,6,3,D7,data/MSTAR/test/D7/D7_test_0111.jpg,1121
mstar,test,5,6,3,D7,data/MSTAR/test/D7/D7_test_0112.jpg,2223
mstar,test,5,6,3,D7,data/MSTAR/test/D7/D7_test_0113.jpg,1735
mstar,test,5,6,3,D7,data/MSTAR/test/D7/D7_test_0114.jpg,2350
mstar,test,5,6,3,D7,data/MSTAR/test/D7/D7_test_0115.jpg,1796
mstar,test,5,6,3,D7,data/MSTAR/test/D7/D7_test_0116.jpg,3418
mstar,test,5,6,3,D7,data/MSTAR/test/D7/D7_test_0117.jpg,1816
mstar,test,5,6,3,D7,data/MSTAR/test/D7/D7_test_0118.jpg,2073
mstar,test,5,6,3,D7,data/MSTAR/test/D7/D7_test_0119.jpg,2763
mstar,test,5,6,3,D7,data/MSTAR/test/D7/D7_test_0120.jpg,2198
mstar,test,5,6,3,D7,data/MSTAR/test/D7/D7_test_0121.jpg,1974
mstar,test,5,6,3,D7,data/MSTAR/test/D7/D7_test_0122.jpg,1977
mstar,test,5,6,3,D7,data/MSTAR/test/D7/D7_test_0123.jpg,3763
mstar,test,5,6,3,D7,data/MSTAR/test/D7/D7_test_0124.jpg,3618
mstar,test,5,6,3,D7,data/MSTAR/test/D7/D7_test_0125.jpg,3322
mstar,test,5,6,3,D7,data/MSTAR/test/D7/D7_test_0126.jpg,1868
mstar,test,5,6,3,D7,data/MSTAR/test/D7/D7_test_0127.jpg,1290
mstar,test,5,6,3,D7,data/MSTAR/test/D7/D7_test_0128.jpg,2946
mstar,test,5,6,3,D7,data/MSTAR/test/D7/D7_test_0129.jpg,3973
mstar,test,5,6,3,D7,data/MSTAR/test/D7/D7_test_0130.jpg,2870
mstar,test,5,6,3,D7,data/MSTAR/test/D7/D7_test_0131.jpg,3367
mstar,test,5,6,3,D7,data/MSTAR/test/D7/D7_test_0132.jpg,2168
mstar,test,5,6,3,D7,data/MSTAR/test/D7/D7_test_0133.jpg,2262
mstar,test,5,6,3,D7,data/MSTAR/test/D7/D7_test_0134.jpg,1674
mstar,test,5,6,3,D7,data/MSTAR/test/D7/D7_test_0135.jpg,1213
mstar,test,5,6,3,D7,data/MSTAR/test/D7/D7_test_0136.jpg,1482
mstar,test,5,6,3,D7,data/MSTAR/test/D7/D7_test_0137.jpg,1409
mstar,test,5,6,3,D7,data/MSTAR/test/D7/D7_test_0138.jpg,3310
mstar,test,5,6,3,D7,data/MSTAR/test/D7/D7_test_0139.jpg,2817
mstar,test,5,6,3,D7,data/MSTAR/test/D7/D7_test_0140.jpg,1418
mstar,test,5,6,3,D7,data/MSTAR/test/D7/D7_test_0141.jpg,1509
mstar,test,5,6,3,D7,data/MSTAR/test/D7/D7_test_0142.jpg,2224
mstar,test,5,6,3,D7,data/MSTAR/test/D7/D7_test_0143.jpg,1829
mstar,test,5,6,3,D7,data/MSTAR/test/D7/D7_test_0144.jpg,1780
mstar,test,5,6,3,D7,data/MSTAR/test/D7/D7_test_0145.jpg,1858
mstar,test,5,6,3,D7,data/MSTAR/test/D7/D7_test_0146.jpg,3593
mstar,test,5,6,3,D7,data/MSTAR/test/D7/D7_test_0147.jpg,4731
mstar,test,5,6,3,D7,data/MSTAR/test/D7/D7_test_0148.jpg,2905
mstar,test,5,6,3,D7,data/MSTAR/test/D7/D7_test_0149.jpg,2232
mstar,test,5,6,3,D7,data/MSTAR/test/D7/D7_test_0150.jpg,3445
mstar,test,5,6,3,D7,data/MSTAR/test/D7/D7_test_0151.jpg,2669
mstar,test,5,6,3,D7,data/MSTAR/test/D7/D7_test_0152.jpg,4090
mstar,test,5,6,3,D7,data/MSTAR/test/D7/D7_test_0153.jpg,2710
mstar,test,5,6,3,D7,data/MSTAR/test/D7/D7_test_0154.jpg,3426
mstar,test,5,6,3,D7,data/MSTAR/test/D7/D7_test_0155.jpg,2981
mstar,test,5,6,3,D7,data/MSTAR/test/D7/D7_test_0156.jpg,2205
mstar,test,5,6,3,D7,data/MSTAR/test/D7/D7_test_0157.jpg,2586
mstar,test,5,6,3,D7,data/MSTAR/test/D7/D7_test_0158.jpg,1837
mstar,test,5,6,3,D7,data/MSTAR/test/D7/D7_test_0159.jpg,2810
mstar,test,5,6,3,D7,data/MSTAR/test/D7/D7_test_0160.jpg,1678
mstar,test,5,6,3,D7,data/MSTAR/test/D7/D7_test_0161.jpg,3371
mstar,test,5,6,3,D7,data/MSTAR/test/D7/D7_test_0162.jpg,2132
mstar,test,5,6,3,D7,data/MSTAR/test/D7/D7_test_0163.jpg,2421
mstar,test,5,6,3,D7,data/MSTAR/test/D7/D7_test_0164.jpg,1854
mstar,test,5,6,3,D7,data/MSTAR/test/D7/D7_test_0165.jpg,3690
mstar,test,5,6,3,D7,data/MSTAR/test/D7/D7_test_0166.jpg,3632
mstar,test,5,6,3,D7,data/MSTAR/test/D7/D7_test_0167.jpg,1945
mstar,test,5,6,3,D7,data/MSTAR/test/D7/D7_test_0168.jpg,1706
mstar,test,5,6,3,D7,data/MSTAR/test/D7/D7_test_0169.jpg,1768
mstar,test,5,6,3,D7,data/MSTAR/test/D7/D7_test_0170.jpg,3339
mstar,test,5,6,3,D7,data/MSTAR/test/D7/D7_test_0171.jpg,3439
mstar,test,5,6,3,D7,data/MSTAR/test/D7/D7_test_0172.jpg,1794
mstar,test,5,6,3,D7,data/MSTAR/test/D7/D7_test_0173.jpg,1154
mstar,test,5,6,3,D7,data/MSTAR/test/D7/D7_test_0174.jpg,3531
mstar,test,5,6,3,D7,data/MSTAR/test/D7/D7_test_0175.jpg,1971
mstar,test,5,6,3,D7,data/MSTAR/test/D7/D7_test_0176.jpg,2326
mstar,test,5,6,3,D7,data/MSTAR/test/D7/D7_test_0177.jpg,2194
mstar,test,5,6,3,D7,data/MSTAR/test/D7/D7_test_0178.jpg,2046
mstar,test,5,6,3,D7,data/MSTAR/test/D7/D7_test_0179.jpg,2980
mstar,test,5,6,3,D7,data/MSTAR/test/D7/D7_test_0180.jpg,3509
mstar,test,5,6,3,D7,data/MSTAR/test/D7/D7_test_0181.jpg,3426
mstar,test,5,6,3,D7,data/MSTAR/test/D7/D7_test_0182.jpg,2505
mstar,test,5,6,3,D7,data/MSTAR/test/D7/D7_test_0183.jpg,2208
mstar,test,5,6,3,D7,data/MSTAR/test/D7/D7_test_0184.jpg,2064
mstar,test,5,6,3,D7,data/MSTAR/test/D7/D7_test_0185.jpg,1862
mstar,test,5,6,3,D7,data/MSTAR/test/D7/D7_test_0186.jpg,1641
mstar,test,5,6,3,D7,data/MSTAR/test/D7/D7_test_0187.jpg,1928
mstar,test,5,6,3,D7,data/MSTAR/test/D7/D7_test_0188.jpg,2887
mstar,test,5,6,3,D7,data/MSTAR/test/D7/D7_test_0189.jpg,1921
mstar,test,5,6,3,D7,data/MSTAR/test/D7/D7_test_0190.jpg,2943
mstar,test,5,6,3,D7,data/MSTAR/test/D7/D7_test_0191.jpg,1933
mstar,test,5,6,3,D7,data/MSTAR/test/D7/D7_test_0192.jpg,2519
mstar,test,5,6,3,D7,data/MSTAR/test/D7/D7_test_0193.jpg,3440
mstar,test,5,6,3,D7,data/MSTAR/test/D7/D7_test_0194.jpg,1113
mstar,test,5,6,3,D7,data/MSTAR/test/D7/D7_test_0195.jpg,2113
mstar,test,5,6,3,D7,data/MSTAR/test/D7/D7_test_0196.jpg,2246
mstar,test,5,6,3,D7,data/MSTAR/test/D7/D7_test_0197.jpg,2129
mstar,test,5,6,3,D7,data/MSTAR/test/D7/D7_test_0198.jpg,1492
mstar,test,5,6,3,D7,data/MSTAR/test/D7/D7_test_0199.jpg,1352
mstar,test,5,6,3,D7,data/MSTAR/test/D7/D7_test_0200.jpg,2131
mstar,test,5,6,3,D7,data/MSTAR/test/D7/D7_test_0201.jpg,1512
mstar,test,5,6,3,D7,data/MSTAR/test/D7/D7_test_0202.jpg,1604
mstar,test,5,6,3,D7,data/MSTAR/test/D7/D7_test_0203.jpg,2144
mstar,test,5,6,3,D7,data/MSTAR/test/D7/D7_test_0204.jpg,2980
mstar,test,5,6,3,D7,data/MSTAR/test/D7/D7_test_0205.jpg,1889
mstar,test,5,6,3,D7,data/MSTAR/test/D7/D7_test_0206.jpg,2622
mstar,test,5,6,3,D7,data/MSTAR/test/D7/D7_test_0207.jpg,3029
mstar,test,5,6,3,D7,data/MSTAR/test/D7/D7_test_0208.jpg,2237
mstar,test,5,6,3,D7,data/MSTAR/test/D7/D7_test_0209.jpg,3486
mstar,test,5,6,3,D7,data/MSTAR/test/D7/D7_test_0210.jpg,2648
mstar,test,5,6,3,D7,data/MSTAR/test/D7/D7_test_0211.jpg,2800
mstar,test,5,6,3,D7,data/MSTAR/test/D7/D7_test_0212.jpg,2733
mstar,test,5,6,3,D7,data/MSTAR/test/D7/D7_test_0213.jpg,2070
mstar,test,5,6,3,D7,data/MSTAR/test/D7/D7_test_0214.jpg,2844
mstar,test,5,6,3,D7,data/MSTAR/test/D7/D7_test_0215.jpg,1152
mstar,test,5,6,3,D7,data/MSTAR/test/D7/D7_test_0216.jpg,1658
mstar,test,5,6,3,D7,data/MSTAR/test/D7/D7_test_0217.jpg,2293
mstar,test,5,6,3,D7,data/MSTAR/test/D7/D7_test_0218.jpg,1261
mstar,test,5,6,3,D7,data/MSTAR/test/D7/D7_test_0219.jpg,3294
mstar,test,5,6,3,D7,data/MSTAR/test/D7/D7_test_0220.jpg,2423
mstar,test,5,6,3,D7,data/MSTAR/test/D7/D7_test_0221.jpg,1529
mstar,test,5,6,3,D7,data/MSTAR/test/D7/D7_test_0222.jpg,1830
mstar,test,5,6,3,D7,data/MSTAR/test/D7/D7_test_0223.jpg,2701
mstar,test,5,6,3,D7,data/MSTAR/test/D7/D7_test_0224.jpg,3215
mstar,test,5,6,3,D7,data/MSTAR/test/D7/D7_test_0225.jpg,1619
mstar,test,5,6,3,D7,data/MSTAR/test/D7/D7_test_0226.jpg,2124
mstar,test,5,6,3,D7,data/MSTAR/test/D7/D7_test_0227.jpg,2618
mstar,test,5,6,3,D7,data/MSTAR/test/D7/D7_test_0228.jpg,3209
mstar,test,5,6,3,D7,data/MSTAR/test/D7/D7_test_0229.jpg,2997
mstar,test,5,6,3,D7,data/MSTAR/test/D7/D7_test_0230.jpg,1658
mstar,test,5,6,3,D7,data/MSTAR/test/D7/D7_test_0231.jpg,2411
mstar,test,5,6,3,D7,data/MSTAR/test/D7/D7_test_0232.jpg,1808
mstar,test,5,6,3,D7,data/MSTAR/test/D7/D7_test_0233.jpg,1450
mstar,test,5,6,3,D7,data/MSTAR/test/D7/D7_test_0234.jpg,1134
mstar,test,5,6,3,D7,data/MSTAR/test/D7/D7_test_0235.jpg,2295
mstar,test,5,6,3,D7,data/MSTAR/test/D7/D7_test_0236.jpg,2381
mstar,test,5,6,3,D7,data/MSTAR/test/D7/D7_test_0237.jpg,1253
mstar,test,5,6,3,D7,data/MSTAR/test/D7/D7_test_0238.jpg,1918
mstar,test,5,6,3,D7,data/MSTAR/test/D7/D7_test_0239.jpg,2048
mstar,test,5,6,3,D7,data/MSTAR/test/D7/D7_test_0240.jpg,2170
mstar,test,5,6,3,D7,data/MSTAR/test/D7/D7_test_0241.jpg,1568
mstar,test,5,6,3,D7,data/MSTAR/test/D7/D7_test_0242.jpg,2983
mstar,test,5,6,3,D7,data/MSTAR/test/D7/D7_test_0243.jpg,3192
mstar,test,5,6,3,D7,data/MSTAR/test/D7/D7_test_0244.jpg,2757
mstar,test,5,6,3,D7,data/MSTAR/test/D7/D7_test_0245.jpg,2799
mstar,test,5,6,3,D7,data/MSTAR/test/D7/D7_test_0246.jpg,2202
mstar,test,5,6,3,D7,data/MSTAR/test/D7/D7_test_0247.jpg,4450
mstar,test,5,6,3,D7,data/MSTAR/test/D7/D7_test_0248.jpg,2556
mstar,test,5,6,3,D7,data/MSTAR/test/D7/D7_test_0249.jpg,2875
mstar,test,5,6,3,D7,data/MSTAR/test/D7/D7_test_0250.jpg,2488
mstar,test,5,6,3,D7,data/MSTAR/test/D7/D7_test_0251.jpg,2569
mstar,test,5,6,3,D7,data/MSTAR/test/D7/D7_test_0252.jpg,1866
mstar,test,5,6,3,D7,data/MSTAR/test/D7/D7_test_0253.jpg,2125
mstar,test,5,6,3,D7,data/MSTAR/test/D7/D7_test_0254.jpg,2962
mstar,test,5,6,3,D7,data/MSTAR/test/D7/D7_test_0255.jpg,2722
mstar,test,5,6,3,D7,data/MSTAR/test/D7/D7_test_0256.jpg,2216
mstar,test,5,6,3,D7,data/MSTAR/test/D7/D7_test_0257.jpg,1723
mstar,test,5,6,3,D7,data/MSTAR/test/D7/D7_test_0258.jpg,3235
mstar,test,5,6,3,D7,data/MSTAR/test/D7/D7_test_0259.jpg,1914
mstar,test,5,6,3,D7,data/MSTAR/test/D7/D7_test_0260.jpg,1692
mstar,test,5,6,3,D7,data/MSTAR/test/D7/D7_test_0261.jpg,1493
mstar,test,5,6,3,D7,data/MSTAR/test/D7/D7_test_0262.jpg,1602
mstar,test,5,6,3,D7,data/MSTAR/test/D7/D7_test_0263.jpg,1869
mstar,test,5,6,3,D7,data/MSTAR/test/D7/D7_test_0264.jpg,2254
mstar,test,5,6,3,D7,data/MSTAR/test/D7/D7_test_0265.jpg,2793
mstar,test,5,6,3,D7,data/MSTAR/test/D7/D7_test_0266.jpg,3107
mstar,test,5,6,3,D7,data/MSTAR/test/D7/D7_test_0267.jpg,2177
mstar,test,5,6,3,D7,data/MSTAR/test/D7/D7_test_0268.jpg,1191
mstar,test,5,6,3,D7,data/MSTAR/test/D7/D7_test_0269.jpg,1485
mstar,test,5,6,3,D7,data/MSTAR/test/D7/D7_test_0270.jpg,2867
mstar,test,5,6,3,D7,data/MSTAR/test/D7/D7_test_0271.jpg,1999
mstar,test,5,6,3,D7,data/MSTAR/test/D7/D7_test_0272.jpg,2581
mstar,test,5,6,3,D7,data/MSTAR/test/D7/D7_test_0273.jpg,1437
mstar,train,3,7,4,BTR60,data/MSTAR/train/BTR60/BTR60_train_0000.jpg,2579
mstar,train,3,7,4,BTR60,data/MSTAR/train/BTR60/BTR60_train_0001.jpg,1600
mstar,train,3,7,4,BTR60,data/MSTAR/train/BTR60/BTR60_train_0002.jpg,984
mstar,train,3,7,4,BTR60,data/MSTAR/train/BTR60/BTR60_train_0003.jpg,2088
mstar,train,3,7,4,BTR60,data/MSTAR/train/BTR60/BTR60_train_0004.jpg,2305
mstar,test,3,7,4,BTR60,data/MSTAR/test/BTR60/BTR60_test_0000.jpg,2043
mstar,test,3,7,4,BTR60,data/MSTAR/test/BTR60/BTR60_test_0001.jpg,1658
mstar,test,3,7,4,BTR60,data/MSTAR/test/BTR60/BTR60_test_0002.jpg,2532
mstar,test,3,7,4,BTR60,data/MSTAR/test/BTR60/BTR60_test_0003.jpg,1497
mstar,test,3,7,4,BTR60,data/MSTAR/test/BTR60/BTR60_test_0004.jpg,1643
mstar,test,3,7,4,BTR60,data/MSTAR/test/BTR60/BTR60_test_0005.jpg,2077
mstar,test,3,7,4,BTR60,data/MSTAR/test/BTR60/BTR60_test_0006.jpg,2305
mstar,test,3,7,4,BTR60,data/MSTAR/test/BTR60/BTR60_test_0007.jpg,1641
mstar,test,3,7,4,BTR60,data/MSTAR/test/BTR60/BTR60_test_0008.jpg,2170
mstar,test,3,7,4,BTR60,data/MSTAR/test/BTR60/BTR60_test_0009.jpg,1961
mstar,test,3,7,4,BTR60,data/MSTAR/test/BTR60/BTR60_test_0010.jpg,1913
mstar,test,3,7,4,BTR60,data/MSTAR/test/BTR60/BTR60_test_0011.jpg,2508
mstar,test,3,7,4,BTR60,data/MSTAR/test/BTR60/BTR60_test_0012.jpg,2230
mstar,test,3,7,4,BTR60,data/MSTAR/test/BTR60/BTR60_test_0013.jpg,1559
mstar,test,3,7,4,BTR60,data/MSTAR/test/BTR60/BTR60_test_0014.jpg,2705
mstar,test,3,7,4,BTR60,data/MSTAR/test/BTR60/BTR60_test_0015.jpg,2492
mstar,test,3,7,4,BTR60,data/MSTAR/test/BTR60/BTR60_test_0016.jpg,1854
mstar,test,3,7,4,BTR60,data/MSTAR/test/BTR60/BTR60_test_0017.jpg,2248
mstar,test,3,7,4,BTR60,data/MSTAR/test/BTR60/BTR60_test_0018.jpg,1933
mstar,test,3,7,4,BTR60,data/MSTAR/test/BTR60/BTR60_test_0019.jpg,2177
mstar,test,3,7,4,BTR60,data/MSTAR/test/BTR60/BTR60_test_0020.jpg,2015
mstar,test,3,7,4,BTR60,data/MSTAR/test/BTR60/BTR60_test_0021.jpg,1933
mstar,test,3,7,4,BTR60,data/MSTAR/test/BTR60/BTR60_test_0022.jpg,1729
mstar,test,3,7,4,BTR60,data/MSTAR/test/BTR60/BTR60_test_0023.jpg,2287
mstar,test,3,7,4,BTR60,data/MSTAR/test/BTR60/BTR60_test_0024.jpg,2182
mstar,test,3,7,4,BTR60,data/MSTAR/test/BTR60/BTR60_test_0025.jpg,2261
mstar,test,3,7,4,BTR60,data/MSTAR/test/BTR60/BTR60_test_0026.jpg,2293
mstar,test,3,7,4,BTR60,data/MSTAR/test/BTR60/BTR60_test_0027.jpg,2684
mstar,test,3,7,4,BTR60,data/MSTAR/test/BTR60/BTR60_test_0028.jpg,3134
mstar,test,3,7,4,BTR60,data/MSTAR/test/BTR60/BTR60_test_0029.jpg,2259
mstar,test,3,7,4,BTR60,data/MSTAR/test/BTR60/BTR60_test_0030.jpg,3907
mstar,test,3,7,4,BTR60,data/MSTAR/test/BTR60/BTR60_test_0031.jpg,2078
mstar,test,3,7,4,BTR60,data/MSTAR/test/BTR60/BTR60_test_0032.jpg,1805
mstar,test,3,7,4,BTR60,data/MSTAR/test/BTR60/BTR60_test_0033.jpg,2102
mstar,test,3,7,4,BTR60,data/MSTAR/test/BTR60/BTR60_test_0034.jpg,2124
mstar,test,3,7,4,BTR60,data/MSTAR/test/BTR60/BTR60_test_0035.jpg,1760
mstar,test,3,7,4,BTR60,data/MSTAR/test/BTR60/BTR60_test_0036.jpg,2676
mstar,test,3,7,4,BTR60,data/MSTAR/test/BTR60/BTR60_test_0037.jpg,2039
mstar,test,3,7,4,BTR60,data/MSTAR/test/BTR60/BTR60_test_0038.jpg,2343
mstar,test,3,7,4,BTR60,data/MSTAR/test/BTR60/BTR60_test_0039.jpg,1974
mstar,test,3,7,4,BTR60,data/MSTAR/test/BTR60/BTR60_test_0040.jpg,1987
mstar,test,3,7,4,BTR60,data/MSTAR/test/BTR60/BTR60_test_0041.jpg,1826
mstar,test,3,7,4,BTR60,data/MSTAR/test/BTR60/BTR60_test_0042.jpg,1453
mstar,test,3,7,4,BTR60,data/MSTAR/test/BTR60/BTR60_test_0043.jpg,1441
mstar,test,3,7,4,BTR60,data/MSTAR/test/BTR60/BTR60_test_0044.jpg,1733
mstar,test,3,7,4,BTR60,data/MSTAR/test/BTR60/BTR60_test_0045.jpg,2266
mstar,test,3,7,4,BTR60,data/MSTAR/test/BTR60/BTR60_test_0046.jpg,2852
mstar,test,3,7,4,BTR60,data/MSTAR/test/BTR60/BTR60_test_0047.jpg,2074
mstar,test,3,7,4,BTR60,data/MSTAR/test/BTR60/BTR60_test_0048.jpg,2259
mstar,test,3,7,4,BTR60,data/MSTAR/test/BTR60/BTR60_test_0049.jpg,2039
mstar,test,3,7,4,BTR60,data/MSTAR/test/BTR60/BTR60_test_0050.jpg,2150
mstar,test,3,7,4,BTR60,data/MSTAR/test/BTR60/BTR60_test_0051.jpg,2078
mstar,test,3,7,4,BTR60,data/MSTAR/test/BTR60/BTR60_test_0052.jpg,2182
mstar,test,3,7,4,BTR60,data/MSTAR/test/BTR60/BTR60_test_0053.jpg,2493
mstar,test,3,7,4,BTR60,data/MSTAR/test/BTR60/BTR60_test_0054.jpg,2155
mstar,test,3,7,4,BTR60,data/MSTAR/test/BTR60/BTR60_test_0055.jpg,2653
mstar,test,3,7,4,BTR60,data/MSTAR/test/BTR60/BTR60_test_0056.jpg,1889
mstar,test,3,7,4,BTR60,data/MSTAR/test/BTR60/BTR60_test_0057.jpg,1314
mstar,test,3,7,4,BTR60,data/MSTAR/test/BTR60/BTR60_test_0058.jpg,1894
mstar,test,3,7,4,BTR60,data/MSTAR/test/BTR60/BTR60_test_0059.jpg,2290
mstar,test,3,7,4,BTR60,data/MSTAR/test/BTR60/BTR60_test_0060.jpg,2325
mstar,test,3,7,4,BTR60,data/MSTAR/test/BTR60/BTR60_test_0061.jpg,1425
mstar,test,3,7,4,BTR60,data/MSTAR/test/BTR60/BTR60_test_0062.jpg,1773
mstar,test,3,7,4,BTR60,data/MSTAR/test/BTR60/BTR60_test_0063.jpg,1646
mstar,test,3,7,4,BTR60,data/MSTAR/test/BTR60/BTR60_test_0064.jpg,2206
mstar,test,3,7,4,BTR60,data/MSTAR/test/BTR60/BTR60_test_0065.jpg,2461
mstar,test,3,7,4,BTR60,data/MSTAR/test/BTR60/BTR60_test_0066.jpg,2483
mstar,test,3,7,4,BTR60,data/MSTAR/test/BTR60/BTR60_test_0067.jpg,2558
mstar,test,3,7,4,BTR60,data/MSTAR/test/BTR60/BTR60_test_0068.jpg,2171
mstar,test,3,7,4,BTR60,data/MSTAR/test/BTR60/BTR60_test_0069.jpg,1700
mstar,test,3,7,4,BTR60,data/MSTAR/test/BTR60/BTR60_test_0070.jpg,2223
mstar,test,3,7,4,BTR60,data/MSTAR/test/BTR60/BTR60_test_0071.jpg,1821
mstar,test,3,7,4,BTR60,data/MSTAR/test/BTR60/BTR60_test_0072.jpg,2439
mstar,test,3,7,4,BTR60,data/MSTAR/test/BTR60/BTR60_test_0073.jpg,1689
mstar,test,3,7,4,BTR60,data/MSTAR/test/BTR60/BTR60_test_0074.jpg,2399
mstar,test,3,7,4,BTR60,data/MSTAR/test/BTR60/BTR60_test_0075.jpg,2413
mstar,test,3,7,4,BTR60,data/MSTAR/test/BTR60/BTR60_test_0076.jpg,2506
mstar,test,3,7,4,BTR60,data/MSTAR/test/BTR60/BTR60_test_0077.jpg,2475
mstar,test,3,7,4,BTR60,data/MSTAR/test/BTR60/BTR60_test_0078.jpg,2747
mstar,test,3,7,4,BTR60,data/MSTAR/test/BTR60/BTR60_test_0079.jpg,2484
mstar,test,3,7,4,BTR60,data/MSTAR/test/BTR60/BTR60_test_0080.jpg,2661
mstar,test,3,7,4,BTR60,data/MSTAR/test/BTR60/BTR60_test_0081.jpg,2225
mstar,test,3,7,4,BTR60,data/MSTAR/test/BTR60/BTR60_test_0082.jpg,2333
mstar,test,3,7,4,BTR60,data/MSTAR/test/BTR60/BTR60_test_0083.jpg,2347
mstar,test,3,7,4,BTR60,data/MSTAR/test/BTR60/BTR60_test_0084.jpg,2263
mstar,test,3,7,4,BTR60,data/MSTAR/test/BTR60/BTR60_test_0085.jpg,3331
mstar,test,3,7,4,BTR60,data/MSTAR/test/BTR60/BTR60_test_0086.jpg,1952
mstar,test,3,7,4,BTR60,data/MSTAR/test/BTR60/BTR60_test_0087.jpg,1954
mstar,test,3,7,4,BTR60,data/MSTAR/test/BTR60/BTR60_test_0088.jpg,1865
mstar,test,3,7,4,BTR60,data/MSTAR/test/BTR60/BTR60_test_0089.jpg,1890
mstar,test,3,7,4,BTR60,data/MSTAR/test/BTR60/BTR60_test_0090.jpg,1409
mstar,test,3,7,4,BTR60,data/MSTAR/test/BTR60/BTR60_test_0091.jpg,2375
mstar,test,3,7,4,BTR60,data/MSTAR/test/BTR60/BTR60_test_0092.jpg,2311
mstar,test,3,7,4,BTR60,data/MSTAR/test/BTR60/BTR60_test_0093.jpg,2075
mstar,test,3,7,4,BTR60,data/MSTAR/test/BTR60/BTR60_test_0094.jpg,2023
mstar,test,3,7,4,BTR60,data/MSTAR/test/BTR60/BTR60_test_0095.jpg,2075
mstar,test,3,7,4,BTR60,data/MSTAR/test/BTR60/BTR60_test_0096.jpg,2531
mstar,test,3,7,4,BTR60,data/MSTAR/test/BTR60/BTR60_test_0097.jpg,2622
mstar,test,3,7,4,BTR60,data/MSTAR/test/BTR60/BTR60_test_0098.jpg,2779
mstar,test,3,7,4,BTR60,data/MSTAR/test/BTR60/BTR60_test_0099.jpg,2291
mstar,test,3,7,4,BTR60,data/MSTAR/test/BTR60/BTR60_test_0100.jpg,3163
mstar,test,3,7,4,BTR60,data/MSTAR/test/BTR60/BTR60_test_0101.jpg,2132
mstar,test,3,7,4,BTR60,data/MSTAR/test/BTR60/BTR60_test_0102.jpg,1983
mstar,test,3,7,4,BTR60,data/MSTAR/test/BTR60/BTR60_test_0103.jpg,1483
mstar,test,3,7,4,BTR60,data/MSTAR/test/BTR60/BTR60_test_0104.jpg,1968
mstar,test,3,7,4,BTR60,data/MSTAR/test/BTR60/BTR60_test_0105.jpg,2178
mstar,test,3,7,4,BTR60,data/MSTAR/test/BTR60/BTR60_test_0106.jpg,2729
mstar,test,3,7,4,BTR60,data/MSTAR/test/BTR60/BTR60_test_0107.jpg,1786
mstar,test,3,7,4,BTR60,data/MSTAR/test/BTR60/BTR60_test_0108.jpg,1683
mstar,test,3,7,4,BTR60,data/MSTAR/test/BTR60/BTR60_test_0109.jpg,1602
mstar,test,3,7,4,BTR60,data/MSTAR/test/BTR60/BTR60_test_0110.jpg,1602
mstar,test,3,7,4,BTR60,data/MSTAR/test/BTR60/BTR60_test_0111.jpg,1884
mstar,test,3,7,4,BTR60,data/MSTAR/test/BTR60/BTR60_test_0112.jpg,2063
mstar,test,3,7,4,BTR60,data/MSTAR/test/BTR60/BTR60_test_0113.jpg,2098
mstar,test,3,7,4,BTR60,data/MSTAR/test/BTR60/BTR60_test_0114.jpg,1914
mstar,test,3,7,4,BTR60,data/MSTAR/test/BTR60/BTR60_test_0115.jpg,1692
mstar,test,3,7,4,BTR60,data/MSTAR/test/BTR60/BTR60_test_0116.jpg,2594
mstar,test,3,7,4,BTR60,data/MSTAR/test/BTR60/BTR60_test_0117.jpg,2523
mstar,test,3,7,4,BTR60,data/MSTAR/test/BTR60/BTR60_test_0118.jpg,2474
mstar,test,3,7,4,BTR60,data/MSTAR/test/BTR60/BTR60_test_0119.jpg,1540
mstar,test,3,7,4,BTR60,data/MSTAR/test/BTR60/BTR60_test_0120.jpg,1887
mstar,test,3,7,4,BTR60,data/MSTAR/test/BTR60/BTR60_test_0121.jpg,1754
mstar,test,3,7,4,BTR60,data/MSTAR/test/BTR60/BTR60_test_0122.jpg,1921
mstar,test,3,7,4,BTR60,data/MSTAR/test/BTR60/BTR60_test_0123.jpg,2609
mstar,test,3,7,4,BTR60,data/MSTAR/test/BTR60/BTR60_test_0124.jpg,1921
mstar,test,3,7,4,BTR60,data/MSTAR/test/BTR60/BTR60_test_0125.jpg,1840
mstar,test,3,7,4,BTR60,data/MSTAR/test/BTR60/BTR60_test_0126.jpg,2309
mstar,test,3,7,4,BTR60,data/MSTAR/test/BTR60/BTR60_test_0127.jpg,2244
mstar,test,3,7,4,BTR60,data/MSTAR/test/BTR60/BTR60_test_0128.jpg,2490
mstar,test,3,7,4,BTR60,data/MSTAR/test/BTR60/BTR60_test_0129.jpg,2399
mstar,test,3,7,4,BTR60,data/MSTAR/test/BTR60/BTR60_test_0130.jpg,2350
mstar,test,3,7,4,BTR60,data/MSTAR/test/BTR60/BTR60_test_0131.jpg,2541
mstar,test,3,7,4,BTR60,data/MSTAR/test/BTR60/BTR60_test_0132.jpg,1278
mstar,test,3,7,4,BTR60,data/MSTAR/test/BTR60/BTR60_test_0133.jpg,1395
mstar,test,3,7,4,BTR60,data/MSTAR/test/BTR60/BTR60_test_0134.jpg,1314
mstar,test,3,7,4,BTR60,data/MSTAR/test/BTR60/BTR60_test_0135.jpg,1753
mstar,test,3,7,4,BTR60,data/MSTAR/test/BTR60/BTR60_test_0136.jpg,2614
mstar,test,3,7,4,BTR60,data/MSTAR/test/BTR60/BTR60_test_0137.jpg,926
mstar,test,3,7,4,BTR60,data/MSTAR/test/BTR60/BTR60_test_0138.jpg,1409
mstar,test,3,7,4,BTR60,data/MSTAR/test/BTR60/BTR60_test_0139.jpg,1552
mstar,test,3,7,4,BTR60,data/MSTAR/test/BTR60/BTR60_test_0140.jpg,2227
mstar,test,3,7,4,BTR60,data/MSTAR/test/BTR60/BTR60_test_0141.jpg,2349
mstar,test,3,7,4,BTR60,data/MSTAR/test/BTR60/BTR60_test_0142.jpg,2226
mstar,test,3,7,4,BTR60,data/MSTAR/test/BTR60/BTR60_test_0143.jpg,1318
mstar,test,3,7,4,BTR60,data/MSTAR/test/BTR60/BTR60_test_0144.jpg,2728
mstar,test,3,7,4,BTR60,data/MSTAR/test/BTR60/BTR60_test_0145.jpg,2207
mstar,test,3,7,4,BTR60,data/MSTAR/test/BTR60/BTR60_test_0146.jpg,1575
mstar,test,3,7,4,BTR60,data/MSTAR/test/BTR60/BTR60_test_0147.jpg,3228
mstar,test,3,7,4,BTR60,data/MSTAR/test/BTR60/BTR60_test_0148.jpg,1870
mstar,test,3,7,4,BTR60,data/MSTAR/test/BTR60/BTR60_test_0149.jpg,1991
mstar,test,3,7,4,BTR60,data/MSTAR/test/BTR60/BTR60_test_0150.jpg,2569
mstar,test,3,7,4,BTR60,data/MSTAR/test/BTR60/BTR60_test_0151.jpg,1966
mstar,test,3,7,4,BTR60,data/MSTAR/test/BTR60/BTR60_test_0152.jpg,2145
mstar,test,3,7,4,BTR60,data/MSTAR/test/BTR60/BTR60_test_0153.jpg,2312
mstar,test,3,7,4,BTR60,data/MSTAR/test/BTR60/BTR60_test_0154.jpg,2143
mstar,test,3,7,4,BTR60,data/MSTAR/test/BTR60/BTR60_test_0155.jpg,2279
mstar,test,3,7,4,BTR60,data/MSTAR/test/BTR60/BTR60_test_0156.jpg,2092
mstar,test,3,7,4,BTR60,data/MSTAR/test/BTR60/BTR60_test_0157.jpg,1682
mstar,test,3,7,4,BTR60,data/MSTAR/test/BTR60/BTR60_test_0158.jpg,2441
mstar,test,3,7,4,BTR60,data/MSTAR/test/BTR60/BTR60_test_0159.jpg,2065
mstar,test,3,7,4,BTR60,data/MSTAR/test/BTR60/BTR60_test_0160.jpg,2242
mstar,test,3,7,4,BTR60,data/MSTAR/test/BTR60/BTR60_test_0161.jpg,1769
mstar,test,3,7,4,BTR60,data/MSTAR/test/BTR60/BTR60_test_0162.jpg,1783
mstar,test,3,7,4,BTR60,data/MSTAR/test/BTR60/BTR60_test_0163.jpg,1268
mstar,test,3,7,4,BTR60,data/MSTAR/test/BTR60/BTR60_test_0164.jpg,2000
mstar,test,3,7,4,BTR60,data/MSTAR/test/BTR60/BTR60_test_0165.jpg,2091
mstar,test,3,7,4,BTR60,data/MSTAR/test/BTR60/BTR60_test_0166.jpg,2127
mstar,test,3,7,4,BTR60,data/MSTAR/test/BTR60/BTR60_test_0167.jpg,2504
mstar,test,3,7,4,BTR60,data/MSTAR/test/BTR60/BTR60_test_0168.jpg,2189
mstar,test,3,7,4,BTR60,data/MSTAR/test/BTR60/BTR60_test_0169.jpg,1966
mstar,test,3,7,4,BTR60,data/MSTAR/test/BTR60/BTR60_test_0170.jpg,3495
mstar,test,3,7,4,BTR60,data/MSTAR/test/BTR60/BTR60_test_0171.jpg,2377
mstar,test,3,7,4,BTR60,data/MSTAR/test/BTR60/BTR60_test_0172.jpg,2256
mstar,test,3,7,4,BTR60,data/MSTAR/test/BTR60/BTR60_test_0173.jpg,2107
mstar,test,3,7,4,BTR60,data/MSTAR/test/BTR60/BTR60_test_0174.jpg,2034
mstar,test,3,7,4,BTR60,data/MSTAR/test/BTR60/BTR60_test_0175.jpg,2315
mstar,test,3,7,4,BTR60,data/MSTAR/test/BTR60/BTR60_test_0176.jpg,2419
mstar,test,3,7,4,BTR60,data/MSTAR/test/BTR60/BTR60_test_0177.jpg,2317
mstar,test,3,7,4,BTR60,data/MSTAR/test/BTR60/BTR60_test_0178.jpg,2156
mstar,test,3,7,4,BTR60,data/MSTAR/test/BTR60/BTR60_test_0179.jpg,2448
mstar,test,3,7,4,BTR60,data/MSTAR/test/BTR60/BTR60_test_0180.jpg,1040
mstar,test,3,7,4,BTR60,data/MSTAR/test/BTR60/BTR60_test_0181.jpg,2894
mstar,test,3,7,4,BTR60,data/MSTAR/test/BTR60/BTR60_test_0182.jpg,2510
mstar,test,3,7,4,BTR60,data/MSTAR/test/BTR60/BTR60_test_0183.jpg,2627
mstar,test,3,7,4,BTR60,data/MSTAR/test/BTR60/BTR60_test_0184.jpg,1615
mstar,test,3,7,4,BTR60,data/MSTAR/test/BTR60/BTR60_test_0185.jpg,1853
mstar,test,3,7,4,BTR60,data/MSTAR/test/BTR60/BTR60_test_0186.jpg,2633
mstar,test,3,7,4,BTR60,data/MSTAR/test/BTR60/BTR60_test_0187.jpg,2382
mstar,test,3,7,4,BTR60,data/MSTAR/test/BTR60/BTR60_test_0188.jpg,1109
mstar,test,3,7,4,BTR60,data/MSTAR/test/BTR60/BTR60_test_0189.jpg,1997
mstar,test,3,7,4,BTR60,data/MSTAR/test/BTR60/BTR60_test_0190.jpg,2102
mstar,test,3,7,4,BTR60,data/MSTAR/test/BTR60/BTR60_test_0191.jpg,2273
mstar,test,3,7,4,BTR60,data/MSTAR/test/BTR60/BTR60_test_0192.jpg,1463
mstar,test,3,7,4,BTR60,data/MSTAR/test/BTR60/BTR60_test_0193.jpg,1465
mstar,test,3,7,4,BTR60,data/MSTAR/test/BTR60/BTR60_test_0194.jpg,1810
mstar,train,7,8,5,T72,data/MSTAR/train/T72/T72_train_0000.jpg,1485
mstar,train,7,8,5,T72,data/MSTAR/train/T72/T72_train_0001.jpg,2327
mstar,train,7,8,5,T72,data/MSTAR/train/T72/T72_train_0002.jpg,2207
mstar,train,7,8,5,T72,data/MSTAR/train/T72/T72_train_0003.jpg,924
mstar,train,7,8,5,T72,data/MSTAR/train/T72/T72_train_0004.jpg,2006
mstar,test,7,8,5,T72,data/MSTAR/test/T72/T72_test_0000.jpg,1866
mstar,test,7,8,5,T72,data/MSTAR/test/T72/T72_test_0001.jpg,1918
mstar,test,7,8,5,T72,data/MSTAR/test/T72/T72_test_0002.jpg,1759
mstar,test,7,8,5,T72,data/MSTAR/test/T72/T72_test_0003.jpg,1807
mstar,test,7,8,5,T72,data/MSTAR/test/T72/T72_test_0004.jpg,2043
mstar,test,7,8,5,T72,data/MSTAR/test/T72/T72_test_0005.jpg,2060
mstar,test,7,8,5,T72,data/MSTAR/test/T72/T72_test_0006.jpg,1682
mstar,test,7,8,5,T72,data/MSTAR/test/T72/T72_test_0007.jpg,2035
mstar,test,7,8,5,T72,data/MSTAR/test/T72/T72_test_0008.jpg,867
mstar,test,7,8,5,T72,data/MSTAR/test/T72/T72_test_0009.jpg,2013
mstar,test,7,8,5,T72,data/MSTAR/test/T72/T72_test_0010.jpg,1727
mstar,test,7,8,5,T72,data/MSTAR/test/T72/T72_test_0011.jpg,1900
mstar,test,7,8,5,T72,data/MSTAR/test/T72/T72_test_0012.jpg,1115
mstar,test,7,8,5,T72,data/MSTAR/test/T72/T72_test_0013.jpg,1243
mstar,test,7,8,5,T72,data/MSTAR/test/T72/T72_test_0014.jpg,1629
mstar,test,7,8,5,T72,data/MSTAR/test/T72/T72_test_0015.jpg,1322
mstar,test,7,8,5,T72,data/MSTAR/test/T72/T72_test_0016.jpg,1278
mstar,test,7,8,5,T72,data/MSTAR/test/T72/T72_test_0017.jpg,692
mstar,test,7,8,5,T72,data/MSTAR/test/T72/T72_test_0018.jpg,2030
mstar,test,7,8,5,T72,data/MSTAR/test/T72/T72_test_0019.jpg,2035
mstar,test,7,8,5,T72,data/MSTAR/test/T72/T72_test_0020.jpg,1261
mstar,test,7,8,5,T72,data/MSTAR/test/T72/T72_test_0021.jpg,1891
mstar,test,7,8,5,T72,data/MSTAR/test/T72/T72_test_0022.jpg,1604
mstar,test,7,8,5,T72,data/MSTAR/test/T72/T72_test_0023.jpg,2586
mstar,test,7,8,5,T72,data/MSTAR/test/T72/T72_test_0024.jpg,1871
mstar,test,7,8,5,T72,data/MSTAR/test/T72/T72_test_0025.jpg,1189
mstar,test,7,8,5,T72,data/MSTAR/test/T72/T72_test_0026.jpg,1092
mstar,test,7,8,5,T72,data/MSTAR/test/T72/T72_test_0027.jpg,2255
mstar,test,7,8,5,T72,data/MSTAR/test/T72/T72_test_0028.jpg,1233
mstar,test,7,8,5,T72,data/MSTAR/test/T72/T72_test_0029.jpg,1614
mstar,test,7,8,5,T72,data/MSTAR/test/T72/T72_test_0030.jpg,1356
mstar,test,7,8,5,T72,data/MSTAR/test/T72/T72_test_0031.jpg,1767
mstar,test,7,8,5,T72,data/MSTAR/test/T72/T72_test_0032.jpg,1619
mstar,test,7,8,5,T72,data/MSTAR/test/T72/T72_test_0033.jpg,1781
mstar,test,7,8,5,T72,data/MSTAR/test/T72/T72_test_0034.jpg,1317
mstar,test,7,8,5,T72,data/MSTAR/test/T72/T72_test_0035.jpg,2467
mstar,test,7,8,5,T72,data/MSTAR/test/T72/T72_test_0036.jpg,2041
mstar,test,7,8,5,T72,data/MSTAR/test/T72/T72_test_0037.jpg,1550
mstar,test,7,8,5,T72,data/MSTAR/test/T72/T72_test_0038.jpg,1819
mstar,test,7,8,5,T72,data/MSTAR/test/T72/T72_test_0039.jpg,2022
mstar,test,7,8,5,T72,data/MSTAR/test/T72/T72_test_0040.jpg,2140
mstar,test,7,8,5,T72,data/MSTAR/test/T72/T72_test_0041.jpg,1835
mstar,test,7,8,5,T72,data/MSTAR/test/T72/T72_test_0042.jpg,2033
mstar,test,7,8,5,T72,data/MSTAR/test/T72/T72_test_0043.jpg,2618
mstar,test,7,8,5,T72,data/MSTAR/test/T72/T72_test_0044.jpg,1820
mstar,test,7,8,5,T72,data/MSTAR/test/T72/T72_test_0045.jpg,2078
mstar,test,7,8,5,T72,data/MSTAR/test/T72/T72_test_0046.jpg,2428
mstar,test,7,8,5,T72,data/MSTAR/test/T72/T72_test_0047.jpg,1961
mstar,test,7,8,5,T72,data/MSTAR/test/T72/T72_test_0048.jpg,1680
mstar,test,7,8,5,T72,data/MSTAR/test/T72/T72_test_0049.jpg,1982
mstar,test,7,8,5,T72,data/MSTAR/test/T72/T72_test_0050.jpg,1598
mstar,test,7,8,5,T72,data/MSTAR/test/T72/T72_test_0051.jpg,1772
mstar,test,7,8,5,T72,data/MSTAR/test/T72/T72_test_0052.jpg,1332
mstar,test,7,8,5,T72,data/MSTAR/test/T72/T72_test_0053.jpg,1325
mstar,test,7,8,5,T72,data/MSTAR/test/T72/T72_test_0054.jpg,1471
mstar,test,7,8,5,T72,data/MSTAR/test/T72/T72_test_0055.jpg,1524
mstar,test,7,8,5,T72,data/MSTAR/test/T72/T72_test_0056.jpg,2031
mstar,test,7,8,5,T72,data/MSTAR/test/T72/T72_test_0057.jpg,2127
mstar,test,7,8,5,T72,data/MSTAR/test/T72/T72_test_0058.jpg,1715
mstar,test,7,8,5,T72,data/MSTAR/test/T72/T72_test_0059.jpg,1644
mstar,test,7,8,5,T72,data/MSTAR/test/T72/T72_test_0060.jpg,1424
mstar,test,7,8,5,T72,data/MSTAR/test/T72/T72_test_0061.jpg,1715
mstar,test,7,8,5,T72,data/MSTAR/test/T72/T72_test_0062.jpg,2055
mstar,test,7,8,5,T72,data/MSTAR/test/T72/T72_test_0063.jpg,2163
mstar,test,7,8,5,T72,data/MSTAR/test/T72/T72_test_0064.jpg,2106
mstar,test,7,8,5,T72,data/MSTAR/test/T72/T72_test_0065.jpg,1384
mstar,test,7,8,5,T72,data/MSTAR/test/T72/T72_test_0066.jpg,2101
mstar,test,7,8,5,T72,data/MSTAR/test/T72/T72_test_0067.jpg,1364
mstar,test,7,8,5,T72,data/MSTAR/test/T72/T72_test_0068.jpg,1752
mstar,test,7,8,5,T72,data/MSTAR/test/T72/T72_test_0069.jpg,1761
mstar,test,7,8,5,T72,data/MSTAR/test/T72/T72_test_0070.jpg,2513
mstar,test,7,8,5,T72,data/MSTAR/test/T72/T72_test_0071.jpg,2104
mstar,test,7,8,5,T72,data/MSTAR/test/T72/T72_test_0072.jpg,1845
mstar,test,7,8,5,T72,data/MSTAR/test/T72/T72_test_0073.jpg,1883
mstar,test,7,8,5,T72,data/MSTAR/test/T72/T72_test_0074.jpg,1361
mstar,test,7,8,5,T72,data/MSTAR/test/T72/T72_test_0075.jpg,1834
mstar,test,7,8,5,T72,data/MSTAR/test/T72/T72_test_0076.jpg,2250
mstar,test,7,8,5,T72,data/MSTAR/test/T72/T72_test_0077.jpg,2104
mstar,test,7,8,5,T72,data/MSTAR/test/T72/T72_test_0078.jpg,1132
mstar,test,7,8,5,T72,data/MSTAR/test/T72/T72_test_0079.jpg,1514
mstar,test,7,8,5,T72,data/MSTAR/test/T72/T72_test_0080.jpg,1711
mstar,test,7,8,5,T72,data/MSTAR/test/T72/T72_test_0081.jpg,2160
mstar,test,7,8,5,T72,data/MSTAR/test/T72/T72_test_0082.jpg,2007
mstar,test,7,8,5,T72,data/MSTAR/test/T72/T72_test_0083.jpg,1608
mstar,test,7,8,5,T72,data/MSTAR/test/T72/T72_test_0084.jpg,2266
mstar,test,7,8,5,T72,data/MSTAR/test/T72/T72_test_0085.jpg,1288
mstar,test,7,8,5,T72,data/MSTAR/test/T72/T72_test_0086.jpg,2305
mstar,test,7,8,5,T72,data/MSTAR/test/T72/T72_test_0087.jpg,1325
mstar,test,7,8,5,T72,data/MSTAR/test/T72/T72_test_0088.jpg,1663
mstar,test,7,8,5,T72,data/MSTAR/test/T72/T72_test_0089.jpg,2036
mstar,test,7,8,5,T72,data/MSTAR/test/T72/T72_test_0090.jpg,1947
mstar,test,7,8,5,T72,data/MSTAR/test/T72/T72_test_0091.jpg,1467
mstar,test,7,8,5,T72,data/MSTAR/test/T72/T72_test_0092.jpg,1950
mstar,test,7,8,5,T72,data/MSTAR/test/T72/T72_test_0093.jpg,2286
mstar,test,7,8,5,T72,data/MSTAR/test/T72/T72_test_0094.jpg,2279
mstar,test,7,8,5,T72,data/MSTAR/test/T72/T72_test_0095.jpg,1670
mstar,test,7,8,5,T72,data/MSTAR/test/T72/T72_test_0096.jpg,1579
mstar,test,7,8,5,T72,data/MSTAR/test/T72/T72_test_0097.jpg,922
mstar,test,7,8,5,T72,data/MSTAR/test/T72/T72_test_0098.jpg,1505
mstar,test,7,8,5,T72,data/MSTAR/test/T72/T72_test_0099.jpg,1013
mstar,test,7,8,5,T72,data/MSTAR/test/T72/T72_test_0100.jpg,1415
mstar,test,7,8,5,T72,data/MSTAR/test/T72/T72_test_0101.jpg,1640
mstar,test,7,8,5,T72,data/MSTAR/test/T72/T72_test_0102.jpg,2113
mstar,test,7,8,5,T72,data/MSTAR/test/T72/T72_test_0103.jpg,1818
mstar,test,7,8,5,T72,data/MSTAR/test/T72/T72_test_0104.jpg,2385
mstar,test,7,8,5,T72,data/MSTAR/test/T72/T72_test_0105.jpg,1576
mstar,test,7,8,5,T72,data/MSTAR/test/T72/T72_test_0106.jpg,863
mstar,test,7,8,5,T72,data/MSTAR/test/T72/T72_test_0107.jpg,1566
mstar,test,7,8,5,T72,data/MSTAR/test/T72/T72_test_0108.jpg,2122
mstar,test,7,8,5,T72,data/MSTAR/test/T72/T72_test_0109.jpg,1738
mstar,test,7,8,5,T72,data/MSTAR/test/T72/T72_test_0110.jpg,2225
mstar,test,7,8,5,T72,data/MSTAR/test/T72/T72_test_0111.jpg,1802
mstar,test,7,8,5,T72,data/MSTAR/test/T72/T72_test_0112.jpg,2220
mstar,test,7,8,5,T72,data/MSTAR/test/T72/T72_test_0113.jpg,932
mstar,test,7,8,5,T72,data/MSTAR/test/T72/T72_test_0114.jpg,2350
mstar,test,7,8,5,T72,data/MSTAR/test/T72/T72_test_0115.jpg,1655
mstar,test,7,8,5,T72,data/MSTAR/test/T72/T72_test_0116.jpg,2182
mstar,test,7,8,5,T72,data/MSTAR/test/T72/T72_test_0117.jpg,1932
mstar,test,7,8,5,T72,data/MSTAR/test/T72/T72_test_0118.jpg,1303
mstar,test,7,8,5,T72,data/MSTAR/test/T72/T72_test_0119.jpg,2098
mstar,test,7,8,5,T72,data/MSTAR/test/T72/T72_test_0120.jpg,2062
mstar,test,7,8,5,T72,data/MSTAR/test/T72/T72_test_0121.jpg,2328
mstar,test,7,8,5,T72,data/MSTAR/test/T72/T72_test_0122.jpg,1398
mstar,test,7,8,5,T72,data/MSTAR/test/T72/T72_test_0123.jpg,2210
mstar,test,7,8,5,T72,data/MSTAR/test/T72/T72_test_0124.jpg,2251
mstar,test,7,8,5,T72,data/MSTAR/test/T72/T72_test_0125.jpg,1917
mstar,test,7,8,5,T72,data/MSTAR/test/T72/T72_test_0126.jpg,2457
mstar,test,7,8,5,T72,data/MSTAR/test/T72/T72_test_0127.jpg,2407
mstar,test,7,8,5,T72,data/MSTAR/test/T72/T72_test_0128.jpg,1957
mstar,test,7,8,5,T72,data/MSTAR/test/T72/T72_test_0129.jpg,1474
mstar,test,7,8,5,T72,data/MSTAR/test/T72/T72_test_0130.jpg,1935
mstar,test,7,8,5,T72,data/MSTAR/test/T72/T72_test_0131.jpg,1297
mstar,test,7,8,5,T72,data/MSTAR/test/T72/T72_test_0132.jpg,1306
mstar,test,7,8,5,T72,data/MSTAR/test/T72/T72_test_0133.jpg,2275
mstar,test,7,8,5,T72,data/MSTAR/test/T72/T72_test_0134.jpg,2376
mstar,test,7,8,5,T72,data/MSTAR/test/T72/T72_test_0135.jpg,1898
mstar,test,7,8,5,T72,data/MSTAR/test/T72/T72_test_0136.jpg,1988
mstar,test,7,8,5,T72,data/MSTAR/test/T72/T72_test_0137.jpg,1849
mstar,test,7,8,5,T72,data/MSTAR/test/T72/T72_test_0138.jpg,1313
mstar,test,7,8,5,T72,data/MSTAR/test/T72/T72_test_0139.jpg,2040
mstar,test,7,8,5,T72,data/MSTAR/test/T72/T72_test_0140.jpg,2075
mstar,test,7,8,5,T72,data/MSTAR/test/T72/T72_test_0141.jpg,1853
mstar,test,7,8,5,T72,data/MSTAR/test/T72/T72_test_0142.jpg,1843
mstar,test,7,8,5,T72,data/MSTAR/test/T72/T72_test_0143.jpg,1828
mstar,test,7,8,5,T72,data/MSTAR/test/T72/T72_test_0144.jpg,1456
mstar,test,7,8,5,T72,data/MSTAR/test/T72/T72_test_0145.jpg,1079
mstar,test,7,8,5,T72,data/MSTAR/test/T72/T72_test_0146.jpg,1973
mstar,test,7,8,5,T72,data/MSTAR/test/T72/T72_test_0147.jpg,1938
mstar,test,7,8,5,T72,data/MSTAR/test/T72/T72_test_0148.jpg,1954
mstar,test,7,8,5,T72,data/MSTAR/test/T72/T72_test_0149.jpg,1462
mstar,test,7,8,5,T72,data/MSTAR/test/T72/T72_test_0150.jpg,2280
mstar,test,7,8,5,T72,data/MSTAR/test/T72/T72_test_0151.jpg,1812
mstar,test,7,8,5,T72,data/MSTAR/test/T72/T72_test_0152.jpg,2028
mstar,test,7,8,5,T72,data/MSTAR/test/T72/T72_test_0153.jpg,2283
mstar,test,7,8,5,T72,data/MSTAR/test/T72/T72_test_0154.jpg,1492
mstar,test,7,8,5,T72,data/MSTAR/test/T72/T72_test_0155.jpg,2237
mstar,test,7,8,5,T72,data/MSTAR/test/T72/T72_test_0156.jpg,1565
mstar,test,7,8,5,T72,data/MSTAR/test/T72/T72_test_0157.jpg,1822
mstar,test,7,8,5,T72,data/MSTAR/test/T72/T72_test_0158.jpg,2051
mstar,test,7,8,5,T72,data/MSTAR/test/T72/T72_test_0159.jpg,2079
mstar,test,7,8,5,T72,data/MSTAR/test/T72/T72_test_0160.jpg,1569
mstar,test,7,8,5,T72,data/MSTAR/test/T72/T72_test_0161.jpg,1308
mstar,test,7,8,5,T72,data/MSTAR/test/T72/T72_test_0162.jpg,1875
mstar,test,7,8,5,T72,data/MSTAR/test/T72/T72_test_0163.jpg,2067
mstar,test,7,8,5,T72,data/MSTAR/test/T72/T72_test_0164.jpg,2485
mstar,test,7,8,5,T72,data/MSTAR/test/T72/T72_test_0165.jpg,2050
mstar,test,7,8,5,T72,data/MSTAR/test/T72/T72_test_0166.jpg,1964
mstar,test,7,8,5,T72,data/MSTAR/test/T72/T72_test_0167.jpg,1714
mstar,test,7,8,5,T72,data/MSTAR/test/T72/T72_test_0168.jpg,1873
mstar,test,7,8,5,T72,data/MSTAR/test/T72/T72_test_0169.jpg,1407
mstar,test,7,8,5,T72,data/MSTAR/test/T72/T72_test_0170.jpg,2162
mstar,test,7,8,5,T72,data/MSTAR/test/T72/T72_test_0171.jpg,2036
mstar,test,7,8,5,T72,data/MSTAR/test/T72/T72_test_0172.jpg,2054
mstar,test,7,8,5,T72,data/MSTAR/test/T72/T72_test_0173.jpg,1735
mstar,test,7,8,5,T72,data/MSTAR/test/T72/T72_test_0174.jpg,2104
mstar,test,7,8,5,T72,data/MSTAR/test/T72/T72_test_0175.jpg,1365
mstar,test,7,8,5,T72,data/MSTAR/test/T72/T72_test_0176.jpg,1839
mstar,test,7,8,5,T72,data/MSTAR/test/T72/T72_test_0177.jpg,1361
mstar,test,7,8,5,T72,data/MSTAR/test/T72/T72_test_0178.jpg,1667
mstar,test,7,8,5,T72,data/MSTAR/test/T72/T72_test_0179.jpg,1304
mstar,test,7,8,5,T72,data/MSTAR/test/T72/T72_test_0180.jpg,1937
mstar,test,7,8,5,T72,data/MSTAR/test/T72/T72_test_0181.jpg,2351
mstar,test,7,8,5,T72,data/MSTAR/test/T72/T72_test_0182.jpg,1119
mstar,test,7,8,5,T72,data/MSTAR/test/T72/T72_test_0183.jpg,1064
mstar,test,7,8,5,T72,data/MSTAR/test/T72/T72_test_0184.jpg,1611
mstar,test,7,8,5,T72,data/MSTAR/test/T72/T72_test_0185.jpg,1957
mstar,test,7,8,5,T72,data/MSTAR/test/T72/T72_test_0186.jpg,1375
mstar,test,7,8,5,T72,data/MSTAR/test/T72/T72_test_0187.jpg,2044
mstar,test,7,8,5,T72,data/MSTAR/test/T72/T72_test_0188.jpg,2058
mstar,test,7,8,5,T72,data/MSTAR/test/T72/T72_test_0189.jpg,1895
mstar,test,7,8,5,T72,data/MSTAR/test/T72/T72_test_0190.jpg,2413
mstar,test,7,8,5,T72,data/MSTAR/test/T72/T72_test_0191.jpg,1873
mstar,test,7,8,5,T72,data/MSTAR/test/T72/T72_test_0192.jpg,1429
mstar,test,7,8,5,T72,data/MSTAR/test/T72/T72_test_0193.jpg,1781
mstar,test,7,8,5,T72,data/MSTAR/test/T72/T72_test_0194.jpg,1571
mstar,test,7,8,5,T72,data/MSTAR/test/T72/T72_test_0195.jpg,871
mstar,train,9,9,6,ZSU234,data/MSTAR/train/ZSU234/ZSU234_train_0000.jpg,2544
mstar,train,9,9,6,ZSU234,data/MSTAR/train/ZSU234/ZSU234_train_0001.jpg,1585
mstar,train,9,9,6,ZSU234,data/MSTAR/train/ZSU234/ZSU234_train_0002.jpg,1506
mstar,train,9,9,6,ZSU234,data/MSTAR/train/ZSU234/ZSU234_train_0003.jpg,5097
mstar,train,9,9,6,ZSU234,data/MSTAR/train/ZSU234/ZSU234_train_0004.jpg,3852
mstar,test,9,9,6,ZSU234,data/MSTAR/test/ZSU234/ZSU234_test_0000.jpg,1980
mstar,test,9,9,6,ZSU234,data/MSTAR/test/ZSU234/ZSU234_test_0001.jpg,1385
mstar,test,9,9,6,ZSU234,data/MSTAR/test/ZSU234/ZSU234_test_0002.jpg,2465
mstar,test,9,9,6,ZSU234,data/MSTAR/test/ZSU234/ZSU234_test_0003.jpg,2467
mstar,test,9,9,6,ZSU234,data/MSTAR/test/ZSU234/ZSU234_test_0004.jpg,1698
mstar,test,9,9,6,ZSU234,data/MSTAR/test/ZSU234/ZSU234_test_0005.jpg,2093
mstar,test,9,9,6,ZSU234,data/MSTAR/test/ZSU234/ZSU234_test_0006.jpg,970
mstar,test,9,9,6,ZSU234,data/MSTAR/test/ZSU234/ZSU234_test_0007.jpg,1927
mstar,test,9,9,6,ZSU234,data/MSTAR/test/ZSU234/ZSU234_test_0008.jpg,2496
mstar,test,9,9,6,ZSU234,data/MSTAR/test/ZSU234/ZSU234_test_0009.jpg,2470
mstar,test,9,9,6,ZSU234,data/MSTAR/test/ZSU234/ZSU234_test_0010.jpg,2670
mstar,test,9,9,6,ZSU234,data/MSTAR/test/ZSU234/ZSU234_test_0011.jpg,824
mstar,test,9,9,6,ZSU234,data/MSTAR/test/ZSU234/ZSU234_test_0012.jpg,1250
mstar,test,9,9,6,ZSU234,data/MSTAR/test/ZSU234/ZSU234_test_0013.jpg,892
mstar,test,9,9,6,ZSU234,data/MSTAR/test/ZSU234/ZSU234_test_0014.jpg,1310
mstar,test,9,9,6,ZSU234,data/MSTAR/test/ZSU234/ZSU234_test_0015.jpg,2519
mstar,test,9,9,6,ZSU234,data/MSTAR/test/ZSU234/ZSU234_test_0016.jpg,2333
mstar,test,9,9,6,ZSU234,data/MSTAR/test/ZSU234/ZSU234_test_0017.jpg,1871
mstar,test,9,9,6,ZSU234,data/MSTAR/test/ZSU234/ZSU234_test_0018.jpg,1487
mstar,test,9,9,6,ZSU234,data/MSTAR/test/ZSU234/ZSU234_test_0019.jpg,1573
mstar,test,9,9,6,ZSU234,data/MSTAR/test/ZSU234/ZSU234_test_0020.jpg,2476
mstar,test,9,9,6,ZSU234,data/MSTAR/test/ZSU234/ZSU234_test_0021.jpg,894
mstar,test,9,9,6,ZSU234,data/MSTAR/test/ZSU234/ZSU234_test_0022.jpg,2666
mstar,test,9,9,6,ZSU234,data/MSTAR/test/ZSU234/ZSU234_test_0023.jpg,783
mstar,test,9,9,6,ZSU234,data/MSTAR/test/ZSU234/ZSU234_test_0024.jpg,2421
mstar,test,9,9,6,ZSU234,data/MSTAR/test/ZSU234/ZSU234_test_0025.jpg,2114
mstar,test,9,9,6,ZSU234,data/MSTAR/test/ZSU234/ZSU234_test_0026.jpg,1292
mstar,test,9,9,6,ZSU234,data/MSTAR/test/ZSU234/ZSU234_test_0027.jpg,2497
mstar,test,9,9,6,ZSU234,data/MSTAR/test/ZSU234/ZSU234_test_0028.jpg,2375
mstar,test,9,9,6,ZSU234,data/MSTAR/test/ZSU234/ZSU234_test_0029.jpg,1967
mstar,test,9,9,6,ZSU234,data/MSTAR/test/ZSU234/ZSU234_test_0030.jpg,2061
mstar,test,9,9,6,ZSU234,data/MSTAR/test/ZSU234/ZSU234_test_0031.jpg,2130
mstar,test,9,9,6,ZSU234,data/MSTAR/test/ZSU234/ZSU234_test_0032.jpg,1129
mstar,test,9,9,6,ZSU234,data/MSTAR/test/ZSU234/ZSU234_test_0033.jpg,1332
mstar,test,9,9,6,ZSU234,data/MSTAR/test/ZSU234/ZSU234_test_0034.jpg,2232
mstar,test,9,9,6,ZSU234,data/MSTAR/test/ZSU234/ZSU234_test_0035.jpg,1795
mstar,test,9,9,6,ZSU234,data/MSTAR/test/ZSU234/ZSU234_test_0036.jpg,916
mstar,test,9,9,6,ZSU234,data/MSTAR/test/ZSU234/ZSU234_test_0037.jpg,1089
mstar,test,9,9,6,ZSU234,data/MSTAR/test/ZSU234/ZSU234_test_0038.jpg,1407
mstar,test,9,9,6,ZSU234,data/MSTAR/test/ZSU234/ZSU234_test_0039.jpg,1129
mstar,test,9,9,6,ZSU234,data/MSTAR/test/ZSU234/ZSU234_test_0040.jpg,1878
mstar,test,9,9,6,ZSU234,data/MSTAR/test/ZSU234/ZSU234_test_0041.jpg,1088
mstar,test,9,9,6,ZSU234,data/MSTAR/test/ZSU234/ZSU234_test_0042.jpg,1603
mstar,test,9,9,6,ZSU234,data/MSTAR/test/ZSU234/ZSU234_test_0043.jpg,2363
mstar,test,9,9,6,ZSU234,data/MSTAR/test/ZSU234/ZSU234_test_0044.jpg,1275
mstar,test,9,9,6,ZSU234,data/MSTAR/test/ZSU234/ZSU234_test_0045.jpg,840
mstar,test,9,9,6,ZSU234,data/MSTAR/test/ZSU234/ZSU234_test_0046.jpg,2246
mstar,test,9,9,6,ZSU234,data/MSTAR/test/ZSU234/ZSU234_test_0047.jpg,1224
mstar,test,9,9,6,ZSU234,data/MSTAR/test/ZSU234/ZSU234_test_0048.jpg,1993
mstar,test,9,9,6,ZSU234,data/MSTAR/test/ZSU234/ZSU234_test_0049.jpg,1932
mstar,test,9,9,6,ZSU234,data/MSTAR/test/ZSU234/ZSU234_test_0050.jpg,1667
mstar,test,9,9,6,ZSU234,data/MSTAR/test/ZSU234/ZSU234_test_0051.jpg,1947
mstar,test,9,9,6,ZSU234,data/MSTAR/test/ZSU234/ZSU234_test_0052.jpg,1118
mstar,test,9,9,6,ZSU234,data/MSTAR/test/ZSU234/ZSU234_test_0053.jpg,1211
mstar,test,9,9,6,ZSU234,data/MSTAR/test/ZSU234/ZSU234_test_0054.jpg,2234
mstar,test,9,9,6,ZSU234,data/MSTAR/test/ZSU234/ZSU234_test_0055.jpg,2294
mstar,test,9,9,6,ZSU234,data/MSTAR/test/ZSU234/ZSU234_test_0056.jpg,1153
mstar,test,9,9,6,ZSU234,data/MSTAR/test/ZSU234/ZSU234_test_0057.jpg,1428
mstar,test,9,9,6,ZSU234,data/MSTAR/test/ZSU234/ZSU234_test_0058.jpg,2331
mstar,test,9,9,6,ZSU234,data/MSTAR/test/ZSU234/ZSU234_test_0059.jpg,1785
mstar,test,9,9,6,ZSU234,data/MSTAR/test/ZSU234/ZSU234_test_0060.jpg,2126
mstar,test,9,9,6,ZSU234,data/MSTAR/test/ZSU234/ZSU234_test_0061.jpg,2164
mstar,test,9,9,6,ZSU234,data/MSTAR/test/ZSU234/ZSU234_test_0062.jpg,2011
mstar,test,9,9,6,ZSU234,data/MSTAR/test/ZSU234/ZSU234_test_0063.jpg,2730
mstar,test,9,9,6,ZSU234,data/MSTAR/test/ZSU234/ZSU234_test_0064.jpg,896
mstar,test,9,9,6,ZSU234,data/MSTAR/test/ZSU234/ZSU234_test_0065.jpg,1953
mstar,test,9,9,6,ZSU234,data/MSTAR/test/ZSU234/ZSU234_test_0066.jpg,2893
mstar,test,9,9,6,ZSU234,data/MSTAR/test/ZSU234/ZSU234_test_0067.jpg,2396
mstar,test,9,9,6,ZSU234,data/MSTAR/test/ZSU234/ZSU234_test_0068.jpg,2214
mstar,test,9,9,6,ZSU234,data/MSTAR/test/ZSU234/ZSU234_test_0069.jpg,2001
mstar,test,9,9,6,ZSU234,data/MSTAR/test/ZSU234/ZSU234_test_0070.jpg,2633
mstar,test,9,9,6,ZSU234,data/MSTAR/test/ZSU234/ZSU234_test_0071.jpg,2340
mstar,test,9,9,6,ZSU234,data/MSTAR/test/ZSU234/ZSU234_test_0072.jpg,1542
mstar,test,9,9,6,ZSU234,data/MSTAR/test/ZSU234/ZSU234_test_0073.jpg,2378
mstar,test,9,9,6,ZSU234,data/MSTAR/test/ZSU234/ZSU234_test_0074.jpg,1349
mstar,test,9,9,6,ZSU234,data/MSTAR/test/ZSU234/ZSU234_test_0075.jpg,1713
mstar,test,9,9,6,ZSU234,data/MSTAR/test/ZSU234/ZSU234_test_0076.jpg,2433
mstar,test,9,9,6,ZSU234,data/MSTAR/test/ZSU234/ZSU234_test_0077.jpg,2474
mstar,test,9,9,6,ZSU234,data/MSTAR/test/ZSU234/ZSU234_test_0078.jpg,2680
mstar,test,9,9,6,ZSU234,data/MSTAR/test/ZSU234/ZSU234_test_0079.jpg,2653
mstar,test,9,9,6,ZSU234,data/MSTAR/test/ZSU234/ZSU234_test_0080.jpg,2406
mstar,test,9,9,6,ZSU234,data/MSTAR/test/ZSU234/ZSU234_test_0081.jpg,2621
mstar,test,9,9,6,ZSU234,data/MSTAR/test/ZSU234/ZSU234_test_0082.jpg,884
mstar,test,9,9,6,ZSU234,data/MSTAR/test/ZSU234/ZSU234_test_0083.jpg,1052
mstar,test,9,9,6,ZSU234,data/MSTAR/test/ZSU234/ZSU234_test_0084.jpg,2064
mstar,test,9,9,6,ZSU234,data/MSTAR/test/ZSU234/ZSU234_test_0085.jpg,1713
mstar,test,9,9,6,ZSU234,data/MSTAR/test/ZSU234/ZSU234_test_0086.jpg,1467
mstar,test,9,9,6,ZSU234,data/MSTAR/test/ZSU234/ZSU234_test_0087.jpg,2517
mstar,test,9,9,6,ZSU234,data/MSTAR/test/ZSU234/ZSU234_test_0088.jpg,1969
mstar,test,9,9,6,ZSU234,data/MSTAR/test/ZSU234/ZSU234_test_0089.jpg,1602
mstar,test,9,9,6,ZSU234,data/MSTAR/test/ZSU234/ZSU234_test_0090.jpg,2073
mstar,test,9,9,6,ZSU234,data/MSTAR/test/ZSU234/ZSU234_test_0091.jpg,2031
mstar,test,9,9,6,ZSU234,data/MSTAR/test/ZSU234/ZSU234_test_0092.jpg,2781
mstar,test,9,9,6,ZSU234,data/MSTAR/test/ZSU234/ZSU234_test_0093.jpg,816
mstar,test,9,9,6,ZSU234,data/MSTAR/test/ZSU234/ZSU234_test_0094.jpg,2018
mstar,test,9,9,6,ZSU234,data/MSTAR/test/ZSU234/ZSU234_test_0095.jpg,2547
mstar,test,9,9,6,ZSU234,data/MSTAR/test/ZSU234/ZSU234_test_0096.jpg,2809
mstar,test,9,9,6,ZSU234,data/MSTAR/test/ZSU234/ZSU234_test_0097.jpg,2170
mstar,test,9,9,6,ZSU234,data/MSTAR/test/ZSU234/ZSU234_test_0098.jpg,1206
mstar,test,9,9,6,ZSU234,data/MSTAR/test/ZSU234/ZSU234_test_0099.jpg,2371
mstar,test,9,9,6,ZSU234,data/MSTAR/test/ZSU234/ZSU234_test_0100.jpg,1087
mstar,test,9,9,6,ZSU234,data/MSTAR/test/ZSU234/ZSU234_test_0101.jpg,2939
mstar,test,9,9,6,ZSU234,data/MSTAR/test/ZSU234/ZSU234_test_0102.jpg,2275
mstar,test,9,9,6,ZSU234,data/MSTAR/test/ZSU234/ZSU234_test_0103.jpg,1917
mstar,test,9,9,6,ZSU234,data/MSTAR/test/ZSU234/ZSU234_test_0104.jpg,2954
mstar,test,9,9,6,ZSU234,data/MSTAR/test/ZSU234/ZSU234_test_0105.jpg,1949
mstar,test,9,9,6,ZSU234,data/MSTAR/test/ZSU234/ZSU234_test_0106.jpg,2741
mstar,test,9,9,6,ZSU234,data/MSTAR/test/ZSU234/ZSU234_test_0107.jpg,1421
mstar,test,9,9,6,ZSU234,data/MSTAR/test/ZSU234/ZSU234_test_0108.jpg,2418
mstar,test,9,9,6,ZSU234,data/MSTAR/test/ZSU234/ZSU234_test_0109.jpg,1159
mstar,test,9,9,6,ZSU234,data/MSTAR/test/ZSU234/ZSU234_test_0110.jpg,835
mstar,test,9,9,6,ZSU234,data/MSTAR/test/ZSU234/ZSU234_test_0111.jpg,1212
mstar,test,9,9,6,ZSU234,data/MSTAR/test/ZSU234/ZSU234_test_0112.jpg,1773
mstar,test,9,9,6,ZSU234,data/MSTAR/test/ZSU234/ZSU234_test_0113.jpg,1899
mstar,test,9,9,6,ZSU234,data/MSTAR/test/ZSU234/ZSU234_test_0114.jpg,939
mstar,test,9,9,6,ZSU234,data/MSTAR/test/ZSU234/ZSU234_test_0115.jpg,909
mstar,test,9,9,6,ZSU234,data/MSTAR/test/ZSU234/ZSU234_test_0116.jpg,773
mstar,test,9,9,6,ZSU234,data/MSTAR/test/ZSU234/ZSU234_test_0117.jpg,1227
mstar,test,9,9,6,ZSU234,data/MSTAR/test/ZSU234/ZSU234_test_0118.jpg,2155
mstar,test,9,9,6,ZSU234,data/MSTAR/test/ZSU234/ZSU234_test_0119.jpg,2937
mstar,test,9,9,6,ZSU234,data/MSTAR/test/ZSU234/ZSU234_test_0120.jpg,2110
mstar,test,9,9,6,ZSU234,data/MSTAR/test/ZSU234/ZSU234_test_0121.jpg,810
mstar,test,9,9,6,ZSU234,data/MSTAR/test/ZSU234/ZSU234_test_0122.jpg,1395
mstar,test,9,9,6,ZSU234,data/MSTAR/test/ZSU234/ZSU234_test_0123.jpg,3035
mstar,test,9,9,6,ZSU234,data/MSTAR/test/ZSU234/ZSU234_test_0124.jpg,2351
mstar,test,9,9,6,ZSU234,data/MSTAR/test/ZSU234/ZSU234_test_0125.jpg,3027
mstar,test,9,9,6,ZSU234,data/MSTAR/test/ZSU234/ZSU234_test_0126.jpg,1297
mstar,test,9,9,6,ZSU234,data/MSTAR/test/ZSU234/ZSU234_test_0127.jpg,1684
mstar,test,9,9,6,ZSU234,data/MSTAR/test/ZSU234/ZSU234_test_0128.jpg,785
mstar,test,9,9,6,ZSU234,data/MSTAR/test/ZSU234/ZSU234_test_0129.jpg,1640
mstar,test,9,9,6,ZSU234,data/MSTAR/test/ZSU234/ZSU234_test_0130.jpg,1712
mstar,test,9,9,6,ZSU234,data/MSTAR/test/ZSU234/ZSU234_test_0131.jpg,989
mstar,test,9,9,6,ZSU234,data/MSTAR/test/ZSU234/ZSU234_test_0132.jpg,2827
mstar,test,9,9,6,ZSU234,data/MSTAR/test/ZSU234/ZSU234_test_0133.jpg,2068
mstar,test,9,9,6,ZSU234,data/MSTAR/test/ZSU234/ZSU234_test_0134.jpg,1738
mstar,test,9,9,6,ZSU234,data/MSTAR/test/ZSU234/ZSU234_test_0135.jpg,1510
mstar,test,9,9,6,ZSU234,data/MSTAR/test/ZSU234/ZSU234_test_0136.jpg,1852
mstar,test,9,9,6,ZSU234,data/MSTAR/test/ZSU234/ZSU234_test_0137.jpg,1655
mstar,test,9,9,6,ZSU234,data/MSTAR/test/ZSU234/ZSU234_test_0138.jpg,1181
mstar,test,9,9,6,ZSU234,data/MSTAR/test/ZSU234/ZSU234_test_0139.jpg,2054
mstar,test,9,9,6,ZSU234,data/MSTAR/test/ZSU234/ZSU234_test_0140.jpg,1552
mstar,test,9,9,6,ZSU234,data/MSTAR/test/ZSU234/ZSU234_test_0141.jpg,1045
mstar,test,9,9,6,ZSU234,data/MSTAR/test/ZSU234/ZSU234_test_0142.jpg,1619
mstar,test,9,9,6,ZSU234,data/MSTAR/test/ZSU234/ZSU234_test_0143.jpg,2657
mstar,test,9,9,6,ZSU234,data/MSTAR/test/ZSU234/ZSU234_test_0144.jpg,1126
mstar,test,9,9,6,ZSU234,data/MSTAR/test/ZSU234/ZSU234_test_0145.jpg,1818
mstar,test,9,9,6,ZSU234,data/MSTAR/test/ZSU234/ZSU234_test_0146.jpg,834
mstar,test,9,9,6,ZSU234,data/MSTAR/test/ZSU234/ZSU234_test_0147.jpg,1687
mstar,test,9,9,6,ZSU234,data/MSTAR/test/ZSU234/ZSU234_test_0148.jpg,1038
mstar,test,9,9,6,ZSU234,data/MSTAR/test/ZSU234/ZSU234_test_0149.jpg,788
mstar,test,9,9,6,ZSU234,data/MSTAR/test/ZSU234/ZSU234_test_0150.jpg,3173
mstar,test,9,9,6,ZSU234,data/MSTAR/test/ZSU234/ZSU234_test_0151.jpg,2155
mstar,test,9,9,6,ZSU234,data/MSTAR/test/ZSU234/ZSU234_test_0152.jpg,1985
mstar,test,9,9,6,ZSU234,data/MSTAR/test/ZSU234/ZSU234_test_0153.jpg,2115
mstar,test,9,9,6,ZSU234,data/MSTAR/test/ZSU234/ZSU234_test_0154.jpg,1664
mstar,test,9,9,6,ZSU234,data/MSTAR/test/ZSU234/ZSU234_test_0155.jpg,2484
mstar,test,9,9,6,ZSU234,data/MSTAR/test/ZSU234/ZSU234_test_0156.jpg,2024
mstar,test,9,9,6,ZSU234,data/MSTAR/test/ZSU234/ZSU234_test_0157.jpg,2366
mstar,test,9,9,6,ZSU234,data/MSTAR/test/ZSU234/ZSU234_test_0158.jpg,1715
mstar,test,9,9,6,ZSU234,data/MSTAR/test/ZSU234/ZSU234_test_0159.jpg,1554
mstar,test,9,9,6,ZSU234,data/MSTAR/test/ZSU234/ZSU234_test_0160.jpg,1689
mstar,test,9,9,6,ZSU234,data/MSTAR/test/ZSU234/ZSU234_test_0161.jpg,1287
mstar,test,9,9,6,ZSU234,data/MSTAR/test/ZSU234/ZSU234_test_0162.jpg,1661
mstar,test,9,9,6,ZSU234,data/MSTAR/test/ZSU234/ZSU234_test_0163.jpg,2134
mstar,test,9,9,6,ZSU234,data/MSTAR/test/ZSU234/ZSU234_test_0164.jpg,935
mstar,test,9,9,6,ZSU234,data/MSTAR/test/ZSU234/ZSU234_test_0165.jpg,1722
mstar,test,9,9,6,ZSU234,data/MSTAR/test/ZSU234/ZSU234_test_0166.jpg,2742
mstar,test,9,9,6,ZSU234,data/MSTAR/test/ZSU234/ZSU234_test_0167.jpg,806
mstar,test,9,9,6,ZSU234,data/MSTAR/test/ZSU234/ZSU234_test_0168.jpg,876
mstar,test,9,9,6,ZSU234,data/MSTAR/test/ZSU234/ZSU234_test_0169.jpg,2454
mstar,test,9,9,6,ZSU234,data/MSTAR/test/ZSU234/ZSU234_test_0170.jpg,1481
mstar,test,9,9,6,ZSU234,data/MSTAR/test/ZSU234/ZSU234_test_0171.jpg,1804
mstar,test,9,9,6,ZSU234,data/MSTAR/test/ZSU234/ZSU234_test_0172.jpg,2185
mstar,test,9,9,6,ZSU234,data/MSTAR/test/ZSU234/ZSU234_test_0173.jpg,2413
mstar,test,9,9,6,ZSU234,data/MSTAR/test/ZSU234/ZSU234_test_0174.jpg,844
mstar,test,9,9,6,ZSU234,data/MSTAR/test/ZSU234/ZSU234_test_0175.jpg,1974
mstar,test,9,9,6,ZSU234,data/MSTAR/test/ZSU234/ZSU234_test_0176.jpg,930
mstar,test,9,9,6,ZSU234,data/MSTAR/test/ZSU234/ZSU234_test_0177.jpg,1532
mstar,test,9,9,6,ZSU234,data/MSTAR/test/ZSU234/ZSU234_test_0178.jpg,892
mstar,test,9,9,6,ZSU234,data/MSTAR/test/ZSU234/ZSU234_test_0179.jpg,1282
mstar,test,9,9,6,ZSU234,data/MSTAR/test/ZSU234/ZSU234_test_0180.jpg,2029
mstar,test,9,9,6,ZSU234,data/MSTAR/test/ZSU234/ZSU234_test_0181.jpg,1229
mstar,test,9,9,6,ZSU234,data/MSTAR/test/ZSU234/ZSU234_test_0182.jpg,2026
mstar,test,9,9,6,ZSU234,data/MSTAR/test/ZSU234/ZSU234_test_0183.jpg,945
mstar,test,9,9,6,ZSU234,data/MSTAR/test/ZSU234/ZSU234_test_0184.jpg,868
mstar,test,9,9,6,ZSU234,data/MSTAR/test/ZSU234/ZSU234_test_0185.jpg,2493
mstar,test,9,9,6,ZSU234,data/MSTAR/test/ZSU234/ZSU234_test_0186.jpg,2935
mstar,test,9,9,6,ZSU234,data/MSTAR/test/ZSU234/ZSU234_test_0187.jpg,1870
mstar,test,9,9,6,ZSU234,data/MSTAR/test/ZSU234/ZSU234_test_0188.jpg,1595
mstar,test,9,9,6,ZSU234,data/MSTAR/test/ZSU234/ZSU234_test_0189.jpg,1211
mstar,test,9,9,6,ZSU234,data/MSTAR/test/ZSU234/ZSU234_test_0190.jpg,1311
mstar,test,9,9,6,ZSU234,data/MSTAR/test/ZSU234/ZSU234_test_0191.jpg,1339
mstar,test,9,9,6,ZSU234,data/MSTAR/test/ZSU234/ZSU234_test_0192.jpg,1669
mstar,test,9,9,6,ZSU234,data/MSTAR/test/ZSU234/ZSU234_test_0193.jpg,1923
mstar,test,9,9,6,ZSU234,data/MSTAR/test/ZSU234/ZSU234_test_0194.jpg,771
mstar,test,9,9,6,ZSU234,data/MSTAR/test/ZSU234/ZSU234_test_0195.jpg,1224
mstar,test,9,9,6,ZSU234,data/MSTAR/test/ZSU234/ZSU234_test_0196.jpg,2364
mstar,test,9,9,6,ZSU234,data/MSTAR/test/ZSU234/ZSU234_test_0197.jpg,1721
mstar,test,9,9,6,ZSU234,data/MSTAR/test/ZSU234/ZSU234_test_0198.jpg,911
mstar,test,9,9,6,ZSU234,data/MSTAR/test/ZSU234/ZSU234_test_0199.jpg,2040
mstar,test,9,9,6,ZSU234,data/MSTAR/test/ZSU234/ZSU234_test_0200.jpg,2124
mstar,test,9,9,6,ZSU234,data/MSTAR/test/ZSU234/ZSU234_test_0201.jpg,1224
mstar,test,9,9,6,ZSU234,data/MSTAR/test/ZSU234/ZSU234_test_0202.jpg,2166
mstar,test,9,9,6,ZSU234,data/MSTAR/test/ZSU234/ZSU234_test_0203.jpg,2235
mstar,test,9,9,6,ZSU234,data/MSTAR/test/ZSU234/ZSU234_test_0204.jpg,2177
mstar,test,9,9,6,ZSU234,data/MSTAR/test/ZSU234/ZSU234_test_0205.jpg,1190
mstar,test,9,9,6,ZSU234,data/MSTAR/test/ZSU234/ZSU234_test_0206.jpg,1101
mstar,test,9,9,6,ZSU234,data/MSTAR/test/ZSU234/ZSU234_test_0207.jpg,2359
mstar,test,9,9,6,ZSU234,data/MSTAR/test/ZSU234/ZSU234_test_0208.jpg,1697
mstar,test,9,9,6,ZSU234,data/MSTAR/test/ZSU234/ZSU234_test_0209.jpg,2129
mstar,test,9,9,6,ZSU234,data/MSTAR/test/ZSU234/ZSU234_test_0210.jpg,2039
mstar,test,9,9,6,ZSU234,data/MSTAR/test/ZSU234/ZSU234_test_0211.jpg,1375
mstar,test,9,9,6,ZSU234,data/MSTAR/test/ZSU234/ZSU234_test_0212.jpg,2010
mstar,test,9,9,6,ZSU234,data/MSTAR/test/ZSU234/ZSU234_test_0213.jpg,2969
mstar,test,9,9,6,ZSU234,data/MSTAR/test/ZSU234/ZSU234_test_0214.jpg,2602
mstar,test,9,9,6,ZSU234,data/MSTAR/test/ZSU234/ZSU234_test_0215.jpg,2204
mstar,test,9,9,6,ZSU234,data/MSTAR/test/ZSU234/ZSU234_test_0216.jpg,1684
mstar,test,9,9,6,ZSU234,data/MSTAR/test/ZSU234/ZSU234_test_0217.jpg,1061
mstar,test,9,9,6,ZSU234,data/MSTAR/test/ZSU234/ZSU234_test_0218.jpg,915
mstar,test,9,9,6,ZSU234,data/MSTAR/test/ZSU234/ZSU234_test_0219.jpg,2542
mstar,test,9,9,6,ZSU234,data/MSTAR/test/ZSU234/ZSU234_test_0220.jpg,1421
mstar,test,9,9,6,ZSU234,data/MSTAR/test/ZSU234/ZSU234_test_0221.jpg,825
mstar,test,9,9,6,ZSU234,data/MSTAR/test/ZSU234/ZSU234_test_0222.jpg,1757
mstar,test,9,9,6,ZSU234,data/MSTAR/test/ZSU234/ZSU234_test_0223.jpg,2104
mstar,test,9,9,6,ZSU234,data/MSTAR/test/ZSU234/ZSU234_test_0224.jpg,2282
mstar,test,9,9,6,ZSU234,data/MSTAR/test/ZSU234/ZSU234_test_0225.jpg,1124
mstar,test,9,9,6,ZSU234,data/MSTAR/test/ZSU234/ZSU234_test_0226.jpg,802
mstar,test,9,9,6,ZSU234,data/MSTAR/test/ZSU234/ZSU234_test_0227.jpg,1446
mstar,test,9,9,6,ZSU234,data/MSTAR/test/ZSU234/ZSU234_test_0228.jpg,775
mstar,test,9,9,6,ZSU234,data/MSTAR/test/ZSU234/ZSU234_test_0229.jpg,1548
mstar,test,9,9,6,ZSU234,data/MSTAR/test/ZSU234/ZSU234_test_0230.jpg,1701
mstar,test,9,9,6,ZSU234,data/MSTAR/test/ZSU234/ZSU234_test_0231.jpg,843
mstar,test,9,9,6,ZSU234,data/MSTAR/test/ZSU234/ZSU234_test_0232.jpg,1055
mstar,test,9,9,6,ZSU234,data/MSTAR/test/ZSU234/ZSU234_test_0233.jpg,1219
mstar,test,9,9,6,ZSU234,data/MSTAR/test/ZSU234/ZSU234_test_0234.jpg,1851
mstar,test,9,9,6,ZSU234,data/MSTAR/test/ZSU234/ZSU234_test_0235.jpg,2163
mstar,test,9,9,6,ZSU234,data/MSTAR/test/ZSU234/ZSU234_test_0236.jpg,2535
mstar,test,9,9,6,ZSU234,data/MSTAR/test/ZSU234/ZSU234_test_0237.jpg,1499
mstar,test,9,9,6,ZSU234,data/MSTAR/test/ZSU234/ZSU234_test_0238.jpg,1632
mstar,test,9,9,6,ZSU234,data/MSTAR/test/ZSU234/ZSU234_test_0239.jpg,1325
mstar,test,9,9,6,ZSU234,data/MSTAR/test/ZSU234/ZSU234_test_0240.jpg,1062
mstar,test,9,9,6,ZSU234,data/MSTAR/test/ZSU234/ZSU234_test_0241.jpg,1877
mstar,test,9,9,6,ZSU234,data/MSTAR/test/ZSU234/ZSU234_test_0242.jpg,823
mstar,test,9,9,6,ZSU234,data/MSTAR/test/ZSU234/ZSU234_test_0243.jpg,953
mstar,test,9,9,6,ZSU234,data/MSTAR/test/ZSU234/ZSU234_test_0244.jpg,1898
mstar,test,9,9,6,ZSU234,data/MSTAR/test/ZSU234/ZSU234_test_0245.jpg,773
mstar,test,9,9,6,ZSU234,data/MSTAR/test/ZSU234/ZSU234_test_0246.jpg,2393
mstar,test,9,9,6,ZSU234,data/MSTAR/test/ZSU234/ZSU234_test_0247.jpg,2295
mstar,test,9,9,6,ZSU234,data/MSTAR/test/ZSU234/ZSU234_test_0248.jpg,1759
mstar,test,9,9,6,ZSU234,data/MSTAR/test/ZSU234/ZSU234_test_0249.jpg,2529
mstar,test,9,9,6,ZSU234,data/MSTAR/test/ZSU234/ZSU234_test_0250.jpg,1743
mstar,test,9,9,6,ZSU234,data/MSTAR/test/ZSU234/ZSU234_test_0251.jpg,1144
mstar,test,9,9,6,ZSU234,data/MSTAR/test/ZSU234/ZSU234_test_0252.jpg,1409
mstar,test,9,9,6,ZSU234,data/MSTAR/test/ZSU234/ZSU234_test_0253.jpg,1334
mstar,test,9,9,6,ZSU234,data/MSTAR/test/ZSU234/ZSU234_test_0254.jpg,1860
mstar,test,9,9,6,ZSU234,data/MSTAR/test/ZSU234/ZSU234_test_0255.jpg,841
mstar,test,9,9,6,ZSU234,data/MSTAR/test/ZSU234/ZSU234_test_0256.jpg,2852
mstar,test,9,9,6,ZSU234,data/MSTAR/test/ZSU234/ZSU234_test_0257.jpg,2387
mstar,test,9,9,6,ZSU234,data/MSTAR/test/ZSU234/ZSU234_test_0258.jpg,1832
mstar,test,9,9,6,ZSU234,data/MSTAR/test/ZSU234/ZSU234_test_0259.jpg,1509
mstar,test,9,9,6,ZSU234,data/MSTAR/test/ZSU234/ZSU234_test_0260.jpg,1529
mstar,test,9,9,6,ZSU234,data/MSTAR/test/ZSU234/ZSU234_test_0261.jpg,1849
mstar,test,9,9,6,ZSU234,data/MSTAR/test/ZSU234/ZSU234_test_0262.jpg,1998
mstar,test,9,9,6,ZSU234,data/MSTAR/test/ZSU234/ZSU234_test_0263.jpg,1761
mstar,test,9,9,6,ZSU234,data/MSTAR/test/ZSU234/ZSU234_test_0264.jpg,1958
mstar,test,9,9,6,ZSU234,data/MSTAR/test/ZSU234/ZSU234_test_0265.jpg,2045
mstar,test,9,9,6,ZSU234,data/MSTAR/test/ZSU234/ZSU234_test_0266.jpg,1069
mstar,test,9,9,6,ZSU234,data/MSTAR/test/ZSU234/ZSU234_test_0267.jpg,2547
mstar,test,9,9,6,ZSU234,data/MSTAR/test/ZSU234/ZSU234_test_0268.jpg,832
mstar,test,9,9,6,ZSU234,data/MSTAR/test/ZSU234/ZSU234_test_0269.jpg,2146
mstar,test,9,9,6,ZSU234,data/MSTAR/test/ZSU234/ZSU234_test_0270.jpg,1590
mstar,test,9,9,6,ZSU234,data/MSTAR/test/ZSU234/ZSU234_test_0271.jpg,1829
mstar,test,9,9,6,ZSU234,data/MSTAR/test/ZSU234/ZSU234_test_0272.jpg,2265
mstar,test,9,9,6,ZSU234,data/MSTAR/test/ZSU234/ZSU234_test_0273.jpg,2481
