dataset,split,imagefolder_id,experiment_id,introduced_session,class_name,path,bytes
ucm,train,0,0,0,agricultural,data/UCMerced_LandUse_processed/train/agricultural/agricultural00.tif,209728
ucm,train,0,0,0,agricultural,data/UCMerced_LandUse_processed/train/agricultural/agricultural01.tif,209616
ucm,train,0,0,0,agricultural,data/UCMerced_LandUse_processed/train/agricultural/agricultural02.tif,209928
ucm,train,0,0,0,agricultural,data/UCMerced_LandUse_processed/train/agricultural/agricultural03.tif,209276
ucm,train,0,0,0,agricultural,data/UCMerced_LandUse_processed/train/agricultural/agricultural04.tif,210600
ucm,train,0,0,0,agricultural,data/UCMerced_LandUse_processed/train/agricultural/agricultural05.tif,211804
ucm,train,0,0,0,agricultural,data/UCMerced_LandUse_processed/train/agricultural/agricultural06.tif,211424
ucm,train,0,0,0,agricultural,data/UCMerced_LandUse_processed/train/agricultural/agricultural07.tif,209956
ucm,train,0,0,0,agricultural,data/UCMerced_LandUse_processed/train/agricultural/agricultural08.tif,210992
ucm,train,0,0,0,agricultural,data/UCMerced_LandUse_processed/train/agricultural/agricultural09.tif,211608
ucm,train,0,0,0,agricultural,data/UCMerced_LandUse_processed/train/agricultural/agricultural10.tif,207436
ucm,train,0,0,0,agricultural,data/UCMerced_LandUse_processed/train/agricultural/agricultural11.tif,206216
ucm,train,0,0,0,agricultural,data/UCMerced_LandUse_processed/train/agricultural/agricultural13.tif,209156
ucm,train,0,0,0,agricultural,data/UCMerced_LandUse_processed/train/agricultural/agricultural15.tif,212588
ucm,train,0,0,0,agricultural,data/UCMerced_LandUse_processed/train/agricultural/agricultural16.tif,208296
ucm,train,0,0,0,agricultural,data/UCMerced_LandUse_processed/train/agricultural/agricultural19.tif,207348
ucm,train,0,0,0,agricultural,data/UCMerced_LandUse_processed/train/agricultural/agricultural26.tif,207124
ucm,train,0,0,0,agricultural,data/UCMerced_LandUse_processed/train/agricultural/agricultural27.tif,207860
ucm,train,0,0,0,agricultural,data/UCMerced_LandUse_processed/train/agricultural/agricultural28.tif,207276
ucm,train,0,0,0,agricultural,data/UCMerced_LandUse_processed/train/agricultural/agricultural29.tif,207876
ucm,train,0,0,0,agricultural,data/UCMerced_LandUse_processed/train/agricultural/agricultural30.tif,209360
ucm,train,0,0,0,agricultural,data/UCMerced_LandUse_processed/train/agricultural/agricultural32.tif,206752
ucm,train,0,0,0,agricultural,data/UCMerced_LandUse_processed/train/agricultural/agricultural33.tif,206708
ucm,train,0,0,0,agricultural,data/UCMerced_LandUse_processed/train/agricultural/agricultural37.tif,207480
ucm,train,0,0,0,agricultural,data/UCMerced_LandUse_processed/train/agricultural/agricultural39.tif,207828
ucm,train,0,0,0,agricultural,data/UCMerced_LandUse_processed/train/agricultural/agricultural42.tif,208872
ucm,train,0,0,0,agricultural,data/UCMerced_LandUse_processed/train/agricultural/agricultural43.tif,208128
ucm,train,0,0,0,agricultural,data/UCMerced_LandUse_processed/train/agricultural/agricultural44.tif,208008
ucm,train,0,0,0,agricultural,data/UCMerced_LandUse_processed/train/agricultural/agricultural47.tif,207124
ucm,train,0,0,0,agricultural,data/UCMerced_LandUse_processed/train/agricultural/agricultural48.tif,207580
ucm,train,0,0,0,agricultural,data/UCMerced_LandUse_processed/train/agricultural/agricultural49.tif,206860
ucm,train,0,0,0,agricultural,data/UCMerced_LandUse_processed/train/agricultural/agricultural50.tif,207740
ucm,train,0,0,0,agricultural,data/UCMerced_LandUse_processed/train/agricultural/agricultural52.tif,207792
ucm,train,0,0,0,agricultural,data/UCMerced_LandUse_processed/train/agricultural/agricultural55.tif,206024
ucm,train,0,0,0,agricultural,data/UCMerced_LandUse_processed/train/agricultural/agricultural56.tif,206916
ucm,train,0,0,0,agricultural,data/UCMerced_LandUse_processed/train/agricultural/agricultural58.tif,207456
ucm,train,0,0,0,agricultural,data/UCMerced_LandUse_processed/train/agricultural/agricultural59.tif,207736
ucm,train,0,0,0,agricultural,data/UCMerced_LandUse_processed/train/agricultural/agricultural60.tif,208192
ucm,train,0,0,0,agricultural,data/UCMerced_LandUse_processed/train/agricultural/agricultural61.tif,209084
ucm,train,0,0,0,agricultural,data/UCMerced_LandUse_processed/train/agricultural/agricultural62.tif,207588
ucm,train,0,0,0,agricultural,data/UCMerced_LandUse_processed/train/agricultural/agricultural64.tif,206116
ucm,train,0,0,0,agricultural,data/UCMerced_LandUse_processed/train/agricultural/agricultural66.tif,208204
ucm,train,0,0,0,agricultural,data/UCMerced_LandUse_processed/train/agricultural/agricultural67.tif,208148
ucm,train,0,0,0,agricultural,data/UCMerced_LandUse_processed/train/agricultural/agricultural69.tif,208516
ucm,train,0,0,0,agricultural,data/UCMerced_LandUse_processed/train/agricultural/agricultural72.tif,208156
ucm,train,0,0,0,agricultural,data/UCMerced_LandUse_processed/train/agricultural/agricultural74.tif,206736
ucm,train,0,0,0,agricultural,data/UCMerced_LandUse_processed/train/agricultural/agricultural75.tif,205668
ucm,train,0,0,0,agricultural,data/UCMerced_LandUse_processed/train/agricultural/agricultural79.tif,208272
ucm,train,0,0,0,agricultural,data/UCMerced_LandUse_processed/train/agricultural/agricultural81.tif,208508
ucm,train,0,0,0,agricultural,data/UCMerced_LandUse_processed/train/agricultural/agricultural82.tif,208420
ucm,train,0,0,0,agricultural,data/UCMerced_LandUse_processed/train/agricultural/agricultural83.tif,206492
ucm,train,0,0,0,agricultural,data/UCMerced_LandUse_processed/train/agricultural/agricultural84.tif,206700
ucm,train,0,0,0,agricultural,data/UCMerced_LandUse_processed/train/agricultural/agricultural87.tif,207712
ucm,train,0,0,0,agricultural,data/UCMerced_LandUse_processed/train/agricultural/agricultural88.tif,208304
ucm,train,0,0,0,agricultural,data/UCMerced_LandUse_processed/train/agricultural/agricultural89.tif,208092
ucm,train,0,0,0,agricultural,data/UCMerced_LandUse_processed/train/agricultural/agricultural92.tif,207876
ucm,train,0,0,0,agricultural,data/UCMerced_LandUse_processed/train/agricultural/agricultural94.tif,207748
ucm,train,0,0,0,agricultural,data/UCMerced_LandUse_processed/train/agricultural/agricultural96.tif,207744
ucm,train,0,0,0,agricultural,data/UCMerced_LandUse_processed/train/agricultural/agricultural97.tif,207996
ucm,train,0,0,0,agricultural,data/UCMerced_LandUse_processed/train/agricultural/agricultural98.tif,209152
ucm,test,0,0,0,agricultural,data/UCMerced_LandUse_processed/test/agricultural/agricultural12.tif,207388
ucm,test,0,0,0,agricultural,data/UCMerced_LandUse_processed/test/agricultural/agricultural14.tif,210620
ucm,test,0,0,0,agricultural,data/UCMerced_LandUse_processed/test/agricultural/agricultural17.tif,209680
ucm,test,0,0,0,agricultural,data/UCMerced_LandUse_processed/test/agricultural/agricultural18.tif,208036
ucm,test,0,0,0,agricultural,data/UCMerced_LandUse_processed/test/agricultural/agricultural20.tif,208264
ucm,test,0,0,0,agricultural,data/UCMerced_LandUse_processed/test/agricultural/agricultural21.tif,212392
ucm,test,0,0,0,agricultural,data/UCMerced_LandUse_processed/test/agricultural/agricultural22.tif,212744
ucm,test,0,0,0,agricultural,data/UCMerced_LandUse_processed/test/agricultural/agricultural23.tif,212872
ucm,test,0,0,0,agricultural,data/UCMerced_LandUse_processed/test/agricultural/agricultural24.tif,208156
ucm,test,0,0,0,agricultural,data/UCMerced_LandUse_processed/test/agricultural/agricultural25.tif,208144
ucm,test,0,0,0,agricultural,data/UCMerced_LandUse_processed/test/agricultural/agricultural31.tif,209964
ucm,test,0,0,0,agricultural,data/UCMerced_LandUse_processed/test/agricultural/agricultural34.tif,209776
ucm,test,0,0,0,agricultural,data/UCMerced_LandUse_processed/test/agricultural/agricultural35.tif,208652
ucm,test,0,0,0,agricultural,data/UCMerced_LandUse_processed/test/agricultural/agricultural36.tif,208840
ucm,test,0,0,0,agricultural,data/UCMerced_LandUse_processed/test/agricultural/agricultural38.tif,207132
ucm,test,0,0,0,agricultural,data/UCMerced_LandUse_processed/test/agricultural/agricultural40.tif,207060
ucm,test,0,0,0,agricultural,data/UCMerced_LandUse_processed/test/agricultural/agricultural41.tif,207624
ucm,test,0,0,0,agricultural,data/UCMerced_LandUse_processed/test/agricultural/agricultural45.tif,207544
ucm,test,0,0,0,agricultural,data/UCMerced_LandUse_processed/test/agricultural/agricultural46.tif,208256
ucm,test,0,0,0,agricultural,data/UCMerced_LandUse_processed/test/agricultural/agricultural51.tif,207396
ucm,test,0,0,0,agricultural,data/UCMerced_LandUse_processed/test/agricultural/agricultural53.tif,208112
ucm,test,0,0,0,agricultural,data/UCMerced_LandUse_processed/test/agricultural/agricultural54.tif,208108
ucm,test,0,0,0,agricultural,data/UCMerced_LandUse_processed/test/agricultural/agricultural57.tif,207540
ucm,test,0,0,0,agricultural,data/UCMerced_LandUse_processed/test/agricultural/agricultural63.tif,206416
ucm,test,0,0,0,agricultural,data/UCMerced_LandUse_processed/test/agricultural/agricultural65.tif,208508
ucm,test,0,0,0,agricultural,data/UCMerced_LandUse_processed/test/agricultural/agricultural68.tif,208344
ucm,test,0,0,0,agricultural,data/UCMerced_LandUse_processed/test/agricultural/agricultural70.tif,208704
ucm,test,0,0,0,agricultural,data/UCMerced_LandUse_processed/test/agricultural/agricultural71.tif,208628
ucm,test,0,0,0,agricultural,data/UCMerced_LandUse_processed/test/agricultural/agricultural73.tif,206752
ucm,test,0,0,0,agricultural,data/UCMerced_LandUse_processed/test/agricultural/agricultural76.tif,208224
ucm,test,0,0,0,agricultural,data/UCMerced_LandUse_processed/test/agricultural/agricultural77.tif,209504
ucm,test,0,0,0,agricultural,data/UCMerced_LandUse_processed/test/agricultural/agricultural78.tif,205716
ucm,test,0,0,0,agricultural,data/UCMerced_LandUse_processed/test/agricultural/agricultural80.tif,208624
ucm,test,0,0,0,agricultural,data/UCMerced_LandUse_processed/test/agricultural/agricultural85.tif,206804
ucm,test,0,0,0,agricultural,data/UCMerced_LandUse_processed/test/agricultural/agricultural86.tif,207264
ucm,test,0,0,0,agricultural,data/UCMerced_LandUse_processed/test/agricultural/agricultural90.tif,207780
ucm,test,0,0,0,agricultural,data/UCMerced_LandUse_processed/test/agricultural/agricultural91.tif,206632
ucm,test,0,0,0,agricultural,data/UCMerced_LandUse_processed/test/agricultural/agricultural93.tif,206620
ucm,test,0,0,0,agricultural,data/UCMerced_LandUse_processed/test/agricultural/agricultural95.tif,207192
ucm,test,0,0,0,agricultural,data/UCMerced_LandUse_processed/test/agricultural/agricultural99.tif,208872
ucm,train,1,1,0,airplane,data/UCMerced_LandUse_processed/train/airplane/airplane00.tif,208000
ucm,train,1,1,0,airplane,data/UCMerced_LandUse_processed/train/airplane/airplane01.tif,207528
ucm,train,1,1,0,airplane,data/UCMerced_LandUse_processed/train/airplane/airplane02.tif,207528
ucm,train,1,1,0,airplane,data/UCMerced_LandUse_processed/train/airplane/airplane04.tif,208404
ucm,train,1,1,0,airplane,data/UCMerced_LandUse_processed/train/airplane/airplane05.tif,208124
ucm,train,1,1,0,airplane,data/UCMerced_LandUse_processed/train/airplane/airplane06.tif,208820
ucm,train,1,1,0,airplane,data/UCMerced_LandUse_processed/train/airplane/airplane08.tif,208748
ucm,train,1,1,0,airplane,data/UCMerced_LandUse_processed/train/airplane/airplane11.tif,208920
ucm,train,1,1,0,airplane,data/UCMerced_LandUse_processed/train/airplane/airplane14.tif,208272
ucm,train,1,1,0,airplane,data/UCMerced_LandUse_processed/train/airplane/airplane15.tif,207960
ucm,train,1,1,0,airplane,data/UCMerced_LandUse_processed/train/airplane/airplane17.tif,209552
ucm,train,1,1,0,airplane,data/UCMerced_LandUse_processed/train/airplane/airplane20.tif,208896
ucm,train,1,1,0,airplane,data/UCMerced_LandUse_processed/train/airplane/airplane22.tif,207876
ucm,train,1,1,0,airplane,data/UCMerced_LandUse_processed/train/airplane/airplane23.tif,209688
ucm,train,1,1,0,airplane,data/UCMerced_LandUse_processed/train/airplane/airplane24.tif,208216
ucm,train,1,1,0,airplane,data/UCMerced_LandUse_processed/train/airplane/airplane25.tif,208156
ucm,train,1,1,0,airplane,data/UCMerced_LandUse_processed/train/airplane/airplane26.tif,209716
ucm,train,1,1,0,airplane,data/UCMerced_LandUse_processed/train/airplane/airplane27.tif,209416
ucm,train,1,1,0,airplane,data/UCMerced_LandUse_processed/train/airplane/airplane28.tif,208984
ucm,train,1,1,0,airplane,data/UCMerced_LandUse_processed/train/airplane/airplane29.tif,209268
ucm,train,1,1,0,airplane,data/UCMerced_LandUse_processed/train/airplane/airplane30.tif,209828
ucm,train,1,1,0,airplane,data/UCMerced_LandUse_processed/train/airplane/airplane31.tif,207712
ucm,train,1,1,0,airplane,data/UCMerced_LandUse_processed/train/airplane/airplane34.tif,208900
ucm,train,1,1,0,airplane,data/UCMerced_LandUse_processed/train/airplane/airplane36.tif,208332
ucm,train,1,1,0,airplane,data/UCMerced_LandUse_processed/train/airplane/airplane38.tif,208676
ucm,train,1,1,0,airplane,data/UCMerced_LandUse_processed/train/airplane/airplane39.tif,208892
ucm,train,1,1,0,airplane,data/UCMerced_LandUse_processed/train/airplane/airplane41.tif,209676
ucm,train,1,1,0,airplane,data/UCMerced_LandUse_processed/train/airplane/airplane42.tif,209160
ucm,train,1,1,0,airplane,data/UCMerced_LandUse_processed/train/airplane/airplane43.tif,209208
ucm,train,1,1,0,airplane,data/UCMerced_LandUse_processed/train/airplane/airplane44.tif,207584
ucm,train,1,1,0,airplane,data/UCMerced_LandUse_processed/train/airplane/airplane45.tif,208876
ucm,train,1,1,0,airplane,data/UCMerced_LandUse_processed/train/airplane/airplane46.tif,209564
ucm,train,1,1,0,airplane,data/UCMerced_LandUse_processed/train/airplane/airplane47.tif,209316
ucm,train,1,1,0,airplane,data/UCMerced_LandUse_processed/train/airplane/airplane48.tif,210956
ucm,train,1,1,0,airplane,data/UCMerced_LandUse_processed/train/airplane/airplane52.tif,209060
ucm,train,1,1,0,airplane,data/UCMerced_LandUse_processed/train/airplane/airplane54.tif,209084
ucm,train,1,1,0,airplane,data/UCMerced_LandUse_processed/train/airplane/airplane55.tif,207528
ucm,train,1,1,0,airplane,data/UCMerced_LandUse_processed/train/airplane/airplane59.tif,207692
ucm,train,1,1,0,airplane,data/UCMerced_LandUse_processed/train/airplane/airplane60.tif,209380
ucm,train,1,1,0,airplane,data/UCMerced_LandUse_processed/train/airplane/airplane63.tif,210060
ucm,train,1,1,0,airplane,data/UCMerced_LandUse_processed/train/airplane/airplane65.tif,210236
ucm,train,1,1,0,airplane,data/UCMerced_LandUse_processed/train/airplane/airplane68.tif,210140
ucm,train,1,1,0,airplane,data/UCMerced_LandUse_processed/train/airplane/airplane71.tif,209864
ucm,train,1,1,0,airplane,data/UCMerced_LandUse_processed/train/airplane/airplane72.tif,207512
ucm,train,1,1,0,airplane,data/UCMerced_LandUse_processed/train/airplane/airplane73.tif,208252
ucm,train,1,1,0,airplane,data/UCMerced_LandUse_processed/train/airplane/airplane74.tif,208532
ucm,train,1,1,0,airplane,data/UCMerced_LandUse_processed/train/airplane/airplane75.tif,208396
ucm,train,1,1,0,airplane,data/UCMerced_LandUse_processed/train/airplane/airplane78.tif,208208
ucm,train,1,1,0,airplane,data/UCMerced_LandUse_processed/train/airplane/airplane80.tif,206648
ucm,train,1,1,0,airplane,data/UCMerced_LandUse_processed/train/airplane/airplane81.tif,208312
ucm,train,1,1,0,airplane,data/UCMerced_LandUse_processed/train/airplane/airplane83.tif,208336
ucm,train,1,1,0,airplane,data/UCMerced_LandUse_processed/train/airplane/airplane84.tif,208004
ucm,train,1,1,0,airplane,data/UCMerced_LandUse_processed/train/airplane/airplane86.tif,207976
ucm,train,1,1,0,airplane,data/UCMerced_LandUse_processed/train/airplane/airplane87.tif,210400
ucm,train,1,1,0,airplane,data/UCMerced_LandUse_processed/train/airplane/airplane89.tif,207156
ucm,train,1,1,0,airplane,data/UCMerced_LandUse_processed/train/airplane/airplane90.tif,208900
ucm,train,1,1,0,airplane,data/UCMerced_LandUse_processed/train/airplane/airplane91.tif,207896
ucm,train,1,1,0,airplane,data/UCMerced_LandUse_processed/train/airplane/airplane92.tif,206540
ucm,train,1,1,0,airplane,data/UCMerced_LandUse_processed/train/airplane/airplane94.tif,206888
ucm,train,1,1,0,airplane,data/UCMerced_LandUse_processed/train/airplane/airplane96.tif,209108
ucm,test,1,1,0,airplane,data/UCMerced_LandUse_processed/test/airplane/airplane03.tif,208668
ucm,test,1,1,0,airplane,data/UCMerced_LandUse_processed/test/airplane/airplane07.tif,208160
ucm,test,1,1,0,airplane,data/UCMerced_LandUse_processed/test/airplane/airplane09.tif,208620
ucm,test,1,1,0,airplane,data/UCMerced_LandUse_processed/test/airplane/airplane10.tif,208952
ucm,test,1,1,0,airplane,data/UCMerced_LandUse_processed/test/airplane/airplane12.tif,207636
ucm,test,1,1,0,airplane,data/UCMerced_LandUse_processed/test/airplane/airplane13.tif,208184
ucm,test,1,1,0,airplane,data/UCMerced_LandUse_processed/test/airplane/airplane16.tif,209120
ucm,test,1,1,0,airplane,data/UCMerced_LandUse_processed/test/airplane/airplane18.tif,208928
ucm,test,1,1,0,airplane,data/UCMerced_LandUse_processed/test/airplane/airplane19.tif,208380
ucm,test,1,1,0,airplane,data/UCMerced_LandUse_processed/test/airplane/airplane21.tif,209524
ucm,test,1,1,0,airplane,data/UCMerced_LandUse_processed/test/airplane/airplane32.tif,208600
ucm,test,1,1,0,airplane,data/UCMerced_LandUse_processed/test/airplane/airplane33.tif,208312
ucm,test,1,1,0,airplane,data/UCMerced_LandUse_processed/test/airplane/airplane35.tif,208076
ucm,test,1,1,0,airplane,data/UCMerced_LandUse_processed/test/airplane/airplane37.tif,207976
ucm,test,1,1,0,airplane,data/UCMerced_LandUse_processed/test/airplane/airplane40.tif,209132
ucm,test,1,1,0,airplane,data/UCMerced_LandUse_processed/test/airplane/airplane49.tif,210908
ucm,test,1,1,0,airplane,data/UCMerced_LandUse_processed/test/airplane/airplane50.tif,210232
ucm,test,1,1,0,airplane,data/UCMerced_LandUse_processed/test/airplane/airplane51.tif,209816
ucm,test,1,1,0,airplane,data/UCMerced_LandUse_processed/test/airplane/airplane53.tif,210064
ucm,test,1,1,0,airplane,data/UCMerced_LandUse_processed/test/airplane/airplane56.tif,208144
ucm,test,1,1,0,airplane,data/UCMerced_LandUse_processed/test/airplane/airplane57.tif,208248
ucm,test,1,1,0,airplane,data/UCMerced_LandUse_processed/test/airplane/airplane58.tif,207416
ucm,test,1,1,0,airplane,data/UCMerced_LandUse_processed/test/airplane/airplane61.tif,209624
ucm,test,1,1,0,airplane,data/UCMerced_LandUse_processed/test/airplane/airplane62.tif,209928
ucm,test,1,1,0,airplane,data/UCMerced_LandUse_processed/test/airplane/airplane64.tif,209960
ucm,test,1,1,0,airplane,data/UCMerced_LandUse_processed/test/airplane/airplane66.tif,210044
ucm,test,1,1,0,airplane,data/UCMerced_LandUse_processed/test/airplane/airplane67.tif,210888
ucm,test,1,1,0,airplane,data/UCMerced_LandUse_processed/test/airplane/airplane69.tif,209776
ucm,test,1,1,0,airplane,data/UCMerced_LandUse_processed/test/airplane/airplane70.tif,209716
ucm,test,1,1,0,airplane,data/UCMerced_LandUse_processed/test/airplane/airplane76.tif,206680
ucm,test,1,1,0,airplane,data/UCMerced_LandUse_processed/test/airplane/airplane77.tif,208116
ucm,test,1,1,0,airplane,data/UCMerced_LandUse_processed/test/airplane/airplane79.tif,207572
ucm,test,1,1,0,airplane,data/UCMerced_LandUse_processed/test/airplane/airplane82.tif,208020
ucm,test,1,1,0,airplane,data/UCMerced_LandUse_processed/test/airplane/airplane85.tif,207740
ucm,test,1,1,0,airplane,data/UCMerced_LandUse_processed/test/airplane/airplane88.tif,208148
ucm,test,1,1,0,airplane,data/UCMerced_LandUse_processed/test/airplane/airplane93.tif,206724
ucm,test,1,1,0,airplane,data/UCMerced_LandUse_processed/test/airplane/airplane95.tif,207312
ucm,test,1,1,0,airplane,data/UCMerced_LandUse_processed/test/airplane/airplane97.tif,209080
ucm,test,1,1,0,airplane,data/UCMerced_LandUse_processed/test/airplane/airplane98.tif,208068
ucm,test,1,1,0,airplane,data/UCMerced_LandUse_processed/test/airplane/airplane99.tif,209276
ucm,train,2,2,0,baseballdiamond,data/UCMerced_LandUse_processed/train/baseballdiamond/baseballdiamond01.tif,207872
ucm,train,2,2,0,baseballdiamond,data/UCMerced_LandUse_processed/train/baseballdiamond/baseballdiamond02.tif,207900
ucm,train,2,2,0,baseballdiamond,data/UCMerced_LandUse_processed/train/baseballdiamond/baseballdiamond04.tif,207540
ucm,train,2,2,0,baseballdiamond,data/UCMerced_LandUse_processed/train/baseballdiamond/baseballdiamond07.tif,207496
ucm,train,2,2,0,baseballdiamond,data/UCMerced_LandUse_processed/train/baseballdiamond/baseballdiamond08.tif,207640
ucm,train,2,2,0,baseballdiamond,data/UCMerced_LandUse_processed/train/baseballdiamond/baseballdiamond10.tif,206828
ucm,train,2,2,0,baseballdiamond,data/UCMerced_LandUse_processed/train/baseballdiamond/baseballdiamond11.tif,205824
ucm,train,2,2,0,baseballdiamond,data/UCMerced_LandUse_processed/train/baseballdiamond/baseballdiamond14.tif,206632
ucm,train,2,2,0,baseballdiamond,data/UCMerced_LandUse_processed/train/baseballdiamond/baseballdiamond15.tif,205824
ucm,train,2,2,0,baseballdiamond,data/UCMerced_LandUse_processed/train/baseballdiamond/baseballdiamond16.tif,208088
ucm,train,2,2,0,baseballdiamond,data/UCMerced_LandUse_processed/train/baseballdiamond/baseballdiamond17.tif,208580
ucm,train,2,2,0,baseballdiamond,data/UCMerced_LandUse_processed/train/baseballdiamond/baseballdiamond18.tif,207624
ucm,train,2,2,0,baseballdiamond,data/UCMerced_LandUse_processed/train/baseballdiamond/baseballdiamond20.tif,208516
ucm,train,2,2,0,baseballdiamond,data/UCMerced_LandUse_processed/train/baseballdiamond/baseballdiamond21.tif,207316
ucm,train,2,2,0,baseballdiamond,data/UCMerced_LandUse_processed/train/baseballdiamond/baseballdiamond22.tif,207328
ucm,train,2,2,0,baseballdiamond,data/UCMerced_LandUse_processed/train/baseballdiamond/baseballdiamond23.tif,207320
ucm,train,2,2,0,baseballdiamond,data/UCMerced_LandUse_processed/train/baseballdiamond/baseballdiamond25.tif,207620
ucm,train,2,2,0,baseballdiamond,data/UCMerced_LandUse_processed/train/baseballdiamond/baseballdiamond27.tif,207168
ucm,train,2,2,0,baseballdiamond,data/UCMerced_LandUse_processed/train/baseballdiamond/baseballdiamond31.tif,208820
ucm,train,2,2,0,baseballdiamond,data/UCMerced_LandUse_processed/train/baseballdiamond/baseballdiamond33.tif,206748
ucm,train,2,2,0,baseballdiamond,data/UCMerced_LandUse_processed/train/baseballdiamond/baseballdiamond34.tif,206372
ucm,train,2,2,0,baseballdiamond,data/UCMerced_LandUse_processed/train/baseballdiamond/baseballdiamond38.tif,208076
ucm,train,2,2,0,baseballdiamond,data/UCMerced_LandUse_processed/train/baseballdiamond/baseballdiamond39.tif,208544
ucm,train,2,2,0,baseballdiamond,data/UCMerced_LandUse_processed/train/baseballdiamond/baseballdiamond41.tif,207688
ucm,train,2,2,0,baseballdiamond,data/UCMerced_LandUse_processed/train/baseballdiamond/baseballdiamond42.tif,207188
ucm,train,2,2,0,baseballdiamond,data/UCMerced_LandUse_processed/train/baseballdiamond/baseballdiamond44.tif,208624
ucm,train,2,2,0,baseballdiamond,data/UCMerced_LandUse_processed/train/baseballdiamond/baseballdiamond45.tif,203528
ucm,train,2,2,0,baseballdiamond,data/UCMerced_LandUse_processed/train/baseballdiamond/baseballdiamond46.tif,208004
ucm,train,2,2,0,baseballdiamond,data/UCMerced_LandUse_processed/train/baseballdiamond/baseballdiamond48.tif,208124
ucm,train,2,2,0,baseballdiamond,data/UCMerced_LandUse_processed/train/baseballdiamond/baseballdiamond49.tif,208680
ucm,train,2,2,0,baseballdiamond,data/UCMerced_LandUse_processed/train/baseballdiamond/baseballdiamond50.tif,208556
ucm,train,2,2,0,baseballdiamond,data/UCMerced_LandUse_processed/train/baseballdiamond/baseballdiamond51.tif,208440
ucm,train,2,2,0,baseballdiamond,data/UCMerced_LandUse_processed/train/baseballdiamond/baseballdiamond57.tif,207244
ucm,train,2,2,0,baseballdiamond,data/UCMerced_LandUse_processed/train/baseballdiamond/baseballdiamond58.tif,207292
ucm,train,2,2,0,baseballdiamond,data/UCMerced_LandUse_processed/train/baseballdiamond/baseballdiamond60.tif,208296
ucm,train,2,2,0,baseballdiamond,data/UCMerced_LandUse_processed/train/baseballdiamond/baseballdiamond61.tif,209248
ucm,train,2,2,0,baseballdiamond,data/UCMerced_LandUse_processed/train/baseballdiamond/baseballdiamond64.tif,208676
ucm,train,2,2,0,baseballdiamond,data/UCMerced_LandUse_processed/train/baseballdiamond/baseballdiamond66.tif,206988
ucm,train,2,2,0,baseballdiamond,data/UCMerced_LandUse_processed/train/baseballdiamond/baseballdiamond67.tif,206900
ucm,train,2,2,0,baseballdiamond,data/UCMerced_LandUse_processed/train/baseballdiamond/baseballdiamond70.tif,207000
ucm,train,2,2,0,baseballdiamond,data/UCMerced_LandUse_processed/train/baseballdiamond/baseballdiamond72.tif,206740
ucm,train,2,2,0,baseballdiamond,data/UCMerced_LandUse_processed/train/baseballdiamond/baseballdiamond73.tif,206292
ucm,train,2,2,0,baseballdiamond,data/UCMerced_LandUse_processed/train/baseballdiamond/baseballdiamond74.tif,206740
ucm,train,2,2,0,baseballdiamond,data/UCMerced_LandUse_processed/train/baseballdiamond/baseballdiamond75.tif,206180
ucm,train,2,2,0,baseballdiamond,data/UCMerced_LandUse_processed/train/baseballdiamond/baseballdiamond77.tif,206260
ucm,train,2,2,0,baseballdiamond,data/UCMerced_LandUse_processed/train/baseballdiamond/baseballdiamond78.tif,206420
ucm,train,2,2,0,baseballdiamond,data/UCMerced_LandUse_processed/train/baseballdiamond/baseballdiamond81.tif,207480
ucm,train,2,2,0,baseballdiamond,data/UCMerced_LandUse_processed/train/baseballdiamond/baseballdiamond83.tif,206548
ucm,train,2,2,0,baseballdiamond,data/UCMerced_LandUse_processed/train/baseballdiamond/baseballdiamond87.tif,206792
ucm,train,2,2,0,baseballdiamond,data/UCMerced_LandUse_processed/train/baseballdiamond/baseballdiamond88.tif,207576
ucm,train,2,2,0,baseballdiamond,data/UCMerced_LandUse_processed/train/baseballdiamond/baseballdiamond90.tif,205980
ucm,train,2,2,0,baseballdiamond,data/UCMerced_LandUse_processed/train/baseballdiamond/baseballdiamond91.tif,207100
ucm,train,2,2,0,baseballdiamond,data/UCMerced_LandUse_processed/train/baseballdiamond/baseballdiamond92.tif,207464
ucm,train,2,2,0,baseballdiamond,data/UCMerced_LandUse_processed/train/baseballdiamond/baseballdiamond93.tif,206808
ucm,train,2,2,0,baseballdiamond,data/UCMerced_LandUse_processed/train/baseballdiamond/baseballdiamond94.tif,206188
ucm,train,2,2,0,baseballdiamond,data/UCMerced_LandUse_processed/train/baseballdiamond/baseballdiamond95.tif,208028
ucm,train,2,2,0,baseballdiamond,data/UCMerced_LandUse_processed/train/baseballdiamond/baseballdiamond96.tif,207396
ucm,train,2,2,0,baseballdiamond,data/UCMerced_LandUse_processed/train/baseballdiamond/baseballdiamond97.tif,206796
ucm,train,2,2,0,baseballdiamond,data/UCMerced_LandUse_processed/train/baseballdiamond/baseballdiamond98.tif,206940
ucm,train,2,2,0,baseballdiamond,data/UCMerced_LandUse_processed/train/baseballdiamond/baseballdiamond99.tif,207276
ucm,test,2,2,0,baseballdiamond,data/UCMerced_LandUse_processed/test/baseballdiamond/baseballdiamond00.tif,207724
ucm,test,2,2,0,baseballdiamond,data/UCMerced_LandUse_processed/test/baseballdiamond/baseballdiamond03.tif,207612
ucm,test,2,2,0,baseballdiamond,data/UCMerced_LandUse_processed/test/baseballdiamond/baseballdiamond05.tif,208076
ucm,test,2,2,0,baseballdiamond,data/UCMerced_LandUse_processed/test/baseballdiamond/baseballdiamond06.tif,207400
ucm,test,2,2,0,baseballdiamond,data/UCMerced_LandUse_processed/test/baseballdiamond/baseballdiamond09.tif,207376
ucm,test,2,2,0,baseballdiamond,data/UCMerced_LandUse_processed/test/baseballdiamond/baseballdiamond12.tif,209080
ucm,test,2,2,0,baseballdiamond,data/UCMerced_LandUse_processed/test/baseballdiamond/baseballdiamond13.tif,208572
ucm,test,2,2,0,baseballdiamond,data/UCMerced_LandUse_processed/test/baseballdiamond/baseballdiamond19.tif,208600
ucm,test,2,2,0,baseballdiamond,data/UCMerced_LandUse_processed/test/baseballdiamond/baseballdiamond24.tif,206920
ucm,test,2,2,0,baseballdiamond,data/UCMerced_LandUse_processed/test/baseballdiamond/baseballdiamond26.tif,207240
ucm,test,2,2,0,baseballdiamond,data/UCMerced_LandUse_processed/test/baseballdiamond/baseballdiamond28.tif,207744
ucm,test,2,2,0,baseballdiamond,data/UCMerced_LandUse_processed/test/baseballdiamond/baseballdiamond29.tif,207076
ucm,test,2,2,0,baseballdiamond,data/UCMerced_LandUse_processed/test/baseballdiamond/baseballdiamond30.tif,206700
ucm,test,2,2,0,baseballdiamond,data/UCMerced_LandUse_processed/test/baseballdiamond/baseballdiamond32.tif,206968
ucm,test,2,2,0,baseballdiamond,data/UCMerced_LandUse_processed/test/baseballdiamond/baseballdiamond35.tif,204656
ucm,test,2,2,0,baseballdiamond,data/UCMerced_LandUse_processed/test/baseballdiamond/baseballdiamond36.tif,207440
ucm,test,2,2,0,baseballdiamond,data/UCMerced_LandUse_processed/test/baseballdiamond/baseballdiamond37.tif,208032
ucm,test,2,2,0,baseballdiamond,data/UCMerced_LandUse_processed/test/baseballdiamond/baseballdiamond40.tif,208024
ucm,test,2,2,0,baseballdiamond,data/UCMerced_LandUse_processed/test/baseballdiamond/baseballdiamond43.tif,208240
ucm,test,2,2,0,baseballdiamond,data/UCMerced_LandUse_processed/test/baseballdiamond/baseballdiamond47.tif,208424
ucm,test,2,2,0,baseballdiamond,data/UCMerced_LandUse_processed/test/baseballdiamond/baseballdiamond52.tif,208244
ucm,test,2,2,0,baseballdiamond,data/UCMerced_LandUse_processed/test/baseballdiamond/baseballdiamond53.tif,206384
ucm,test,2,2,0,baseballdiamond,data/UCMerced_LandUse_processed/test/baseballdiamond/baseballdiamond54.tif,206520
ucm,test,2,2,0,baseballdiamond,data/UCMerced_LandUse_processed/test/baseballdiamond/baseballdiamond55.tif,207060
ucm,test,2,2,0,baseballdiamond,data/UCMerced_LandUse_processed/test/baseballdiamond/baseballdiamond56.tif,206920
ucm,test,2,2,0,baseballdiamond,data/UCMerced_LandUse_processed/test/baseballdiamond/baseballdiamond59.tif,208276
ucm,test,2,2,0,baseballdiamond,data/UCMerced_LandUse_processed/test/baseballdiamond/baseballdiamond62.tif,207980
ucm,test,2,2,0,baseballdiamond,data/UCMerced_LandUse_processed/test/baseballdiamond/baseballdiamond63.tif,208152
ucm,test,2,2,0,baseballdiamond,data/UCMerced_LandUse_processed/test/baseballdiamond/baseballdiamond65.tif,207688
ucm,test,2,2,0,baseballdiamond,data/UCMerced_LandUse_processed/test/baseballdiamond/baseballdiamond68.tif,206660
ucm,test,2,2,0,baseballdiamond,data/UCMerced_LandUse_processed/test/baseballdiamond/baseballdiamond69.tif,206724
ucm,test,2,2,0,baseballdiamond,data/UCMerced_LandUse_processed/test/baseballdiamond/baseballdiamond71.tif,206676
ucm,test,2,2,0,baseballdiamond,data/UCMerced_LandUse_processed/test/baseballdiamond/baseballdiamond76.tif,206376
ucm,test,2,2,0,baseballdiamond,data/UCMerced_LandUse_processed/test/baseballdiamond/baseballdiamond79.tif,209000
ucm,test,2,2,0,baseballdiamond,data/UCMerced_LandUse_processed/test/baseballdiamond/baseballdiamond80.tif,206844
ucm,test,2,2,0,baseballdiamond,data/UCMerced_LandUse_processed/test/baseballdiamond/baseballdiamond82.tif,207668
ucm,test,2,2,0,baseballdiamond,data/UCMerced_LandUse_processed/test/baseballdiamond/baseballdiamond84.tif,206560
ucm,test,2,2,0,baseballdiamond,data/UCMerced_LandUse_processed/test/baseballdiamond/baseballdiamond85.tif,206460
ucm,test,2,2,0,baseballdiamond,data/UCMerced_LandUse_processed/test/baseballdiamond/baseballdiamond86.tif,206716
ucm,test,2,2,0,baseballdiamond,data/UCMerced_LandUse_processed/test/baseballdiamond/baseballdiamond89.tif,207268
ucm,train,3,3,0,beach,data/UCMerced_LandUse_processed/train/beach/beach00.tif,207960
ucm,train,3,3,0,beach,data/UCMerced_LandUse_processed/train/beach/beach01.tif,208660
ucm,train,3,3,0,beach,data/UCMerced_LandUse_processed/train/beach/beach02.tif,208292
ucm,train,3,3,0,beach,data/UCMerced_LandUse_processed/train/beach/beach05.tif,208884
ucm,train,3,3,0,beach,data/UCMerced_LandUse_processed/train/beach/beach06.tif,206280
ucm,train,3,3,0,beach,data/UCMerced_LandUse_processed/train/beach/beach07.tif,205988
ucm,train,3,3,0,beach,data/UCMerced_LandUse_processed/train/beach/beach08.tif,206236
ucm,train,3,3,0,beach,data/UCMerced_LandUse_processed/train/beach/beach09.tif,206708
ucm,train,3,3,0,beach,data/UCMerced_LandUse_processed/train/beach/beach10.tif,206840
ucm,train,3,3,0,beach,data/UCMerced_LandUse_processed/train/beach/beach12.tif,205820
ucm,train,3,3,0,beach,data/UCMerced_LandUse_processed/train/beach/beach15.tif,205636
ucm,train,3,3,0,beach,data/UCMerced_LandUse_processed/train/beach/beach16.tif,204904
ucm,train,3,3,0,beach,data/UCMerced_LandUse_processed/train/beach/beach17.tif,205004
ucm,train,3,3,0,beach,data/UCMerced_LandUse_processed/train/beach/beach21.tif,206652
ucm,train,3,3,0,beach,data/UCMerced_LandUse_processed/train/beach/beach22.tif,206588
ucm,train,3,3,0,beach,data/UCMerced_LandUse_processed/train/beach/beach28.tif,208264
ucm,train,3,3,0,beach,data/UCMerced_LandUse_processed/train/beach/beach30.tif,206780
ucm,train,3,3,0,beach,data/UCMerced_LandUse_processed/train/beach/beach31.tif,205844
ucm,train,3,3,0,beach,data/UCMerced_LandUse_processed/train/beach/beach32.tif,206444
ucm,train,3,3,0,beach,data/UCMerced_LandUse_processed/train/beach/beach35.tif,206300
ucm,train,3,3,0,beach,data/UCMerced_LandUse_processed/train/beach/beach36.tif,206552
ucm,train,3,3,0,beach,data/UCMerced_LandUse_processed/train/beach/beach38.tif,207916
ucm,train,3,3,0,beach,data/UCMerced_LandUse_processed/train/beach/beach39.tif,206828
ucm,train,3,3,0,beach,data/UCMerced_LandUse_processed/train/beach/beach40.tif,206984
ucm,train,3,3,0,beach,data/UCMerced_LandUse_processed/train/beach/beach41.tif,207432
ucm,train,3,3,0,beach,data/UCMerced_LandUse_processed/train/beach/beach43.tif,206508
ucm,train,3,3,0,beach,data/UCMerced_LandUse_processed/train/beach/beach44.tif,206728
ucm,train,3,3,0,beach,data/UCMerced_LandUse_processed/train/beach/beach45.tif,208096
ucm,train,3,3,0,beach,data/UCMerced_LandUse_processed/train/beach/beach46.tif,207028
ucm,train,3,3,0,beach,data/UCMerced_LandUse_processed/train/beach/beach47.tif,206960
ucm,train,3,3,0,beach,data/UCMerced_LandUse_processed/train/beach/beach49.tif,205576
ucm,train,3,3,0,beach,data/UCMerced_LandUse_processed/train/beach/beach51.tif,206100
ucm,train,3,3,0,beach,data/UCMerced_LandUse_processed/train/beach/beach53.tif,206084
ucm,train,3,3,0,beach,data/UCMerced_LandUse_processed/train/beach/beach55.tif,206788
ucm,train,3,3,0,beach,data/UCMerced_LandUse_processed/train/beach/beach56.tif,206984
ucm,train,3,3,0,beach,data/UCMerced_LandUse_processed/train/beach/beach59.tif,205772
ucm,train,3,3,0,beach,data/UCMerced_LandUse_processed/train/beach/beach60.tif,207552
ucm,train,3,3,0,beach,data/UCMerced_LandUse_processed/train/beach/beach61.tif,207632
ucm,train,3,3,0,beach,data/UCMerced_LandUse_processed/train/beach/beach63.tif,206980
ucm,train,3,3,0,beach,data/UCMerced_LandUse_processed/train/beach/beach64.tif,207200
ucm,train,3,3,0,beach,data/UCMerced_LandUse_processed/train/beach/beach65.tif,206836
ucm,train,3,3,0,beach,data/UCMerced_LandUse_processed/train/beach/beach66.tif,207188
ucm,train,3,3,0,beach,data/UCMerced_LandUse_processed/train/beach/beach67.tif,207476
ucm,train,3,3,0,beach,data/UCMerced_LandUse_processed/train/beach/beach71.tif,207268
ucm,train,3,3,0,beach,data/UCMerced_LandUse_processed/train/beach/beach73.tif,208804
ucm,train,3,3,0,beach,data/UCMerced_LandUse_processed/train/beach/beach74.tif,209512
ucm,train,3,3,0,beach,data/UCMerced_LandUse_processed/train/beach/beach75.tif,205848
ucm,train,3,3,0,beach,data/UCMerced_LandUse_processed/train/beach/beach76.tif,205860
ucm,train,3,3,0,beach,data/UCMerced_LandUse_processed/train/beach/beach79.tif,205248
ucm,train,3,3,0,beach,data/UCMerced_LandUse_processed/train/beach/beach81.tif,205440
ucm,train,3,3,0,beach,data/UCMerced_LandUse_processed/train/beach/beach82.tif,205056
ucm,train,3,3,0,beach,data/UCMerced_LandUse_processed/train/beach/beach84.tif,204964
ucm,train,3,3,0,beach,data/UCMerced_LandUse_processed/train/beach/beach85.tif,206004
ucm,train,3,3,0,beach,data/UCMerced_LandUse_processed/train/beach/beach86.tif,205652
ucm,train,3,3,0,beach,data/UCMerced_LandUse_processed/train/beach/beach91.tif,205524
ucm,train,3,3,0,beach,data/UCMerced_LandUse_processed/train/beach/beach95.tif,207344
ucm,train,3,3,0,beach,data/UCMerced_LandUse_processed/train/beach/beach96.tif,207512
ucm,train,3,3,0,beach,data/UCMerced_LandUse_processed/train/beach/beach97.tif,207724
ucm,train,3,3,0,beach,data/UCMerced_LandUse_processed/train/beach/beach98.tif,207776
ucm,train,3,3,0,beach,data/UCMerced_LandUse_processed/train/beach/beach99.tif,207588
ucm,test,3,3,0,beach,data/UCMerced_LandUse_processed/test/beach/beach03.tif,208268
ucm,test,3,3,0,beach,data/UCMerced_LandUse_processed/test/beach/beach04.tif,208644
ucm,test,3,3,0,beach,data/UCMerced_LandUse_processed/test/beach/beach11.tif,205756
ucm,test,3,3,0,beach,data/UCMerced_LandUse_processed/test/beach/beach13.tif,205392
ucm,test,3,3,0,beach,data/UCMerced_LandUse_processed/test/beach/beach14.tif,205356
ucm,test,3,3,0,beach,data/UCMerced_LandUse_processed/test/beach/beach18.tif,204936
ucm,test,3,3,0,beach,data/UCMerced_LandUse_processed/test/beach/beach19.tif,206736
ucm,test,3,3,0,beach,data/UCMerced_LandUse_processed/test/beach/beach20.tif,206572
ucm,test,3,3,0,beach,data/UCMerced_LandUse_processed/test/beach/beach23.tif,206720
ucm,test,3,3,0,beach,data/UCMerced_LandUse_processed/test/beach/beach24.tif,206180
ucm,test,3,3,0,beach,data/UCMerced_LandUse_processed/test/beach/beach25.tif,205924
ucm,test,3,3,0,beach,data/UCMerced_LandUse_processed/test/beach/beach26.tif,205860
ucm,test,3,3,0,beach,data/UCMerced_LandUse_processed/test/beach/beach27.tif,207864
ucm,test,3,3,0,beach,data/UCMerced_LandUse_processed/test/beach/beach29.tif,206604
ucm,test,3,3,0,beach,data/UCMerced_LandUse_processed/test/beach/beach33.tif,207264
ucm,test,3,3,0,beach,data/UCMerced_LandUse_processed/test/beach/beach34.tif,207332
ucm,test,3,3,0,beach,data/UCMerced_LandUse_processed/test/beach/beach37.tif,207364
ucm,test,3,3,0,beach,data/UCMerced_LandUse_processed/test/beach/beach42.tif,206972
ucm,test,3,3,0,beach,data/UCMerced_LandUse_processed/test/beach/beach48.tif,207068
ucm,test,3,3,0,beach,data/UCMerced_LandUse_processed/test/beach/beach50.tif,206396
ucm,test,3,3,0,beach,data/UCMerced_LandUse_processed/test/beach/beach52.tif,206116
ucm,test,3,3,0,beach,data/UCMerced_LandUse_processed/test/beach/beach54.tif,206456
ucm,test,3,3,0,beach,data/UCMerced_LandUse_processed/test/beach/beach57.tif,203116
ucm,test,3,3,0,beach,data/UCMerced_LandUse_processed/test/beach/beach58.tif,205976
ucm,test,3,3,0,beach,data/UCMerced_LandUse_processed/test/beach/beach62.tif,207424
ucm,test,3,3,0,beach,data/UCMerced_LandUse_processed/test/beach/beach68.tif,207684
ucm,test,3,3,0,beach,data/UCMerced_LandUse_processed/test/beach/beach69.tif,207856
ucm,test,3,3,0,beach,data/UCMerced_LandUse_processed/test/beach/beach70.tif,207336
ucm,test,3,3,0,beach,data/UCMerced_LandUse_processed/test/beach/beach72.tif,207080
ucm,test,3,3,0,beach,data/UCMerced_LandUse_processed/test/beach/beach77.tif,206176
ucm,test,3,3,0,beach,data/UCMerced_LandUse_processed/test/beach/beach78.tif,205540
ucm,test,3,3,0,beach,data/UCMerced_LandUse_processed/test/beach/beach80.tif,205308
ucm,test,3,3,0,beach,data/UCMerced_LandUse_processed/test/beach/beach83.tif,205220
ucm,test,3,3,0,beach,data/UCMerced_LandUse_processed/test/beach/beach87.tif,205632
ucm,test,3,3,0,beach,data/UCMerced_LandUse_processed/test/beach/beach88.tif,205992
ucm,test,3,3,0,beach,data/UCMerced_LandUse_processed/test/beach/beach89.tif,205516
ucm,test,3,3,0,beach,data/UCMerced_LandUse_processed/test/beach/beach90.tif,205768
ucm,test,3,3,0,beach,data/UCMerced_LandUse_processed/test/beach/beach92.tif,205648
ucm,test,3,3,0,beach,data/UCMerced_LandUse_processed/test/beach/beach93.tif,207144
ucm,test,3,3,0,beach,data/UCMerced_LandUse_processed/test/beach/beach94.tif,207652
ucm,train,4,4,0,buildings,data/UCMerced_LandUse_processed/train/buildings/buildings01.tif,209220
ucm,train,4,4,0,buildings,data/UCMerced_LandUse_processed/train/buildings/buildings03.tif,209368
ucm,train,4,4,0,buildings,data/UCMerced_LandUse_processed/train/buildings/buildings04.tif,208744
ucm,train,4,4,0,buildings,data/UCMerced_LandUse_processed/train/buildings/buildings05.tif,209880
ucm,train,4,4,0,buildings,data/UCMerced_LandUse_processed/train/buildings/buildings07.tif,209824
ucm,train,4,4,0,buildings,data/UCMerced_LandUse_processed/train/buildings/buildings08.tif,209720
ucm,train,4,4,0,buildings,data/UCMerced_LandUse_processed/train/buildings/buildings09.tif,210400
ucm,train,4,4,0,buildings,data/UCMerced_LandUse_processed/train/buildings/buildings10.tif,209884
ucm,train,4,4,0,buildings,data/UCMerced_LandUse_processed/train/buildings/buildings11.tif,209448
ucm,train,4,4,0,buildings,data/UCMerced_LandUse_processed/train/buildings/buildings12.tif,209264
ucm,train,4,4,0,buildings,data/UCMerced_LandUse_processed/train/buildings/buildings16.tif,209792
ucm,train,4,4,0,buildings,data/UCMerced_LandUse_processed/train/buildings/buildings22.tif,210136
ucm,train,4,4,0,buildings,data/UCMerced_LandUse_processed/train/buildings/buildings25.tif,209696
ucm,train,4,4,0,buildings,data/UCMerced_LandUse_processed/train/buildings/buildings28.tif,209372
ucm,train,4,4,0,buildings,data/UCMerced_LandUse_processed/train/buildings/buildings29.tif,209532
ucm,train,4,4,0,buildings,data/UCMerced_LandUse_processed/train/buildings/buildings31.tif,209540
ucm,train,4,4,0,buildings,data/UCMerced_LandUse_processed/train/buildings/buildings32.tif,209316
ucm,train,4,4,0,buildings,data/UCMerced_LandUse_processed/train/buildings/buildings35.tif,209324
ucm,train,4,4,0,buildings,data/UCMerced_LandUse_processed/train/buildings/buildings36.tif,210756
ucm,train,4,4,0,buildings,data/UCMerced_LandUse_processed/train/buildings/buildings38.tif,211520
ucm,train,4,4,0,buildings,data/UCMerced_LandUse_processed/train/buildings/buildings39.tif,210740
ucm,train,4,4,0,buildings,data/UCMerced_LandUse_processed/train/buildings/buildings40.tif,211584
ucm,train,4,4,0,buildings,data/UCMerced_LandUse_processed/train/buildings/buildings41.tif,211976
ucm,train,4,4,0,buildings,data/UCMerced_LandUse_processed/train/buildings/buildings42.tif,212192
ucm,train,4,4,0,buildings,data/UCMerced_LandUse_processed/train/buildings/buildings43.tif,210808
ucm,train,4,4,0,buildings,data/UCMerced_LandUse_processed/train/buildings/buildings46.tif,210332
ucm,train,4,4,0,buildings,data/UCMerced_LandUse_processed/train/buildings/buildings48.tif,211892
ucm,train,4,4,0,buildings,data/UCMerced_LandUse_processed/train/buildings/buildings49.tif,212196
ucm,train,4,4,0,buildings,data/UCMerced_LandUse_processed/train/buildings/buildings50.tif,210652
ucm,train,4,4,0,buildings,data/UCMerced_LandUse_processed/train/buildings/buildings51.tif,211220
ucm,train,4,4,0,buildings,data/UCMerced_LandUse_processed/train/buildings/buildings53.tif,210104
ucm,train,4,4,0,buildings,data/UCMerced_LandUse_processed/train/buildings/buildings55.tif,208628
ucm,train,4,4,0,buildings,data/UCMerced_LandUse_processed/train/buildings/buildings56.tif,209652
ucm,train,4,4,0,buildings,data/UCMerced_LandUse_processed/train/buildings/buildings57.tif,209424
ucm,train,4,4,0,buildings,data/UCMerced_LandUse_processed/train/buildings/buildings60.tif,209368
ucm,train,4,4,0,buildings,data/UCMerced_LandUse_processed/train/buildings/buildings62.tif,208912
ucm,train,4,4,0,buildings,data/UCMerced_LandUse_processed/train/buildings/buildings66.tif,208356
ucm,train,4,4,0,buildings,data/UCMerced_LandUse_processed/train/buildings/buildings67.tif,208384
ucm,train,4,4,0,buildings,data/UCMerced_LandUse_processed/train/buildings/buildings68.tif,209360
ucm,train,4,4,0,buildings,data/UCMerced_LandUse_processed/train/buildings/buildings70.tif,208484
ucm,train,4,4,0,buildings,data/UCMerced_LandUse_processed/train/buildings/buildings71.tif,209320
ucm,train,4,4,0,buildings,data/UCMerced_LandUse_processed/train/buildings/buildings72.tif,210208
ucm,train,4,4,0,buildings,data/UCMerced_LandUse_processed/train/buildings/buildings74.tif,209324
ucm,train,4,4,0,buildings,data/UCMerced_LandUse_processed/train/buildings/buildings75.tif,209680
ucm,train,4,4,0,buildings,data/UCMerced_LandUse_processed/train/buildings/buildings76.tif,209460
ucm,train,4,4,0,buildings,data/UCMerced_LandUse_processed/train/buildings/buildings77.tif,209376
ucm,train,4,4,0,buildings,data/UCMerced_LandUse_processed/train/buildings/buildings78.tif,210492
ucm,train,4,4,0,buildings,data/UCMerced_LandUse_processed/train/buildings/buildings79.tif,211144
ucm,train,4,4,0,buildings,data/UCMerced_LandUse_processed/train/buildings/buildings80.tif,210068
ucm,train,4,4,0,buildings,data/UCMerced_LandUse_processed/train/buildings/buildings81.tif,211256
ucm,train,4,4,0,buildings,data/UCMerced_LandUse_processed/train/buildings/buildings82.tif,212700
ucm,train,4,4,0,buildings,data/UCMerced_LandUse_processed/train/buildings/buildings83.tif,209380
ucm,train,4,4,0,buildings,data/UCMerced_LandUse_processed/train/buildings/buildings84.tif,213948
ucm,train,4,4,0,buildings,data/UCMerced_LandUse_processed/train/buildings/buildings86.tif,206656
ucm,train,4,4,0,buildings,data/UCMerced_LandUse_processed/train/buildings/buildings88.tif,210252
ucm,train,4,4,0,buildings,data/UCMerced_LandUse_processed/train/buildings/buildings89.tif,209396
ucm,train,4,4,0,buildings,data/UCMerced_LandUse_processed/train/buildings/buildings93.tif,210032
ucm,train,4,4,0,buildings,data/UCMerced_LandUse_processed/train/buildings/buildings95.tif,209944
ucm,train,4,4,0,buildings,data/UCMerced_LandUse_processed/train/buildings/buildings96.tif,196280
ucm,train,4,4,0,buildings,data/UCMerced_LandUse_processed/train/buildings/buildings99.tif,208948
ucm,test,4,4,0,buildings,data/UCMerced_LandUse_processed/test/buildings/buildings00.tif,209416
ucm,test,4,4,0,buildings,data/UCMerced_LandUse_processed/test/buildings/buildings02.tif,209512
ucm,test,4,4,0,buildings,data/UCMerced_LandUse_processed/test/buildings/buildings06.tif,209404
ucm,test,4,4,0,buildings,data/UCMerced_LandUse_processed/test/buildings/buildings13.tif,210044
ucm,test,4,4,0,buildings,data/UCMerced_LandUse_processed/test/buildings/buildings14.tif,209456
ucm,test,4,4,0,buildings,data/UCMerced_LandUse_processed/test/buildings/buildings15.tif,209988
ucm,test,4,4,0,buildings,data/UCMerced_LandUse_processed/test/buildings/buildings17.tif,208828
ucm,test,4,4,0,buildings,data/UCMerced_LandUse_processed/test/buildings/buildings18.tif,209100
ucm,test,4,4,0,buildings,data/UCMerced_LandUse_processed/test/buildings/buildings19.tif,210636
ucm,test,4,4,0,buildings,data/UCMerced_LandUse_processed/test/buildings/buildings20.tif,210128
ucm,test,4,4,0,buildings,data/UCMerced_LandUse_processed/test/buildings/buildings21.tif,210120
ucm,test,4,4,0,buildings,data/UCMerced_LandUse_processed/test/buildings/buildings23.tif,208460
ucm,test,4,4,0,buildings,data/UCMerced_LandUse_processed/test/buildings/buildings24.tif,209088
ucm,test,4,4,0,buildings,data/UCMerced_LandUse_processed/test/buildings/buildings26.tif,211148
ucm,test,4,4,0,buildings,data/UCMerced_LandUse_processed/test/buildings/buildings27.tif,209400
ucm,test,4,4,0,buildings,data/UCMerced_LandUse_processed/test/buildings/buildings30.tif,209224
ucm,test,4,4,0,buildings,data/UCMerced_LandUse_processed/test/buildings/buildings33.tif,208080
ucm,test,4,4,0,buildings,data/UCMerced_LandUse_processed/test/buildings/buildings34.tif,207256
ucm,test,4,4,0,buildings,data/UCMerced_LandUse_processed/test/buildings/buildings37.tif,211104
ucm,test,4,4,0,buildings,data/UCMerced_LandUse_processed/test/buildings/buildings44.tif,210660
ucm,test,4,4,0,buildings,data/UCMerced_LandUse_processed/test/buildings/buildings45.tif,209844
ucm,test,4,4,0,buildings,data/UCMerced_LandUse_processed/test/buildings/buildings47.tif,210980
ucm,test,4,4,0,buildings,data/UCMerced_LandUse_processed/test/buildings/buildings52.tif,207528
ucm,test,4,4,0,buildings,data/UCMerced_LandUse_processed/test/buildings/buildings54.tif,209340
ucm,test,4,4,0,buildings,data/UCMerced_LandUse_processed/test/buildings/buildings58.tif,209256
ucm,test,4,4,0,buildings,data/UCMerced_LandUse_processed/test/buildings/buildings59.tif,209788
ucm,test,4,4,0,buildings,data/UCMerced_LandUse_processed/test/buildings/buildings61.tif,208372
ucm,test,4,4,0,buildings,data/UCMerced_LandUse_processed/test/buildings/buildings63.tif,209448
ucm,test,4,4,0,buildings,data/UCMerced_LandUse_processed/test/buildings/buildings64.tif,208244
ucm,test,4,4,0,buildings,data/UCMerced_LandUse_processed/test/buildings/buildings65.tif,207180
ucm,test,4,4,0,buildings,data/UCMerced_LandUse_processed/test/buildings/buildings69.tif,209236
ucm,test,4,4,0,buildings,data/UCMerced_LandUse_processed/test/buildings/buildings73.tif,209160
ucm,test,4,4,0,buildings,data/UCMerced_LandUse_processed/test/buildings/buildings85.tif,208296
ucm,test,4,4,0,buildings,data/UCMerced_LandUse_processed/test/buildings/buildings87.tif,208404
ucm,test,4,4,0,buildings,data/UCMerced_LandUse_processed/test/buildings/buildings90.tif,209912
ucm,test,4,4,0,buildings,data/UCMerced_LandUse_processed/test/buildings/buildings91.tif,210660
ucm,test,4,4,0,buildings,data/UCMerced_LandUse_processed/test/buildings/buildings92.tif,209644
ucm,test,4,4,0,buildings,data/UCMerced_LandUse_processed/test/buildings/buildings94.tif,210676
ucm,test,4,4,0,buildings,data/UCMerced_LandUse_processed/test/buildings/buildings97.tif,209424
ucm,test,4,4,0,buildings,data/UCMerced_LandUse_processed/test/buildings/buildings98.tif,209724
ucm,train,5,5,0,chaparral,data/UCMerced_LandUse_processed/train/chaparral/chaparral00.tif,210752
ucm,train,5,5,0,chaparral,data/UCMerced_LandUse_processed/train/chaparral/chaparral01.tif,210728
ucm,train,5,5,0,chaparral,data/UCMerced_LandUse_processed/train/chaparral/chaparral03.tif,210084
ucm,train,5,5,0,chaparral,data/UCMerced_LandUse_processed/train/chaparral/chaparral04.tif,210660
ucm,train,5,5,0,chaparral,data/UCMerced_LandUse_processed/train/chaparral/chaparral07.tif,211168
ucm,train,5,5,0,chaparral,data/UCMerced_LandUse_processed/train/chaparral/chaparral08.tif,210440
ucm,train,5,5,0,chaparral,data/UCMerced_LandUse_processed/train/chaparral/chaparral09.tif,210632
ucm,train,5,5,0,chaparral,data/UCMerced_LandUse_processed/train/chaparral/chaparral10.tif,210664
ucm,train,5,5,0,chaparral,data/UCMerced_LandUse_processed/train/chaparral/chaparral13.tif,210432
ucm,train,5,5,0,chaparral,data/UCMerced_LandUse_processed/train/chaparral/chaparral17.tif,208848
ucm,train,5,5,0,chaparral,data/UCMerced_LandUse_processed/train/chaparral/chaparral18.tif,208864
ucm,train,5,5,0,chaparral,data/UCMerced_LandUse_processed/train/chaparral/chaparral19.tif,210180
ucm,train,5,5,0,chaparral,data/UCMerced_LandUse_processed/train/chaparral/chaparral20.tif,210004
ucm,train,5,5,0,chaparral,data/UCMerced_LandUse_processed/train/chaparral/chaparral21.tif,209688
ucm,train,5,5,0,chaparral,data/UCMerced_LandUse_processed/train/chaparral/chaparral25.tif,209612
ucm,train,5,5,0,chaparral,data/UCMerced_LandUse_processed/train/chaparral/chaparral26.tif,210404
ucm,train,5,5,0,chaparral,data/UCMerced_LandUse_processed/train/chaparral/chaparral27.tif,210248
ucm,train,5,5,0,chaparral,data/UCMerced_LandUse_processed/train/chaparral/chaparral28.tif,210468
ucm,train,5,5,0,chaparral,data/UCMerced_LandUse_processed/train/chaparral/chaparral31.tif,210896
ucm,train,5,5,0,chaparral,data/UCMerced_LandUse_processed/train/chaparral/chaparral32.tif,210520
ucm,train,5,5,0,chaparral,data/UCMerced_LandUse_processed/train/chaparral/chaparral33.tif,209832
ucm,train,5,5,0,chaparral,data/UCMerced_LandUse_processed/train/chaparral/chaparral35.tif,209848
ucm,train,5,5,0,chaparral,data/UCMerced_LandUse_processed/train/chaparral/chaparral36.tif,209444
ucm,train,5,5,0,chaparral,data/UCMerced_LandUse_processed/train/chaparral/chaparral38.tif,210296
ucm,train,5,5,0,chaparral,data/UCMerced_LandUse_processed/train/chaparral/chaparral39.tif,210420
ucm,train,5,5,0,chaparral,data/UCMerced_LandUse_processed/train/chaparral/chaparral41.tif,209720
ucm,train,5,5,0,chaparral,data/UCMerced_LandUse_processed/train/chaparral/chaparral42.tif,210688
ucm,train,5,5,0,chaparral,data/UCMerced_LandUse_processed/train/chaparral/chaparral44.tif,210188
ucm,train,5,5,0,chaparral,data/UCMerced_LandUse_processed/train/chaparral/chaparral45.tif,210664
ucm,train,5,5,0,chaparral,data/UCMerced_LandUse_processed/train/chaparral/chaparral46.tif,210184
ucm,train,5,5,0,chaparral,data/UCMerced_LandUse_processed/train/chaparral/chaparral48.tif,209980
ucm,train,5,5,0,chaparral,data/UCMerced_LandUse_processed/train/chaparral/chaparral51.tif,211516
ucm,train,5,5,0,chaparral,data/UCMerced_LandUse_processed/train/chaparral/chaparral52.tif,211372
ucm,train,5,5,0,chaparral,data/UCMerced_LandUse_processed/train/chaparral/chaparral53.tif,211092
ucm,train,5,5,0,chaparral,data/UCMerced_LandUse_processed/train/chaparral/chaparral54.tif,211512
ucm,train,5,5,0,chaparral,data/UCMerced_LandUse_processed/train/chaparral/chaparral59.tif,209836
ucm,train,5,5,0,chaparral,data/UCMerced_LandUse_processed/train/chaparral/chaparral61.tif,212812
ucm,train,5,5,0,chaparral,data/UCMerced_LandUse_processed/train/chaparral/chaparral62.tif,212404
ucm,train,5,5,0,chaparral,data/UCMerced_LandUse_processed/train/chaparral/chaparral63.tif,212776
ucm,train,5,5,0,chaparral,data/UCMerced_LandUse_processed/train/chaparral/chaparral64.tif,213184
ucm,train,5,5,0,chaparral,data/UCMerced_LandUse_processed/train/chaparral/chaparral65.tif,212204
ucm,train,5,5,0,chaparral,data/UCMerced_LandUse_processed/train/chaparral/chaparral66.tif,212072
ucm,train,5,5,0,chaparral,data/UCMerced_LandUse_processed/train/chaparral/chaparral67.tif,210100
ucm,train,5,5,0,chaparral,data/UCMerced_LandUse_processed/train/chaparral/chaparral69.tif,210576
ucm,train,5,5,0,chaparral,data/UCMerced_LandUse_processed/train/chaparral/chaparral71.tif,210352
ucm,train,5,5,0,chaparral,data/UCMerced_LandUse_processed/train/chaparral/chaparral72.tif,209612
ucm,train,5,5,0,chaparral,data/UCMerced_LandUse_processed/train/chaparral/chaparral74.tif,209876
ucm,train,5,5,0,chaparral,data/UCMerced_LandUse_processed/train/chaparral/chaparral75.tif,209240
ucm,train,5,5,0,chaparral,data/UCMerced_LandUse_processed/train/chaparral/chaparral77.tif,210440
ucm,train,5,5,0,chaparral,data/UCMerced_LandUse_processed/train/chaparral/chaparral78.tif,210120
ucm,train,5,5,0,chaparral,data/UCMerced_LandUse_processed/train/chaparral/chaparral79.tif,210196
ucm,train,5,5,0,chaparral,data/UCMerced_LandUse_processed/train/chaparral/chaparral80.tif,210624
ucm,train,5,5,0,chaparral,data/UCMerced_LandUse_processed/train/chaparral/chaparral83.tif,210392
ucm,train,5,5,0,chaparral,data/UCMerced_LandUse_processed/train/chaparral/chaparral84.tif,210736
ucm,train,5,5,0,chaparral,data/UCMerced_LandUse_processed/train/chaparral/chaparral86.tif,211076
ucm,train,5,5,0,chaparral,data/UCMerced_LandUse_processed/train/chaparral/chaparral88.tif,208996
ucm,train,5,5,0,chaparral,data/UCMerced_LandUse_processed/train/chaparral/chaparral91.tif,211468
ucm,train,5,5,0,chaparral,data/UCMerced_LandUse_processed/train/chaparral/chaparral92.tif,209520
ucm,train,5,5,0,chaparral,data/UCMerced_LandUse_processed/train/chaparral/chaparral93.tif,209896
ucm,train,5,5,0,chaparral,data/UCMerced_LandUse_processed/train/chaparral/chaparral97.tif,209936
ucm,test,5,5,0,chaparral,data/UCMerced_LandUse_processed/test/chaparral/chaparral02.tif,210692
ucm,test,5,5,0,chaparral,data/UCMerced_LandUse_processed/test/chaparral/chaparral05.tif,211628
ucm,test,5,5,0,chaparral,data/UCMerced_LandUse_processed/test/chaparral/chaparral06.tif,212828
ucm,test,5,5,0,chaparral,data/UCMerced_LandUse_processed/test/chaparral/chaparral11.tif,209512
ucm,test,5,5,0,chaparral,data/UCMerced_LandUse_processed/test/chaparral/chaparral12.tif,209404
ucm,test,5,5,0,chaparral,data/UCMerced_LandUse_processed/test/chaparral/chaparral14.tif,209804
ucm,test,5,5,0,chaparral,data/UCMerced_LandUse_processed/test/chaparral/chaparral15.tif,210208
ucm,test,5,5,0,chaparral,data/UCMerced_LandUse_processed/test/chaparral/chaparral16.tif,210380
ucm,test,5,5,0,chaparral,data/UCMerced_LandUse_processed/test/chaparral/chaparral22.tif,209800
ucm,test,5,5,0,chaparral,data/UCMerced_LandUse_processed/test/chaparral/chaparral23.tif,210696
ucm,test,5,5,0,chaparral,data/UCMerced_LandUse_processed/test/chaparral/chaparral24.tif,211456
ucm,test,5,5,0,chaparral,data/UCMerced_LandUse_processed/test/chaparral/chaparral29.tif,211136
ucm,test,5,5,0,chaparral,data/UCMerced_LandUse_processed/test/chaparral/chaparral30.tif,211180
ucm,test,5,5,0,chaparral,data/UCMerced_LandUse_processed/test/chaparral/chaparral34.tif,209824
ucm,test,5,5,0,chaparral,data/UCMerced_LandUse_processed/test/chaparral/chaparral37.tif,209980
ucm,test,5,5,0,chaparral,data/UCMerced_LandUse_processed/test/chaparral/chaparral40.tif,210256
ucm,test,5,5,0,chaparral,data/UCMerced_LandUse_processed/test/chaparral/chaparral43.tif,209948
ucm,test,5,5,0,chaparral,data/UCMerced_LandUse_processed/test/chaparral/chaparral47.tif,210260
ucm,test,5,5,0,chaparral,data/UCMerced_LandUse_processed/test/chaparral/chaparral49.tif,208620
ucm,test,5,5,0,chaparral,data/UCMerced_LandUse_processed/test/chaparral/chaparral50.tif,210768
ucm,test,5,5,0,chaparral,data/UCMerced_LandUse_processed/test/chaparral/chaparral55.tif,210912
ucm,test,5,5,0,chaparral,data/UCMerced_LandUse_processed/test/chaparral/chaparral56.tif,211168
ucm,test,5,5,0,chaparral,data/UCMerced_LandUse_processed/test/chaparral/chaparral57.tif,211252
ucm,test,5,5,0,chaparral,data/UCMerced_LandUse_processed/test/chaparral/chaparral58.tif,211028
ucm,test,5,5,0,chaparral,data/UCMerced_LandUse_processed/test/chaparral/chaparral60.tif,212716
ucm,test,5,5,0,chaparral,data/UCMerced_LandUse_processed/test/chaparral/chaparral68.tif,210184
ucm,test,5,5,0,chaparral,data/UCMerced_LandUse_processed/test/chaparral/chaparral70.tif,209496
ucm,test,5,5,0,chaparral,data/UCMerced_LandUse_processed/test/chaparral/chaparral73.tif,209744
ucm,test,5,5,0,chaparral,data/UCMerced_LandUse_processed/test/chaparral/chaparral76.tif,209292
ucm,test,5,5,0,chaparral,data/UCMerced_LandUse_processed/test/chaparral/chaparral81.tif,209588
ucm,test,5,5,0,chaparral,data/UCMerced_LandUse_processed/test/chaparral/chaparral82.tif,210276
ucm,test,5,5,0,chaparral,data/UCMerced_LandUse_processed/test/chaparral/chaparral85.tif,210036
ucm,test,5,5,0,chaparral,data/UCMerced_LandUse_processed/test/chaparral/chaparral87.tif,211456
ucm,test,5,5,0,chaparral,data/UCMerced_LandUse_processed/test/chaparral/chaparral89.tif,209160
ucm,test,5,5,0,chaparral,data/UCMerced_LandUse_processed/test/chaparral/chaparral90.tif,211524
ucm,test,5,5,0,chaparral,data/UCMerced_LandUse_processed/test/chaparral/chaparral94.tif,211196
ucm,test,5,5,0,chaparral,data/UCMerced_LandUse_processed/test/chaparral/chaparral95.tif,211888
ucm,test,5,5,0,chaparral,data/UCMerced_LandUse_processed/test/chaparral/chaparral96.tif,211204
ucm,test,5,5,0,chaparral,data/UCMerced_LandUse_processed/test/chaparral/chaparral98.tif,211572
ucm,test,5,5,0,chaparral,data/UCMerced_LandUse_processed/test/chaparral/chaparral99.tif,210944
ucm,train,6,6,0,denseresidential,data/UCMerced_LandUse_processed/train/denseresidential/denseresidential00.tif,211052
ucm,train,6,6,0,denseresidential,data/UCMerced_LandUse_processed/train/denseresidential/denseresidential02.tif,210876
ucm,train,6,6,0,denseresidential,data/UCMerced_LandUse_processed/train/denseresidential/denseresidential03.tif,210976
ucm,train,6,6,0,denseresidential,data/UCMerced_LandUse_processed/train/denseresidential/denseresidential06.tif,209884
ucm,train,6,6,0,denseresidential,data/UCMerced_LandUse_processed/train/denseresidential/denseresidential07.tif,210104
ucm,train,6,6,0,denseresidential,data/UCMerced_LandUse_processed/train/denseresidential/denseresidential10.tif,210044
ucm,train,6,6,0,denseresidential,data/UCMerced_LandUse_processed/train/denseresidential/denseresidential13.tif,212504
ucm,train,6,6,0,denseresidential,data/UCMerced_LandUse_processed/train/denseresidential/denseresidential14.tif,210784
ucm,train,6,6,0,denseresidential,data/UCMerced_LandUse_processed/train/denseresidential/denseresidential17.tif,211176
ucm,train,6,6,0,denseresidential,data/UCMerced_LandUse_processed/train/denseresidential/denseresidential18.tif,211172
ucm,train,6,6,0,denseresidential,data/UCMerced_LandUse_processed/train/denseresidential/denseresidential20.tif,211428
ucm,train,6,6,0,denseresidential,data/UCMerced_LandUse_processed/train/denseresidential/denseresidential21.tif,211572
ucm,train,6,6,0,denseresidential,data/UCMerced_LandUse_processed/train/denseresidential/denseresidential23.tif,211708
ucm,train,6,6,0,denseresidential,data/UCMerced_LandUse_processed/train/denseresidential/denseresidential24.tif,211452
ucm,train,6,6,0,denseresidential,data/UCMerced_LandUse_processed/train/denseresidential/denseresidential25.tif,211728
ucm,train,6,6,0,denseresidential,data/UCMerced_LandUse_processed/train/denseresidential/denseresidential26.tif,210204
ucm,train,6,6,0,denseresidential,data/UCMerced_LandUse_processed/train/denseresidential/denseresidential28.tif,210812
ucm,train,6,6,0,denseresidential,data/UCMerced_LandUse_processed/train/denseresidential/denseresidential29.tif,210712
ucm,train,6,6,0,denseresidential,data/UCMerced_LandUse_processed/train/denseresidential/denseresidential30.tif,210716
ucm,train,6,6,0,denseresidential,data/UCMerced_LandUse_processed/train/denseresidential/denseresidential31.tif,210960
ucm,train,6,6,0,denseresidential,data/UCMerced_LandUse_processed/train/denseresidential/denseresidential32.tif,211956
ucm,train,6,6,0,denseresidential,data/UCMerced_LandUse_processed/train/denseresidential/denseresidential34.tif,209276
ucm,train,6,6,0,denseresidential,data/UCMerced_LandUse_processed/train/denseresidential/denseresidential36.tif,210264
ucm,train,6,6,0,denseresidential,data/UCMerced_LandUse_processed/train/denseresidential/denseresidential37.tif,210384
ucm,train,6,6,0,denseresidential,data/UCMerced_LandUse_processed/train/denseresidential/denseresidential38.tif,210956
ucm,train,6,6,0,denseresidential,data/UCMerced_LandUse_processed/train/denseresidential/denseresidential40.tif,210908
ucm,train,6,6,0,denseresidential,data/UCMerced_LandUse_processed/train/denseresidential/denseresidential41.tif,210268
ucm,train,6,6,0,denseresidential,data/UCMerced_LandUse_processed/train/denseresidential/denseresidential42.tif,210176
ucm,train,6,6,0,denseresidential,data/UCMerced_LandUse_processed/train/denseresidential/denseresidential44.tif,210988
ucm,train,6,6,0,denseresidential,data/UCMerced_LandUse_processed/train/denseresidential/denseresidential45.tif,210892
ucm,train,6,6,0,denseresidential,data/UCMerced_LandUse_processed/train/denseresidential/denseresidential46.tif,211092
ucm,train,6,6,0,denseresidential,data/UCMerced_LandUse_processed/train/denseresidential/denseresidential47.tif,210848
ucm,train,6,6,0,denseresidential,data/UCMerced_LandUse_processed/train/denseresidential/denseresidential48.tif,210248
ucm,train,6,6,0,denseresidential,data/UCMerced_LandUse_processed/train/denseresidential/denseresidential51.tif,209888
ucm,train,6,6,0,denseresidential,data/UCMerced_LandUse_processed/train/denseresidential/denseresidential55.tif,210976
ucm,train,6,6,0,denseresidential,data/UCMerced_LandUse_processed/train/denseresidential/denseresidential56.tif,210144
ucm,train,6,6,0,denseresidential,data/UCMerced_LandUse_processed/train/denseresidential/denseresidential60.tif,210608
ucm,train,6,6,0,denseresidential,data/UCMerced_LandUse_processed/train/denseresidential/denseresidential61.tif,210124
ucm,train,6,6,0,denseresidential,data/UCMerced_LandUse_processed/train/denseresidential/denseresidential62.tif,209928
ucm,train,6,6,0,denseresidential,data/UCMerced_LandUse_processed/train/denseresidential/denseresidential63.tif,209332
ucm,train,6,6,0,denseresidential,data/UCMerced_LandUse_processed/train/denseresidential/denseresidential64.tif,210412
ucm,train,6,6,0,denseresidential,data/UCMerced_LandUse_processed/train/denseresidential/denseresidential65.tif,210400
ucm,train,6,6,0,denseresidential,data/UCMerced_LandUse_processed/train/denseresidential/denseresidential67.tif,209540
ucm,train,6,6,0,denseresidential,data/UCMerced_LandUse_processed/train/denseresidential/denseresidential70.tif,209504
ucm,train,6,6,0,denseresidential,data/UCMerced_LandUse_processed/train/denseresidential/denseresidential71.tif,210016
ucm,train,6,6,0,denseresidential,data/UCMerced_LandUse_processed/train/denseresidential/denseresidential72.tif,209880
ucm,train,6,6,0,denseresidential,data/UCMerced_LandUse_processed/train/denseresidential/denseresidential73.tif,210276
ucm,train,6,6,0,denseresidential,data/UCMerced_LandUse_processed/train/denseresidential/denseresidential74.tif,210696
ucm,train,6,6,0,denseresidential,data/UCMerced_LandUse_processed/train/denseresidential/denseresidential75.tif,210148
ucm,train,6,6,0,denseresidential,data/UCMerced_LandUse_processed/train/denseresidential/denseresidential79.tif,211392
ucm,train,6,6,0,denseresidential,data/UCMerced_LandUse_processed/train/denseresidential/denseresidential81.tif,209384
ucm,train,6,6,0,denseresidential,data/UCMerced_LandUse_processed/train/denseresidential/denseresidential83.tif,211512
ucm,train,6,6,0,denseresidential,data/UCMerced_LandUse_processed/train/denseresidential/denseresidential88.tif,209108
ucm,train,6,6,0,denseresidential,data/UCMerced_LandUse_processed/train/denseresidential/denseresidential89.tif,209304
ucm,train,6,6,0,denseresidential,data/UCMerced_LandUse_processed/train/denseresidential/denseresidential91.tif,208276
ucm,train,6,6,0,denseresidential,data/UCMerced_LandUse_processed/train/denseresidential/denseresidential92.tif,209608
ucm,train,6,6,0,denseresidential,data/UCMerced_LandUse_processed/train/denseresidential/denseresidential93.tif,209408
ucm,train,6,6,0,denseresidential,data/UCMerced_LandUse_processed/train/denseresidential/denseresidential96.tif,209964
ucm,train,6,6,0,denseresidential,data/UCMerced_LandUse_processed/train/denseresidential/denseresidential97.tif,209812
ucm,train,6,6,0,denseresidential,data/UCMerced_LandUse_processed/train/denseresidential/denseresidential99.tif,209888
ucm,test,6,6,0,denseresidential,data/UCMerced_LandUse_processed/test/denseresidential/denseresidential01.tif,210812
ucm,test,6,6,0,denseresidential,data/UCMerced_LandUse_processed/test/denseresidential/denseresidential04.tif,210948
ucm,test,6,6,0,denseresidential,data/UCMerced_LandUse_processed/test/denseresidential/denseresidential05.tif,210116
ucm,test,6,6,0,denseresidential,data/UCMerced_LandUse_processed/test/denseresidential/denseresidential08.tif,210940
ucm,test,6,6,0,denseresidential,data/UCMerced_LandUse_processed/test/denseresidential/denseresidential09.tif,211120
ucm,test,6,6,0,denseresidential,data/UCMerced_LandUse_processed/test/denseresidential/denseresidential11.tif,209544
ucm,test,6,6,0,denseresidential,data/UCMerced_LandUse_processed/test/denseresidential/denseresidential12.tif,209688
ucm,test,6,6,0,denseresidential,data/UCMerced_LandUse_processed/test/denseresidential/denseresidential15.tif,211240
ucm,test,6,6,0,denseresidential,data/UCMerced_LandUse_processed/test/denseresidential/denseresidential16.tif,211500
ucm,test,6,6,0,denseresidential,data/UCMerced_LandUse_processed/test/denseresidential/denseresidential19.tif,210116
ucm,test,6,6,0,denseresidential,data/UCMerced_LandUse_processed/test/denseresidential/denseresidential22.tif,211580
ucm,test,6,6,0,denseresidential,data/UCMerced_LandUse_processed/test/denseresidential/denseresidential27.tif,210844
ucm,test,6,6,0,denseresidential,data/UCMerced_LandUse_processed/test/denseresidential/denseresidential33.tif,209360
ucm,test,6,6,0,denseresidential,data/UCMerced_LandUse_processed/test/denseresidential/denseresidential35.tif,209836
ucm,test,6,6,0,denseresidential,data/UCMerced_LandUse_processed/test/denseresidential/denseresidential39.tif,208948
ucm,test,6,6,0,denseresidential,data/UCMerced_LandUse_processed/test/denseresidential/denseresidential43.tif,209636
ucm,test,6,6,0,denseresidential,data/UCMerced_LandUse_processed/test/denseresidential/denseresidential49.tif,210588
ucm,test,6,6,0,denseresidential,data/UCMerced_LandUse_processed/test/denseresidential/denseresidential50.tif,208500
ucm,test,6,6,0,denseresidential,data/UCMerced_LandUse_processed/test/denseresidential/denseresidential52.tif,210260
ucm,test,6,6,0,denseresidential,data/UCMerced_LandUse_processed/test/denseresidential/denseresidential53.tif,210608
ucm,test,6,6,0,denseresidential,data/UCMerced_LandUse_processed/test/denseresidential/denseresidential54.tif,210660
ucm,test,6,6,0,denseresidential,data/UCMerced_LandUse_processed/test/denseresidential/denseresidential57.tif,210340
ucm,test,6,6,0,denseresidential,data/UCMerced_LandUse_processed/test/denseresidential/denseresidential58.tif,210708
ucm,test,6,6,0,denseresidential,data/UCMerced_LandUse_processed/test/denseresidential/denseresidential59.tif,210680
ucm,test,6,6,0,denseresidential,data/UCMerced_LandUse_processed/test/denseresidential/denseresidential66.tif,210184
ucm,test,6,6,0,denseresidential,data/UCMerced_LandUse_processed/test/denseresidential/denseresidential68.tif,210828
ucm,test,6,6,0,denseresidential,data/UCMerced_LandUse_processed/test/denseresidential/denseresidential69.tif,209516
ucm,test,6,6,0,denseresidential,data/UCMerced_LandUse_processed/test/denseresidential/denseresidential76.tif,210332
ucm,test,6,6,0,denseresidential,data/UCMerced_LandUse_processed/test/denseresidential/denseresidential77.tif,210448
ucm,test,6,6,0,denseresidential,data/UCMerced_LandUse_processed/test/denseresidential/denseresidential78.tif,210692
ucm,test,6,6,0,denseresidential,data/UCMerced_LandUse_processed/test/denseresidential/denseresidential80.tif,209408
ucm,test,6,6,0,denseresidential,data/UCMerced_LandUse_processed/test/denseresidential/denseresidential82.tif,211684
ucm,test,6,6,0,denseresidential,data/UCMerced_LandUse_processed/test/denseresidential/denseresidential84.tif,209280
ucm,test,6,6,0,denseresidential,data/UCMerced_LandUse_processed/test/denseresidential/denseresidential85.tif,209660
ucm,test,6,6,0,denseresidential,data/UCMerced_LandUse_processed/test/denseresidential/denseresidential86.tif,209924
ucm,test,6,6,0,denseresidential,data/UCMerced_LandUse_processed/test/denseresidential/denseresidential87.tif,210324
ucm,test,6,6,0,denseresidential,data/UCMerced_LandUse_processed/test/denseresidential/denseresidential90.tif,208480
ucm,test,6,6,0,denseresidential,data/UCMerced_LandUse_processed/test/denseresidential/denseresidential94.tif,210948
ucm,test,6,6,0,denseresidential,data/UCMerced_LandUse_processed/test/denseresidential/denseresidential95.tif,210432
ucm,test,6,6,0,denseresidential,data/UCMerced_LandUse_processed/test/denseresidential/denseresidential98.tif,209608
ucm,train,7,7,0,forest,data/UCMerced_LandUse_processed/train/forest/forest00.tif,207276
ucm,train,7,7,0,forest,data/UCMerced_LandUse_processed/train/forest/forest02.tif,207644
ucm,train,7,7,0,forest,data/UCMerced_LandUse_processed/train/forest/forest03.tif,208676
ucm,train,7,7,0,forest,data/UCMerced_LandUse_processed/train/forest/forest04.tif,208816
ucm,train,7,7,0,forest,data/UCMerced_LandUse_processed/train/forest/forest05.tif,208356
ucm,train,7,7,0,forest,data/UCMerced_LandUse_processed/train/forest/forest07.tif,207996
ucm,train,7,7,0,forest,data/UCMerced_LandUse_processed/train/forest/forest08.tif,209576
ucm,train,7,7,0,forest,data/UCMerced_LandUse_processed/train/forest/forest10.tif,207608
ucm,train,7,7,0,forest,data/UCMerced_LandUse_processed/train/forest/forest13.tif,208204
ucm,train,7,7,0,forest,data/UCMerced_LandUse_processed/train/forest/forest19.tif,211868
ucm,train,7,7,0,forest,data/UCMerced_LandUse_processed/train/forest/forest20.tif,212696
ucm,train,7,7,0,forest,data/UCMerced_LandUse_processed/train/forest/forest21.tif,210408
ucm,train,7,7,0,forest,data/UCMerced_LandUse_processed/train/forest/forest23.tif,211708
ucm,train,7,7,0,forest,data/UCMerced_LandUse_processed/train/forest/forest24.tif,209948
ucm,train,7,7,0,forest,data/UCMerced_LandUse_processed/train/forest/forest27.tif,209728
ucm,train,7,7,0,forest,data/UCMerced_LandUse_processed/train/forest/forest29.tif,209140
ucm,train,7,7,0,forest,data/UCMerced_LandUse_processed/train/forest/forest30.tif,208452
ucm,train,7,7,0,forest,data/UCMerced_LandUse_processed/train/forest/forest32.tif,209408
ucm,train,7,7,0,forest,data/UCMerced_LandUse_processed/train/forest/forest35.tif,209660
ucm,train,7,7,0,forest,data/UCMerced_LandUse_processed/train/forest/forest36.tif,209712
ucm,train,7,7,0,forest,data/UCMerced_LandUse_processed/train/forest/forest37.tif,209556
ucm,train,7,7,0,forest,data/UCMerced_LandUse_processed/train/forest/forest43.tif,209592
ucm,train,7,7,0,forest,data/UCMerced_LandUse_processed/train/forest/forest44.tif,208320
ucm,train,7,7,0,forest,data/UCMerced_LandUse_processed/train/forest/forest45.tif,208920
ucm,train,7,7,0,forest,data/UCMerced_LandUse_processed/train/forest/forest48.tif,209592
ucm,train,7,7,0,forest,data/UCMerced_LandUse_processed/train/forest/forest49.tif,209564
ucm,train,7,7,0,forest,data/UCMerced_LandUse_processed/train/forest/forest50.tif,209428
ucm,train,7,7,0,forest,data/UCMerced_LandUse_processed/train/forest/forest51.tif,209360
ucm,train,7,7,0,forest,data/UCMerced_LandUse_processed/train/forest/forest52.tif,209472
ucm,train,7,7,0,forest,data/UCMerced_LandUse_processed/train/forest/forest53.tif,209148
ucm,train,7,7,0,forest,data/UCMerced_LandUse_processed/train/forest/forest54.tif,209224
ucm,train,7,7,0,forest,data/UCMerced_LandUse_processed/train/forest/forest55.tif,209816
ucm,train,7,7,0,forest,data/UCMerced_LandUse_processed/train/forest/forest57.tif,210036
ucm,train,7,7,0,forest,data/UCMerced_LandUse_processed/train/forest/forest58.tif,209768
ucm,train,7,7,0,forest,data/UCMerced_LandUse_processed/train/forest/forest59.tif,207912
ucm,train,7,7,0,forest,data/UCMerced_LandUse_processed/train/forest/forest60.tif,211184
ucm,train,7,7,0,forest,data/UCMerced_LandUse_processed/train/forest/forest61.tif,210084
ucm,train,7,7,0,forest,data/UCMerced_LandUse_processed/train/forest/forest63.tif,208800
ucm,train,7,7,0,forest,data/UCMerced_LandUse_processed/train/forest/forest64.tif,209120
ucm,train,7,7,0,forest,data/UCMerced_LandUse_processed/train/forest/forest66.tif,210836
ucm,train,7,7,0,forest,data/UCMerced_LandUse_processed/train/forest/forest68.tif,208888
ucm,train,7,7,0,forest,data/UCMerced_LandUse_processed/train/forest/forest69.tif,209940
ucm,train,7,7,0,forest,data/UCMerced_LandUse_processed/train/forest/forest70.tif,209948
ucm,train,7,7,0,forest,data/UCMerced_LandUse_processed/train/forest/forest71.tif,210060
ucm,train,7,7,0,forest,data/UCMerced_LandUse_processed/train/forest/forest72.tif,210100
ucm,train,7,7,0,forest,data/UCMerced_LandUse_processed/train/forest/forest73.tif,210188
ucm,train,7,7,0,forest,data/UCMerced_LandUse_processed/train/forest/forest79.tif,210472
ucm,train,7,7,0,forest,data/UCMerced_LandUse_processed/train/forest/forest80.tif,209232
ucm,train,7,7,0,forest,data/UCMerced_LandUse_processed/train/forest/forest81.tif,209520
ucm,train,7,7,0,forest,data/UCMerced_LandUse_processed/train/forest/forest82.tif,210128
ucm,train,7,7,0,forest,data/UCMerced_LandUse_processed/train/forest/forest83.tif,210356
ucm,train,7,7,0,forest,data/UCMerced_LandUse_processed/train/forest/forest85.tif,210048
ucm,train,7,7,0,forest,data/UCMerced_LandUse_processed/train/forest/forest87.tif,210480
ucm,train,7,7,0,forest,data/UCMerced_LandUse_processed/train/forest/forest88.tif,210540
ucm,train,7,7,0,forest,data/UCMerced_LandUse_processed/train/forest/forest89.tif,210500
ucm,train,7,7,0,forest,data/UCMerced_LandUse_processed/train/forest/forest91.tif,209436
ucm,train,7,7,0,forest,data/UCMerced_LandUse_processed/train/forest/forest93.tif,210484
ucm,train,7,7,0,forest,data/UCMerced_LandUse_processed/train/forest/forest95.tif,209588
ucm,train,7,7,0,forest,data/UCMerced_LandUse_processed/train/forest/forest96.tif,209060
ucm,train,7,7,0,forest,data/UCMerced_LandUse_processed/train/forest/forest99.tif,209876
ucm,test,7,7,0,forest,data/UCMerced_LandUse_processed/test/forest/forest01.tif,208116
ucm,test,7,7,0,forest,data/UCMerced_LandUse_processed/test/forest/forest06.tif,208672
ucm,test,7,7,0,forest,data/UCMerced_LandUse_processed/test/forest/forest09.tif,209784
ucm,test,7,7,0,forest,data/UCMerced_LandUse_processed/test/forest/forest11.tif,208248
ucm,test,7,7,0,forest,data/UCMerced_LandUse_processed/test/forest/forest12.tif,208264
ucm,test,7,7,0,forest,data/UCMerced_LandUse_processed/test/forest/forest14.tif,208068
ucm,test,7,7,0,forest,data/UCMerced_LandUse_processed/test/forest/forest15.tif,210000
ucm,test,7,7,0,forest,data/UCMerced_LandUse_processed/test/forest/forest16.tif,211604
ucm,test,7,7,0,forest,data/UCMerced_LandUse_processed/test/forest/forest17.tif,211192
ucm,test,7,7,0,forest,data/UCMerced_LandUse_processed/test/forest/forest18.tif,212340
ucm,test,7,7,0,forest,data/UCMerced_LandUse_processed/test/forest/forest22.tif,212460
ucm,test,7,7,0,forest,data/UCMerced_LandUse_processed/test/forest/forest25.tif,209812
ucm,test,7,7,0,forest,data/UCMerced_LandUse_processed/test/forest/forest26.tif,210444
ucm,test,7,7,0,forest,data/UCMerced_LandUse_processed/test/forest/forest28.tif,210576
ucm,test,7,7,0,forest,data/UCMerced_LandUse_processed/test/forest/forest31.tif,209428
ucm,test,7,7,0,forest,data/UCMerced_LandUse_processed/test/forest/forest33.tif,210088
ucm,test,7,7,0,forest,data/UCMerced_LandUse_processed/test/forest/forest34.tif,209632
ucm,test,7,7,0,forest,data/UCMerced_LandUse_processed/test/forest/forest38.tif,209848
ucm,test,7,7,0,forest,data/UCMerced_LandUse_processed/test/forest/forest39.tif,209332
ucm,test,7,7,0,forest,data/UCMerced_LandUse_processed/test/forest/forest40.tif,210052
ucm,test,7,7,0,forest,data/UCMerced_LandUse_processed/test/forest/forest41.tif,206368
ucm,test,7,7,0,forest,data/UCMerced_LandUse_processed/test/forest/forest42.tif,209268
ucm,test,7,7,0,forest,data/UCMerced_LandUse_processed/test/forest/forest46.tif,208924
ucm,test,7,7,0,forest,data/UCMerced_LandUse_processed/test/forest/forest47.tif,208948
ucm,test,7,7,0,forest,data/UCMerced_LandUse_processed/test/forest/forest56.tif,209752
ucm,test,7,7,0,forest,data/UCMerced_LandUse_processed/test/forest/forest62.tif,209864
ucm,test,7,7,0,forest,data/UCMerced_LandUse_processed/test/forest/forest65.tif,211520
ucm,test,7,7,0,forest,data/UCMerced_LandUse_processed/test/forest/forest67.tif,209600
ucm,test,7,7,0,forest,data/UCMerced_LandUse_processed/test/forest/forest74.tif,209584
ucm,test,7,7,0,forest,data/UCMerced_LandUse_processed/test/forest/forest75.tif,210352
ucm,test,7,7,0,forest,data/UCMerced_LandUse_processed/test/forest/forest76.tif,210456
ucm,test,7,7,0,forest,data/UCMerced_LandUse_processed/test/forest/forest77.tif,210312
ucm,test,7,7,0,forest,data/UCMerced_LandUse_processed/test/forest/forest78.tif,211088
ucm,test,7,7,0,forest,data/UCMerced_LandUse_processed/test/forest/forest84.tif,210340
ucm,test,7,7,0,forest,data/UCMerced_LandUse_processed/test/forest/forest86.tif,209864
ucm,test,7,7,0,forest,data/UCMerced_LandUse_processed/test/forest/forest90.tif,210216
ucm,test,7,7,0,forest,data/UCMerced_LandUse_processed/test/forest/forest92.tif,209648
ucm,test,7,7,0,forest,data/UCMerced_LandUse_processed/test/forest/forest94.tif,210232
ucm,test,7,7,0,forest,data/UCMerced_LandUse_processed/test/forest/forest97.tif,208420
ucm,test,7,7,0,forest,data/UCMerced_LandUse_processed/test/forest/forest98.tif,209376
ucm,train,8,8,0,freeway,data/UCMerced_LandUse_processed/train/freeway/freeway03.tif,209736
ucm,train,8,8,0,freeway,data/UCMerced_LandUse_processed/train/freeway/freeway04.tif,209520
ucm,train,8,8,0,freeway,data/UCMerced_LandUse_processed/train/freeway/freeway05.tif,209548
ucm,train,8,8,0,freeway,data/UCMerced_LandUse_processed/train/freeway/freeway08.tif,208940
ucm,train,8,8,0,freeway,data/UCMerced_LandUse_processed/train/freeway/freeway09.tif,208920
ucm,train,8,8,0,freeway,data/UCMerced_LandUse_processed/train/freeway/freeway12.tif,208836
ucm,train,8,8,0,freeway,data/UCMerced_LandUse_processed/train/freeway/freeway14.tif,207904
ucm,train,8,8,0,freeway,data/UCMerced_LandUse_processed/train/freeway/freeway16.tif,208376
ucm,train,8,8,0,freeway,data/UCMerced_LandUse_processed/train/freeway/freeway17.tif,207944
ucm,train,8,8,0,freeway,data/UCMerced_LandUse_processed/train/freeway/freeway18.tif,208380
ucm,train,8,8,0,freeway,data/UCMerced_LandUse_processed/train/freeway/freeway19.tif,207680
ucm,train,8,8,0,freeway,data/UCMerced_LandUse_processed/train/freeway/freeway21.tif,208388
ucm,train,8,8,0,freeway,data/UCMerced_LandUse_processed/train/freeway/freeway24.tif,209504
ucm,train,8,8,0,freeway,data/UCMerced_LandUse_processed/train/freeway/freeway26.tif,209148
ucm,train,8,8,0,freeway,data/UCMerced_LandUse_processed/train/freeway/freeway27.tif,208904
ucm,train,8,8,0,freeway,data/UCMerced_LandUse_processed/train/freeway/freeway31.tif,208844
ucm,train,8,8,0,freeway,data/UCMerced_LandUse_processed/train/freeway/freeway32.tif,208260
ucm,train,8,8,0,freeway,data/UCMerced_LandUse_processed/train/freeway/freeway33.tif,209108
ucm,train,8,8,0,freeway,data/UCMerced_LandUse_processed/train/freeway/freeway34.tif,209284
ucm,train,8,8,0,freeway,data/UCMerced_LandUse_processed/train/freeway/freeway35.tif,209460
ucm,train,8,8,0,freeway,data/UCMerced_LandUse_processed/train/freeway/freeway36.tif,208608
ucm,train,8,8,0,freeway,data/UCMerced_LandUse_processed/train/freeway/freeway37.tif,210052
ucm,train,8,8,0,freeway,data/UCMerced_LandUse_processed/train/freeway/freeway39.tif,209344
ucm,train,8,8,0,freeway,data/UCMerced_LandUse_processed/train/freeway/freeway40.tif,208424
ucm,train,8,8,0,freeway,data/UCMerced_LandUse_processed/train/freeway/freeway41.tif,208832
ucm,train,8,8,0,freeway,data/UCMerced_LandUse_processed/train/freeway/freeway43.tif,207892
ucm,train,8,8,0,freeway,data/UCMerced_LandUse_processed/train/freeway/freeway44.tif,208324
ucm,train,8,8,0,freeway,data/UCMerced_LandUse_processed/train/freeway/freeway45.tif,208116
ucm,train,8,8,0,freeway,data/UCMerced_LandUse_processed/train/freeway/freeway46.tif,208308
ucm,train,8,8,0,freeway,data/UCMerced_LandUse_processed/train/freeway/freeway49.tif,208768
ucm,train,8,8,0,freeway,data/UCMerced_LandUse_processed/train/freeway/freeway51.tif,208220
ucm,train,8,8,0,freeway,data/UCMerced_LandUse_processed/train/freeway/freeway52.tif,208184
ucm,train,8,8,0,freeway,data/UCMerced_LandUse_processed/train/freeway/freeway54.tif,208520
ucm,train,8,8,0,freeway,data/UCMerced_LandUse_processed/train/freeway/freeway55.tif,209528
ucm,train,8,8,0,freeway,data/UCMerced_LandUse_processed/train/freeway/freeway58.tif,208936
ucm,train,8,8,0,freeway,data/UCMerced_LandUse_processed/train/freeway/freeway61.tif,209416
ucm,train,8,8,0,freeway,data/UCMerced_LandUse_processed/train/freeway/freeway62.tif,208716
ucm,train,8,8,0,freeway,data/UCMerced_LandUse_processed/train/freeway/freeway64.tif,209864
ucm,train,8,8,0,freeway,data/UCMerced_LandUse_processed/train/freeway/freeway65.tif,209496
ucm,train,8,8,0,freeway,data/UCMerced_LandUse_processed/train/freeway/freeway67.tif,208672
ucm,train,8,8,0,freeway,data/UCMerced_LandUse_processed/train/freeway/freeway68.tif,208516
ucm,train,8,8,0,freeway,data/UCMerced_LandUse_processed/train/freeway/freeway69.tif,208700
ucm,train,8,8,0,freeway,data/UCMerced_LandUse_processed/train/freeway/freeway70.tif,208140
ucm,train,8,8,0,freeway,data/UCMerced_LandUse_processed/train/freeway/freeway71.tif,208124
ucm,train,8,8,0,freeway,data/UCMerced_LandUse_processed/train/freeway/freeway73.tif,208676
ucm,train,8,8,0,freeway,data/UCMerced_LandUse_processed/train/freeway/freeway74.tif,207184
ucm,train,8,8,0,freeway,data/UCMerced_LandUse_processed/train/freeway/freeway75.tif,207244
ucm,train,8,8,0,freeway,data/UCMerced_LandUse_processed/train/freeway/freeway77.tif,207416
ucm,train,8,8,0,freeway,data/UCMerced_LandUse_processed/train/freeway/freeway79.tif,208588
ucm,train,8,8,0,freeway,data/UCMerced_LandUse_processed/train/freeway/freeway80.tif,208620
ucm,train,8,8,0,freeway,data/UCMerced_LandUse_processed/train/freeway/freeway81.tif,208028
ucm,train,8,8,0,freeway,data/UCMerced_LandUse_processed/train/freeway/freeway83.tif,207800
ucm,train,8,8,0,freeway,data/UCMerced_LandUse_processed/train/freeway/freeway84.tif,207364
ucm,train,8,8,0,freeway,data/UCMerced_LandUse_processed/train/freeway/freeway85.tif,208636
ucm,train,8,8,0,freeway,data/UCMerced_LandUse_processed/train/freeway/freeway87.tif,210340
ucm,train,8,8,0,freeway,data/UCMerced_LandUse_processed/train/freeway/freeway89.tif,208664
ucm,train,8,8,0,freeway,data/UCMerced_LandUse_processed/train/freeway/freeway90.tif,208352
ucm,train,8,8,0,freeway,data/UCMerced_LandUse_processed/train/freeway/freeway92.tif,208368
ucm,train,8,8,0,freeway,data/UCMerced_LandUse_processed/train/freeway/freeway96.tif,208416
ucm,train,8,8,0,freeway,data/UCMerced_LandUse_processed/train/freeway/freeway97.tif,209020
ucm,test,8,8,0,freeway,data/UCMerced_LandUse_processed/test/freeway/freeway00.tif,210004
ucm,test,8,8,0,freeway,data/UCMerced_LandUse_processed/test/freeway/freeway01.tif,209384
ucm,test,8,8,0,freeway,data/UCMerced_LandUse_processed/test/freeway/freeway02.tif,209476
ucm,test,8,8,0,freeway,data/UCMerced_LandUse_processed/test/freeway/freeway06.tif,209776
ucm,test,8,8,0,freeway,data/UCMerced_LandUse_processed/test/freeway/freeway07.tif,209768
ucm,test,8,8,0,freeway,data/UCMerced_LandUse_processed/test/freeway/freeway10.tif,209252
ucm,test,8,8,0,freeway,data/UCMerced_LandUse_processed/test/freeway/freeway11.tif,209412
ucm,test,8,8,0,freeway,data/UCMerced_LandUse_processed/test/freeway/freeway13.tif,208076
ucm,test,8,8,0,freeway,data/UCMerced_LandUse_processed/test/freeway/freeway15.tif,209000
ucm,test,8,8,0,freeway,data/UCMerced_LandUse_processed/test/freeway/freeway20.tif,208020
ucm,test,8,8,0,freeway,data/UCMerced_LandUse_processed/test/freeway/freeway22.tif,208324
ucm,test,8,8,0,freeway,data/UCMerced_LandUse_processed/test/freeway/freeway23.tif,208592
ucm,test,8,8,0,freeway,data/UCMerced_LandUse_processed/test/freeway/freeway25.tif,209016
ucm,test,8,8,0,freeway,data/UCMerced_LandUse_processed/test/freeway/freeway28.tif,209044
ucm,test,8,8,0,freeway,data/UCMerced_LandUse_processed/test/freeway/freeway29.tif,208912
ucm,test,8,8,0,freeway,data/UCMerced_LandUse_processed/test/freeway/freeway30.tif,209632
ucm,test,8,8,0,freeway,data/UCMerced_LandUse_processed/test/freeway/freeway38.tif,209364
ucm,test,8,8,0,freeway,data/UCMerced_LandUse_processed/test/freeway/freeway42.tif,208592
ucm,test,8,8,0,freeway,data/UCMerced_LandUse_processed/test/freeway/freeway47.tif,208252
ucm,test,8,8,0,freeway,data/UCMerced_LandUse_processed/test/freeway/freeway48.tif,208480
ucm,test,8,8,0,freeway,data/UCMerced_LandUse_processed/test/freeway/freeway50.tif,209176
ucm,test,8,8,0,freeway,data/UCMerced_LandUse_processed/test/freeway/freeway53.tif,209012
ucm,test,8,8,0,freeway,data/UCMerced_LandUse_processed/test/freeway/freeway56.tif,207988
ucm,test,8,8,0,freeway,data/UCMerced_LandUse_processed/test/freeway/freeway57.tif,207528
ucm,test,8,8,0,freeway,data/UCMerced_LandUse_processed/test/freeway/freeway59.tif,207652
ucm,test,8,8,0,freeway,data/UCMerced_LandUse_processed/test/freeway/freeway60.tif,208420
ucm,test,8,8,0,freeway,data/UCMerced_LandUse_processed/test/freeway/freeway63.tif,209288
ucm,test,8,8,0,freeway,data/UCMerced_LandUse_processed/test/freeway/freeway66.tif,209072
ucm,test,8,8,0,freeway,data/UCMerced_LandUse_processed/test/freeway/freeway72.tif,207968
ucm,test,8,8,0,freeway,data/UCMerced_LandUse_processed/test/freeway/freeway76.tif,210848
ucm,test,8,8,0,freeway,data/UCMerced_LandUse_processed/test/freeway/freeway78.tif,206984
ucm,test,8,8,0,freeway,data/UCMerced_LandUse_processed/test/freeway/freeway82.tif,208712
ucm,test,8,8,0,freeway,data/UCMerced_LandUse_processed/test/freeway/freeway86.tif,209688
ucm,test,8,8,0,freeway,data/UCMerced_LandUse_processed/test/freeway/freeway88.tif,210224
ucm,test,8,8,0,freeway,data/UCMerced_LandUse_processed/test/freeway/freeway91.tif,208824
ucm,test,8,8,0,freeway,data/UCMerced_LandUse_processed/test/freeway/freeway93.tif,209388
ucm,test,8,8,0,freeway,data/UCMerced_LandUse_processed/test/freeway/freeway94.tif,209640
ucm,test,8,8,0,freeway,data/UCMerced_LandUse_processed/test/freeway/freeway95.tif,209224
ucm,test,8,8,0,freeway,data/UCMerced_LandUse_processed/test/freeway/freeway98.tif,210912
ucm,test,8,8,0,freeway,data/UCMerced_LandUse_processed/test/freeway/freeway99.tif,208812
ucm,train,9,9,0,golfcourse,data/UCMerced_LandUse_processed/train/golfcourse/golfcourse00.tif,208428
ucm,train,9,9,0,golfcourse,data/UCMerced_LandUse_processed/train/golfcourse/golfcourse02.tif,209056
ucm,train,9,9,0,golfcourse,data/UCMerced_LandUse_processed/train/golfcourse/golfcourse04.tif,204396
ucm,train,9,9,0,golfcourse,data/UCMerced_LandUse_processed/train/golfcourse/golfcourse06.tif,205252
ucm,train,9,9,0,golfcourse,data/UCMerced_LandUse_processed/train/golfcourse/golfcourse07.tif,203936
ucm,train,9,9,0,golfcourse,data/UCMerced_LandUse_processed/train/golfcourse/golfcourse08.tif,207756
ucm,train,9,9,0,golfcourse,data/UCMerced_LandUse_processed/train/golfcourse/golfcourse10.tif,207964
ucm,train,9,9,0,golfcourse,data/UCMerced_LandUse_processed/train/golfcourse/golfcourse13.tif,207596
ucm,train,9,9,0,golfcourse,data/UCMerced_LandUse_processed/train/golfcourse/golfcourse15.tif,208252
ucm,train,9,9,0,golfcourse,data/UCMerced_LandUse_processed/train/golfcourse/golfcourse16.tif,207364
ucm,train,9,9,0,golfcourse,data/UCMerced_LandUse_processed/train/golfcourse/golfcourse17.tif,206748
ucm,train,9,9,0,golfcourse,data/UCMerced_LandUse_processed/train/golfcourse/golfcourse21.tif,208700
ucm,train,9,9,0,golfcourse,data/UCMerced_LandUse_processed/train/golfcourse/golfcourse22.tif,208624
ucm,train,9,9,0,golfcourse,data/UCMerced_LandUse_processed/train/golfcourse/golfcourse24.tif,208812
ucm,train,9,9,0,golfcourse,data/UCMerced_LandUse_processed/train/golfcourse/golfcourse30.tif,207492
ucm,train,9,9,0,golfcourse,data/UCMerced_LandUse_processed/train/golfcourse/golfcourse31.tif,207100
ucm,train,9,9,0,golfcourse,data/UCMerced_LandUse_processed/train/golfcourse/golfcourse33.tif,207692
ucm,train,9,9,0,golfcourse,data/UCMerced_LandUse_processed/train/golfcourse/golfcourse34.tif,208284
ucm,train,9,9,0,golfcourse,data/UCMerced_LandUse_processed/train/golfcourse/golfcourse35.tif,207764
ucm,train,9,9,0,golfcourse,data/UCMerced_LandUse_processed/train/golfcourse/golfcourse39.tif,207392
ucm,train,9,9,0,golfcourse,data/UCMerced_LandUse_processed/train/golfcourse/golfcourse40.tif,207244
ucm,train,9,9,0,golfcourse,data/UCMerced_LandUse_processed/train/golfcourse/golfcourse41.tif,207752
ucm,train,9,9,0,golfcourse,data/UCMerced_LandUse_processed/train/golfcourse/golfcourse43.tif,207116
ucm,train,9,9,0,golfcourse,data/UCMerced_LandUse_processed/train/golfcourse/golfcourse45.tif,206580
ucm,train,9,9,0,golfcourse,data/UCMerced_LandUse_processed/train/golfcourse/golfcourse46.tif,207076
ucm,train,9,9,0,golfcourse,data/UCMerced_LandUse_processed/train/golfcourse/golfcourse47.tif,206496
ucm,train,9,9,0,golfcourse,data/UCMerced_LandUse_processed/train/golfcourse/golfcourse48.tif,206716
ucm,train,9,9,0,golfcourse,data/UCMerced_LandUse_processed/train/golfcourse/golfcourse50.tif,207444
ucm,train,9,9,0,golfcourse,data/UCMerced_LandUse_processed/train/golfcourse/golfcourse52.tif,208108
ucm,train,9,9,0,golfcourse,data/UCMerced_LandUse_processed/train/golfcourse/golfcourse53.tif,206292
ucm,train,9,9,0,golfcourse,data/UCMerced_LandUse_processed/train/golfcourse/golfcourse54.tif,206464
ucm,train,9,9,0,golfcourse,data/UCMerced_LandUse_processed/train/golfcourse/golfcourse55.tif,206620
ucm,train,9,9,0,golfcourse,data/UCMerced_LandUse_processed/train/golfcourse/golfcourse56.tif,206796
ucm,train,9,9,0,golfcourse,data/UCMerced_LandUse_processed/train/golfcourse/golfcourse57.tif,206684
ucm,train,9,9,0,golfcourse,data/UCMerced_LandUse_processed/train/golfcourse/golfcourse58.tif,206612
ucm,train,9,9,0,golfcourse,data/UCMerced_LandUse_processed/train/golfcourse/golfcourse59.tif,206652
ucm,train,9,9,0,golfcourse,data/UCMerced_LandUse_processed/train/golfcourse/golfcourse61.tif,206120
ucm,train,9,9,0,golfcourse,data/UCMerced_LandUse_processed/train/golfcourse/golfcourse62.tif,206828
ucm,train,9,9,0,golfcourse,data/UCMerced_LandUse_processed/train/golfcourse/golfcourse63.tif,206708
ucm,train,9,9,0,golfcourse,data/UCMerced_LandUse_processed/train/golfcourse/golfcourse64.tif,205968
ucm,train,9,9,0,golfcourse,data/UCMerced_LandUse_processed/train/golfcourse/golfcourse65.tif,207148
ucm,train,9,9,0,golfcourse,data/UCMerced_LandUse_processed/train/golfcourse/golfcourse68.tif,207064
ucm,train,9,9,0,golfcourse,data/UCMerced_LandUse_processed/train/golfcourse/golfcourse72.tif,206800
ucm,train,9,9,0,golfcourse,data/UCMerced_LandUse_processed/train/golfcourse/golfcourse73.tif,206784
ucm,train,9,9,0,golfcourse,data/UCMerced_LandUse_processed/train/golfcourse/golfcourse74.tif,207876
ucm,train,9,9,0,golfcourse,data/UCMerced_LandUse_processed/train/golfcourse/golfcourse78.tif,207556
ucm,train,9,9,0,golfcourse,data/UCMerced_LandUse_processed/train/golfcourse/golfcourse79.tif,208292
ucm,train,9,9,0,golfcourse,data/UCMerced_LandUse_processed/train/golfcourse/golfcourse80.tif,208032
ucm,train,9,9,0,golfcourse,data/UCMerced_LandUse_processed/train/golfcourse/golfcourse83.tif,208324
ucm,train,9,9,0,golfcourse,data/UCMerced_LandUse_processed/train/golfcourse/golfcourse84.tif,207984
ucm,train,9,9,0,golfcourse,data/UCMerced_LandUse_processed/train/golfcourse/golfcourse86.tif,208792
ucm,train,9,9,0,golfcourse,data/UCMerced_LandUse_processed/train/golfcourse/golfcourse87.tif,206292
ucm,train,9,9,0,golfcourse,data/UCMerced_LandUse_processed/train/golfcourse/golfcourse89.tif,206308
ucm,train,9,9,0,golfcourse,data/UCMerced_LandUse_processed/train/golfcourse/golfcourse90.tif,206896
ucm,train,9,9,0,golfcourse,data/UCMerced_LandUse_processed/train/golfcourse/golfcourse92.tif,207008
ucm,train,9,9,0,golfcourse,data/UCMerced_LandUse_processed/train/golfcourse/golfcourse93.tif,206604
ucm,train,9,9,0,golfcourse,data/UCMerced_LandUse_processed/train/golfcourse/golfcourse94.tif,206572
ucm,train,9,9,0,golfcourse,data/UCMerced_LandUse_processed/train/golfcourse/golfcourse95.tif,207016
ucm,train,9,9,0,golfcourse,data/UCMerced_LandUse_processed/train/golfcourse/golfcourse96.tif,206212
ucm,train,9,9,0,golfcourse,data/UCMerced_LandUse_processed/train/golfcourse/golfcourse97.tif,206172
ucm,test,9,9,0,golfcourse,data/UCMerced_LandUse_processed/test/golfcourse/golfcourse01.tif,208188
ucm,test,9,9,0,golfcourse,data/UCMerced_LandUse_processed/test/golfcourse/golfcourse03.tif,209236
ucm,test,9,9,0,golfcourse,data/UCMerced_LandUse_processed/test/golfcourse/golfcourse05.tif,205480
ucm,test,9,9,0,golfcourse,data/UCMerced_LandUse_processed/test/golfcourse/golfcourse09.tif,207240
ucm,test,9,9,0,golfcourse,data/UCMerced_LandUse_processed/test/golfcourse/golfcourse11.tif,207448
ucm,test,9,9,0,golfcourse,data/UCMerced_LandUse_processed/test/golfcourse/golfcourse12.tif,208848
ucm,test,9,9,0,golfcourse,data/UCMerced_LandUse_processed/test/golfcourse/golfcourse14.tif,207208
ucm,test,9,9,0,golfcourse,data/UCMerced_LandUse_processed/test/golfcourse/golfcourse18.tif,207612
ucm,test,9,9,0,golfcourse,data/UCMerced_LandUse_processed/test/golfcourse/golfcourse19.tif,208664
ucm,test,9,9,0,golfcourse,data/UCMerced_LandUse_processed/test/golfcourse/golfcourse20.tif,209456
ucm,test,9,9,0,golfcourse,data/UCMerced_LandUse_processed/test/golfcourse/golfcourse23.tif,209652
ucm,test,9,9,0,golfcourse,data/UCMerced_LandUse_processed/test/golfcourse/golfcourse25.tif,209016
ucm,test,9,9,0,golfcourse,data/UCMerced_LandUse_processed/test/golfcourse/golfcourse26.tif,208640
ucm,test,9,9,0,golfcourse,data/UCMerced_LandUse_processed/test/golfcourse/golfcourse27.tif,207668
ucm,test,9,9,0,golfcourse,data/UCMerced_LandUse_processed/test/golfcourse/golfcourse28.tif,207400
ucm,test,9,9,0,golfcourse,data/UCMerced_LandUse_processed/test/golfcourse/golfcourse29.tif,208004
ucm,test,9,9,0,golfcourse,data/UCMerced_LandUse_processed/test/golfcourse/golfcourse32.tif,208172
ucm,test,9,9,0,golfcourse,data/UCMerced_LandUse_processed/test/golfcourse/golfcourse36.tif,207308
ucm,test,9,9,0,golfcourse,data/UCMerced_LandUse_processed/test/golfcourse/golfcourse37.tif,208180
ucm,test,9,9,0,golfcourse,data/UCMerced_LandUse_processed/test/golfcourse/golfcourse38.tif,207628
ucm,test,9,9,0,golfcourse,data/UCMerced_LandUse_processed/test/golfcourse/golfcourse42.tif,208156
ucm,test,9,9,0,golfcourse,data/UCMerced_LandUse_processed/test/golfcourse/golfcourse44.tif,206568
ucm,test,9,9,0,golfcourse,data/UCMerced_LandUse_processed/test/golfcourse/golfcourse49.tif,206988
ucm,test,9,9,0,golfcourse,data/UCMerced_LandUse_processed/test/golfcourse/golfcourse51.tif,206640
ucm,test,9,9,0,golfcourse,data/UCMerced_LandUse_processed/test/golfcourse/golfcourse60.tif,206348
ucm,test,9,9,0,golfcourse,data/UCMerced_LandUse_processed/test/golfcourse/golfcourse66.tif,206344
ucm,test,9,9,0,golfcourse,data/UCMerced_LandUse_processed/test/golfcourse/golfcourse67.tif,206360
ucm,test,9,9,0,golfcourse,data/UCMerced_LandUse_processed/test/golfcourse/golfcourse69.tif,206404
ucm,test,9,9,0,golfcourse,data/UCMerced_LandUse_processed/test/golfcourse/golfcourse70.tif,207068
ucm,test,9,9,0,golfcourse,data/UCMerced_LandUse_processed/test/golfcourse/golfcourse71.tif,206816
ucm,test,9,9,0,golfcourse,data/UCMerced_LandUse_processed/test/golfcourse/golfcourse75.tif,207196
ucm,test,9,9,0,golfcourse,data/UCMerced_LandUse_processed/test/golfcourse/golfcourse76.tif,207776
ucm,test,9,9,0,golfcourse,data/UCMerced_LandUse_processed/test/golfcourse/golfcourse77.tif,207536
ucm,test,9,9,0,golfcourse,data/UCMerced_LandUse_processed/test/golfcourse/golfcourse81.tif,208016
ucm,test,9,9,0,golfcourse,data/UCMerced_LandUse_processed/test/golfcourse/golfcourse82.tif,208684
ucm,test,9,9,0,golfcourse,data/UCMerced_LandUse_processed/test/golfcourse/golfcourse85.tif,208628
ucm,test,9,9,0,golfcourse,data/UCMerced_LandUse_processed/test/golfcourse/golfcourse88.tif,206544
ucm,test,9,9,0,golfcourse,data/UCMerced_LandUse_processed/test/golfcourse/golfcourse91.tif,206340
ucm,test,9,9,0,golfcourse,data/UCMerced_LandUse_processed/test/golfcourse/golfcourse98.tif,205964
ucm,test,9,9,0,golfcourse,data/UCMerced_LandUse_processed/test/golfcourse/golfcourse99.tif,206096
ucm,train,10,10,0,harbor,data/UCMerced_LandUse_processed/train/harbor/harbor00.tif,210208
ucm,train,10,10,0,harbor,data/UCMerced_LandUse_processed/train/harbor/harbor01.tif,210044
ucm,train,10,10,0,harbor,data/UCMerced_LandUse_processed/train/harbor/harbor02.tif,209888
ucm,train,10,10,0,harbor,data/UCMerced_LandUse_processed/train/harbor/harbor03.tif,209892
ucm,train,10,10,0,harbor,data/UCMerced_LandUse_processed/train/harbor/harbor06.tif,210236
ucm,train,10,10,0,harbor,data/UCMerced_LandUse_processed/train/harbor/harbor07.tif,210984
ucm,train,10,10,0,harbor,data/UCMerced_LandUse_processed/train/harbor/harbor08.tif,211368
ucm,train,10,10,0,harbor,data/UCMerced_LandUse_processed/train/harbor/harbor09.tif,210220
ucm,train,10,10,0,harbor,data/UCMerced_LandUse_processed/train/harbor/harbor11.tif,210212
ucm,train,10,10,0,harbor,data/UCMerced_LandUse_processed/train/harbor/harbor12.tif,211148
ucm,train,10,10,0,harbor,data/UCMerced_LandUse_processed/train/harbor/harbor13.tif,211292
ucm,train,10,10,0,harbor,data/UCMerced_LandUse_processed/train/harbor/harbor14.tif,211072
ucm,train,10,10,0,harbor,data/UCMerced_LandUse_processed/train/harbor/harbor15.tif,210700
ucm,train,10,10,0,harbor,data/UCMerced_LandUse_processed/train/harbor/harbor16.tif,210676
ucm,train,10,10,0,harbor,data/UCMerced_LandUse_processed/train/harbor/harbor17.tif,210912
ucm,train,10,10,0,harbor,data/UCMerced_LandUse_processed/train/harbor/harbor19.tif,209928
ucm,train,10,10,0,harbor,data/UCMerced_LandUse_processed/train/harbor/harbor20.tif,210412
ucm,train,10,10,0,harbor,data/UCMerced_LandUse_processed/train/harbor/harbor21.tif,210384
ucm,train,10,10,0,harbor,data/UCMerced_LandUse_processed/train/harbor/harbor23.tif,208968
ucm,train,10,10,0,harbor,data/UCMerced_LandUse_processed/train/harbor/harbor24.tif,210396
ucm,train,10,10,0,harbor,data/UCMerced_LandUse_processed/train/harbor/harbor32.tif,209216
ucm,train,10,10,0,harbor,data/UCMerced_LandUse_processed/train/harbor/harbor34.tif,209856
ucm,train,10,10,0,harbor,data/UCMerced_LandUse_processed/train/harbor/harbor35.tif,210688
ucm,train,10,10,0,harbor,data/UCMerced_LandUse_processed/train/harbor/harbor39.tif,208800
ucm,train,10,10,0,harbor,data/UCMerced_LandUse_processed/train/harbor/harbor41.tif,210116
ucm,train,10,10,0,harbor,data/UCMerced_LandUse_processed/train/harbor/harbor42.tif,209308
ucm,train,10,10,0,harbor,data/UCMerced_LandUse_processed/train/harbor/harbor43.tif,209064
ucm,train,10,10,0,harbor,data/UCMerced_LandUse_processed/train/harbor/harbor45.tif,211396
ucm,train,10,10,0,harbor,data/UCMerced_LandUse_processed/train/harbor/harbor46.tif,211604
ucm,train,10,10,0,harbor,data/UCMerced_LandUse_processed/train/harbor/harbor51.tif,211736
ucm,train,10,10,0,harbor,data/UCMerced_LandUse_processed/train/harbor/harbor53.tif,210412
ucm,train,10,10,0,harbor,data/UCMerced_LandUse_processed/train/harbor/harbor54.tif,210044
ucm,train,10,10,0,harbor,data/UCMerced_LandUse_processed/train/harbor/harbor55.tif,210620
ucm,train,10,10,0,harbor,data/UCMerced_LandUse_processed/train/harbor/harbor56.tif,211200
ucm,train,10,10,0,harbor,data/UCMerced_LandUse_processed/train/harbor/harbor58.tif,210256
ucm,train,10,10,0,harbor,data/UCMerced_LandUse_processed/train/harbor/harbor59.tif,211564
ucm,train,10,10,0,harbor,data/UCMerced_LandUse_processed/train/harbor/harbor60.tif,211508
ucm,train,10,10,0,harbor,data/UCMerced_LandUse_processed/train/harbor/harbor62.tif,209652
ucm,train,10,10,0,harbor,data/UCMerced_LandUse_processed/train/harbor/harbor63.tif,210860
ucm,train,10,10,0,harbor,data/UCMerced_LandUse_processed/train/harbor/harbor65.tif,211016
ucm,train,10,10,0,harbor,data/UCMerced_LandUse_processed/train/harbor/harbor67.tif,210676
ucm,train,10,10,0,harbor,data/UCMerced_LandUse_processed/train/harbor/harbor70.tif,209388
ucm,train,10,10,0,harbor,data/UCMerced_LandUse_processed/train/harbor/harbor72.tif,208784
ucm,train,10,10,0,harbor,data/UCMerced_LandUse_processed/train/harbor/harbor73.tif,208960
ucm,train,10,10,0,harbor,data/UCMerced_LandUse_processed/train/harbor/harbor74.tif,209388
ucm,train,10,10,0,harbor,data/UCMerced_LandUse_processed/train/harbor/harbor75.tif,210068
ucm,train,10,10,0,harbor,data/UCMerced_LandUse_processed/train/harbor/harbor76.tif,209896
ucm,train,10,10,0,harbor,data/UCMerced_LandUse_processed/train/harbor/harbor78.tif,210008
ucm,train,10,10,0,harbor,data/UCMerced_LandUse_processed/train/harbor/harbor79.tif,209648
ucm,train,10,10,0,harbor,data/UCMerced_LandUse_processed/train/harbor/harbor81.tif,209804
ucm,train,10,10,0,harbor,data/UCMerced_LandUse_processed/train/harbor/harbor83.tif,211684
ucm,train,10,10,0,harbor,data/UCMerced_LandUse_processed/train/harbor/harbor84.tif,211108
ucm,train,10,10,0,harbor,data/UCMerced_LandUse_processed/train/harbor/harbor85.tif,211104
ucm,train,10,10,0,harbor,data/UCMerced_LandUse_processed/train/harbor/harbor86.tif,211364
ucm,train,10,10,0,harbor,data/UCMerced_LandUse_processed/train/harbor/harbor91.tif,210168
ucm,train,10,10,0,harbor,data/UCMerced_LandUse_processed/train/harbor/harbor92.tif,211372
ucm,train,10,10,0,harbor,data/UCMerced_LandUse_processed/train/harbor/harbor93.tif,211280
ucm,train,10,10,0,harbor,data/UCMerced_LandUse_processed/train/harbor/harbor95.tif,209960
ucm,train,10,10,0,harbor,data/UCMerced_LandUse_processed/train/harbor/harbor96.tif,209036
ucm,train,10,10,0,harbor,data/UCMerced_LandUse_processed/train/harbor/harbor97.tif,207324
ucm,test,10,10,0,harbor,data/UCMerced_LandUse_processed/test/harbor/harbor04.tif,210804
ucm,test,10,10,0,harbor,data/UCMerced_LandUse_processed/test/harbor/harbor05.tif,210348
ucm,test,10,10,0,harbor,data/UCMerced_LandUse_processed/test/harbor/harbor10.tif,210636
ucm,test,10,10,0,harbor,data/UCMerced_LandUse_processed/test/harbor/harbor18.tif,210568
ucm,test,10,10,0,harbor,data/UCMerced_LandUse_processed/test/harbor/harbor22.tif,209660
ucm,test,10,10,0,harbor,data/UCMerced_LandUse_processed/test/harbor/harbor25.tif,209588
ucm,test,10,10,0,harbor,data/UCMerced_LandUse_processed/test/harbor/harbor26.tif,209704
ucm,test,10,10,0,harbor,data/UCMerced_LandUse_processed/test/harbor/harbor27.tif,211080
ucm,test,10,10,0,harbor,data/UCMerced_LandUse_processed/test/harbor/harbor28.tif,210772
ucm,test,10,10,0,harbor,data/UCMerced_LandUse_processed/test/harbor/harbor29.tif,211840
ucm,test,10,10,0,harbor,data/UCMerced_LandUse_processed/test/harbor/harbor30.tif,210544
ucm,test,10,10,0,harbor,data/UCMerced_LandUse_processed/test/harbor/harbor31.tif,211112
ucm,test,10,10,0,harbor,data/UCMerced_LandUse_processed/test/harbor/harbor33.tif,209320
ucm,test,10,10,0,harbor,data/UCMerced_LandUse_processed/test/harbor/harbor36.tif,210496
ucm,test,10,10,0,harbor,data/UCMerced_LandUse_processed/test/harbor/harbor37.tif,210400
ucm,test,10,10,0,harbor,data/UCMerced_LandUse_processed/test/harbor/harbor38.tif,208884
ucm,test,10,10,0,harbor,data/UCMerced_LandUse_processed/test/harbor/harbor40.tif,209016
ucm,test,10,10,0,harbor,data/UCMerced_LandUse_processed/test/harbor/harbor44.tif,211588
ucm,test,10,10,0,harbor,data/UCMerced_LandUse_processed/test/harbor/harbor47.tif,211312
ucm,test,10,10,0,harbor,data/UCMerced_LandUse_processed/test/harbor/harbor48.tif,211196
ucm,test,10,10,0,harbor,data/UCMerced_LandUse_processed/test/harbor/harbor49.tif,210792
ucm,test,10,10,0,harbor,data/UCMerced_LandUse_processed/test/harbor/harbor50.tif,210636
ucm,test,10,10,0,harbor,data/UCMerced_LandUse_processed/test/harbor/harbor52.tif,210972
ucm,test,10,10,0,harbor,data/UCMerced_LandUse_processed/test/harbor/harbor57.tif,211124
ucm,test,10,10,0,harbor,data/UCMerced_LandUse_processed/test/harbor/harbor61.tif,211276
ucm,test,10,10,0,harbor,data/UCMerced_LandUse_processed/test/harbor/harbor64.tif,210740
ucm,test,10,10,0,harbor,data/UCMerced_LandUse_processed/test/harbor/harbor66.tif,210948
ucm,test,10,10,0,harbor,data/UCMerced_LandUse_processed/test/harbor/harbor68.tif,210136
ucm,test,10,10,0,harbor,data/UCMerced_LandUse_processed/test/harbor/harbor69.tif,209908
ucm,test,10,10,0,harbor,data/UCMerced_LandUse_processed/test/harbor/harbor71.tif,209200
ucm,test,10,10,0,harbor,data/UCMerced_LandUse_processed/test/harbor/harbor77.tif,209756
ucm,test,10,10,0,harbor,data/UCMerced_LandUse_processed/test/harbor/harbor80.tif,209172
ucm,test,10,10,0,harbor,data/UCMerced_LandUse_processed/test/harbor/harbor82.tif,212028
ucm,test,10,10,0,harbor,data/UCMerced_LandUse_processed/test/harbor/harbor87.tif,211792
ucm,test,10,10,0,harbor,data/UCMerced_LandUse_processed/test/harbor/harbor88.tif,210708
ucm,test,10,10,0,harbor,data/UCMerced_LandUse_processed/test/harbor/harbor89.tif,210248
ucm,test,10,10,0,harbor,data/UCMerced_LandUse_processed/test/harbor/harbor90.tif,210880
ucm,test,10,10,0,harbor,data/UCMerced_LandUse_processed/test/harbor/harbor94.tif,210748
ucm,test,10,10,0,harbor,data/UCMerced_LandUse_processed/test/harbor/harbor98.tif,210600
ucm,test,10,10,0,harbor,data/UCMerced_LandUse_processed/test/harbor/harbor99.tif,210248
ucm,train,11,11,0,intersection,data/UCMerced_LandUse_processed/train/intersection/intersection00.tif,209064
ucm,train,11,11,0,intersection,data/UCMerced_LandUse_processed/train/intersection/intersection01.tif,209968
ucm,train,11,11,0,intersection,data/UCMerced_LandUse_processed/train/intersection/intersection02.tif,210416
ucm,train,11,11,0,intersection,data/UCMerced_LandUse_processed/train/intersection/intersection03.tif,210116
ucm,train,11,11,0,intersection,data/UCMerced_LandUse_processed/train/intersection/intersection05.tif,209516
ucm,train,11,11,0,intersection,data/UCMerced_LandUse_processed/train/intersection/intersection08.tif,209380
ucm,train,11,11,0,intersection,data/UCMerced_LandUse_processed/train/intersection/intersection10.tif,209812
ucm,train,11,11,0,intersection,data/UCMerced_LandUse_processed/train/intersection/intersection12.tif,209940
ucm,train,11,11,0,intersection,data/UCMerced_LandUse_processed/train/intersection/intersection13.tif,209296
ucm,train,11,11,0,intersection,data/UCMerced_LandUse_processed/train/intersection/intersection14.tif,209160
ucm,train,11,11,0,intersection,data/UCMerced_LandUse_processed/train/intersection/intersection16.tif,207960
ucm,train,11,11,0,intersection,data/UCMerced_LandUse_processed/train/intersection/intersection17.tif,209256
ucm,train,11,11,0,intersection,data/UCMerced_LandUse_processed/train/intersection/intersection18.tif,209252
ucm,train,11,11,0,intersection,data/UCMerced_LandUse_processed/train/intersection/intersection19.tif,209816
ucm,train,11,11,0,intersection,data/UCMerced_LandUse_processed/train/intersection/intersection21.tif,208844
ucm,train,11,11,0,intersection,data/UCMerced_LandUse_processed/train/intersection/intersection23.tif,209232
ucm,train,11,11,0,intersection,data/UCMerced_LandUse_processed/train/intersection/intersection27.tif,209472
ucm,train,11,11,0,intersection,data/UCMerced_LandUse_processed/train/intersection/intersection29.tif,209756
ucm,train,11,11,0,intersection,data/UCMerced_LandUse_processed/train/intersection/intersection30.tif,210164
ucm,train,11,11,0,intersection,data/UCMerced_LandUse_processed/train/intersection/intersection32.tif,210048
ucm,train,11,11,0,intersection,data/UCMerced_LandUse_processed/train/intersection/intersection33.tif,209772
ucm,train,11,11,0,intersection,data/UCMerced_LandUse_processed/train/intersection/intersection34.tif,209888
ucm,train,11,11,0,intersection,data/UCMerced_LandUse_processed/train/intersection/intersection35.tif,209592
ucm,train,11,11,0,intersection,data/UCMerced_LandUse_processed/train/intersection/intersection36.tif,209984
ucm,train,11,11,0,intersection,data/UCMerced_LandUse_processed/train/intersection/intersection38.tif,210204
ucm,train,11,11,0,intersection,data/UCMerced_LandUse_processed/train/intersection/intersection42.tif,210564
ucm,train,11,11,0,intersection,data/UCMerced_LandUse_processed/train/intersection/intersection43.tif,210084
ucm,train,11,11,0,intersection,data/UCMerced_LandUse_processed/train/intersection/intersection45.tif,208892
ucm,train,11,11,0,intersection,data/UCMerced_LandUse_processed/train/intersection/intersection47.tif,208500
ucm,train,11,11,0,intersection,data/UCMerced_LandUse_processed/train/intersection/intersection48.tif,207536
ucm,train,11,11,0,intersection,data/UCMerced_LandUse_processed/train/intersection/intersection49.tif,209256
ucm,train,11,11,0,intersection,data/UCMerced_LandUse_processed/train/intersection/intersection53.tif,208192
ucm,train,11,11,0,intersection,data/UCMerced_LandUse_processed/train/intersection/intersection54.tif,209068
ucm,train,11,11,0,intersection,data/UCMerced_LandUse_processed/train/intersection/intersection55.tif,208528
ucm,train,11,11,0,intersection,data/UCMerced_LandUse_processed/train/intersection/intersection56.tif,209260
ucm,train,11,11,0,intersection,data/UCMerced_LandUse_processed/train/intersection/intersection58.tif,208468
ucm,train,11,11,0,intersection,data/UCMerced_LandUse_processed/train/intersection/intersection59.tif,210980
ucm,train,11,11,0,intersection,data/UCMerced_LandUse_processed/train/intersection/intersection60.tif,207888
ucm,train,11,11,0,intersection,data/UCMerced_LandUse_processed/train/intersection/intersection61.tif,207748
ucm,train,11,11,0,intersection,data/UCMerced_LandUse_processed/train/intersection/intersection62.tif,209748
ucm,train,11,11,0,intersection,data/UCMerced_LandUse_processed/train/intersection/intersection66.tif,209956
ucm,train,11,11,0,intersection,data/UCMerced_LandUse_processed/train/intersection/intersection67.tif,209824
ucm,train,11,11,0,intersection,data/UCMerced_LandUse_processed/train/intersection/intersection69.tif,210348
ucm,train,11,11,0,intersection,data/UCMerced_LandUse_processed/train/intersection/intersection70.tif,208672
ucm,train,11,11,0,intersection,data/UCMerced_LandUse_processed/train/intersection/intersection71.tif,209232
ucm,train,11,11,0,intersection,data/UCMerced_LandUse_processed/train/intersection/intersection72.tif,209192
ucm,train,11,11,0,intersection,data/UCMerced_LandUse_processed/train/intersection/intersection73.tif,208900
ucm,train,11,11,0,intersection,data/UCMerced_LandUse_processed/train/intersection/intersection74.tif,208768
ucm,train,11,11,0,intersection,data/UCMerced_LandUse_processed/train/intersection/intersection76.tif,207400
ucm,train,11,11,0,intersection,data/UCMerced_LandUse_processed/train/intersection/intersection81.tif,211624
ucm,train,11,11,0,intersection,data/UCMerced_LandUse_processed/train/intersection/intersection85.tif,208784
ucm,train,11,11,0,intersection,data/UCMerced_LandUse_processed/train/intersection/intersection88.tif,208508
ucm,train,11,11,0,intersection,data/UCMerced_LandUse_processed/train/intersection/intersection90.tif,208260
ucm,train,11,11,0,intersection,data/UCMerced_LandUse_processed/train/intersection/intersection91.tif,209528
ucm,train,11,11,0,intersection,data/UCMerced_LandUse_processed/train/intersection/intersection92.tif,209176
ucm,train,11,11,0,intersection,data/UCMerced_LandUse_processed/train/intersection/intersection93.tif,208188
ucm,train,11,11,0,intersection,data/UCMerced_LandUse_processed/train/intersection/intersection95.tif,209600
ucm,train,11,11,0,intersection,data/UCMerced_LandUse_processed/train/intersection/intersection96.tif,209572
ucm,train,11,11,0,intersection,data/UCMerced_LandUse_processed/train/intersection/intersection97.tif,209180
ucm,train,11,11,0,intersection,data/UCMerced_LandUse_processed/train/intersection/intersection98.tif,209524
ucm,test,11,11,0,intersection,data/UCMerced_LandUse_processed/test/intersection/intersection04.tif,209628
ucm,test,11,11,0,intersection,data/UCMerced_LandUse_processed/test/intersection/intersection06.tif,209428
ucm,test,11,11,0,intersection,data/UCMerced_LandUse_processed/test/intersection/intersection07.tif,208692
ucm,test,11,11,0,intersection,data/UCMerced_LandUse_processed/test/intersection/intersection09.tif,209460
ucm,test,11,11,0,intersection,data/UCMerced_LandUse_processed/test/intersection/intersection11.tif,209392
ucm,test,11,11,0,intersection,data/UCMerced_LandUse_processed/test/intersection/intersection15.tif,209328
ucm,test,11,11,0,intersection,data/UCMerced_LandUse_processed/test/intersection/intersection20.tif,209588
ucm,test,11,11,0,intersection,data/UCMerced_LandUse_processed/test/intersection/intersection22.tif,207784
ucm,test,11,11,0,intersection,data/UCMerced_LandUse_processed/test/intersection/intersection24.tif,210080
ucm,test,11,11,0,intersection,data/UCMerced_LandUse_processed/test/intersection/intersection25.tif,209760
ucm,test,11,11,0,intersection,data/UCMerced_LandUse_processed/test/intersection/intersection26.tif,208364
ucm,test,11,11,0,intersection,data/UCMerced_LandUse_processed/test/intersection/intersection28.tif,209616
ucm,test,11,11,0,intersection,data/UCMerced_LandUse_processed/test/intersection/intersection31.tif,208896
ucm,test,11,11,0,intersection,data/UCMerced_LandUse_processed/test/intersection/intersection37.tif,209616
ucm,test,11,11,0,intersection,data/UCMerced_LandUse_processed/test/intersection/intersection39.tif,210136
ucm,test,11,11,0,intersection,data/UCMerced_LandUse_processed/test/intersection/intersection40.tif,209240
ucm,test,11,11,0,intersection,data/UCMerced_LandUse_processed/test/intersection/intersection41.tif,210680
ucm,test,11,11,0,intersection,data/UCMerced_LandUse_processed/test/intersection/intersection44.tif,208604
ucm,test,11,11,0,intersection,data/UCMerced_LandUse_processed/test/intersection/intersection46.tif,210104
ucm,test,11,11,0,intersection,data/UCMerced_LandUse_processed/test/intersection/intersection50.tif,208280
ucm,test,11,11,0,intersection,data/UCMerced_LandUse_processed/test/intersection/intersection51.tif,207968
ucm,test,11,11,0,intersection,data/UCMerced_LandUse_processed/test/intersection/intersection52.tif,208140
ucm,test,11,11,0,intersection,data/UCMerced_LandUse_processed/test/intersection/intersection57.tif,210416
ucm,test,11,11,0,intersection,data/UCMerced_LandUse_processed/test/intersection/intersection63.tif,209596
ucm,test,11,11,0,intersection,data/UCMerced_LandUse_processed/test/intersection/intersection64.tif,208564
ucm,test,11,11,0,intersection,data/UCMerced_LandUse_processed/test/intersection/intersection65.tif,209552
ucm,test,11,11,0,intersection,data/UCMerced_LandUse_processed/test/intersection/intersection68.tif,209408
ucm,test,11,11,0,intersection,data/UCMerced_LandUse_processed/test/intersection/intersection75.tif,208080
ucm,test,11,11,0,intersection,data/UCMerced_LandUse_processed/test/intersection/intersection77.tif,207996
ucm,test,11,11,0,intersection,data/UCMerced_LandUse_processed/test/intersection/intersection78.tif,208816
ucm,test,11,11,0,intersection,data/UCMerced_LandUse_processed/test/intersection/intersection79.tif,211704
ucm,test,11,11,0,intersection,data/UCMerced_LandUse_processed/test/intersection/intersection80.tif,211440
ucm,test,11,11,0,intersection,data/UCMerced_LandUse_processed/test/intersection/intersection82.tif,212648
ucm,test,11,11,0,intersection,data/UCMerced_LandUse_processed/test/intersection/intersection83.tif,210880
ucm,test,11,11,0,intersection,data/UCMerced_LandUse_processed/test/intersection/intersection84.tif,207332
ucm,test,11,11,0,intersection,data/UCMerced_LandUse_processed/test/intersection/intersection86.tif,207964
ucm,test,11,11,0,intersection,data/UCMerced_LandUse_processed/test/intersection/intersection87.tif,207860
ucm,test,11,11,0,intersection,data/UCMerced_LandUse_processed/test/intersection/intersection89.tif,208320
ucm,test,11,11,0,intersection,data/UCMerced_LandUse_processed/test/intersection/intersection94.tif,208820
ucm,test,11,11,0,intersection,data/UCMerced_LandUse_processed/test/intersection/intersection99.tif,203372
ucm,train,12,12,1,mediumresidential,data/UCMerced_LandUse_processed/train/mediumresidential/mediumresidential29.tif,210780
ucm,train,12,12,1,mediumresidential,data/UCMerced_LandUse_processed/train/mediumresidential/mediumresidential35.tif,210652
ucm,train,12,12,1,mediumresidential,data/UCMerced_LandUse_processed/train/mediumresidential/mediumresidential42.tif,209912
ucm,train,12,12,1,mediumresidential,data/UCMerced_LandUse_processed/train/mediumresidential/mediumresidential63.tif,210868
ucm,train,12,12,1,mediumresidential,data/UCMerced_LandUse_processed/train/mediumresidential/mediumresidential72.tif,212148
ucm,test,12,12,1,mediumresidential,data/UCMerced_LandUse_processed/test/mediumresidential/mediumresidential00.tif,210404
ucm,test,12,12,1,mediumresidential,data/UCMerced_LandUse_processed/test/mediumresidential/mediumresidential01.tif,209320
ucm,test,12,12,1,mediumresidential,data/UCMerced_LandUse_processed/test/mediumresidential/mediumresidential02.tif,209724
ucm,test,12,12,1,mediumresidential,data/UCMerced_LandUse_processed/test/mediumresidential/mediumresidential03.tif,210012
ucm,test,12,12,1,mediumresidential,data/UCMerced_LandUse_processed/test/mediumresidential/mediumresidential04.tif,209440
ucm,test,12,12,1,mediumresidential,data/UCMerced_LandUse_processed/test/mediumresidential/mediumresidential05.tif,209228
ucm,test,12,12,1,mediumresidential,data/UCMerced_LandUse_processed/test/mediumresidential/mediumresidential06.tif,209116
ucm,test,12,12,1,mediumresidential,data/UCMerced_LandUse_processed/test/mediumresidential/mediumresidential07.tif,208936
ucm,test,12,12,1,mediumresidential,data/UCMerced_LandUse_processed/test/mediumresidential/mediumresidential08.tif,210284
ucm,test,12,12,1,mediumresidential,data/UCMerced_LandUse_processed/test/mediumresidential/mediumresidential09.tif,209972
ucm,test,12,12,1,mediumresidential,data/UCMerced_LandUse_processed/test/mediumresidential/mediumresidential10.tif,209780
ucm,test,12,12,1,mediumresidential,data/UCMerced_LandUse_processed/test/mediumresidential/mediumresidential11.tif,211548
ucm,test,12,12,1,mediumresidential,data/UCMerced_LandUse_processed/test/mediumresidential/mediumresidential12.tif,212036
ucm,test,12,12,1,mediumresidential,data/UCMerced_LandUse_processed/test/mediumresidential/mediumresidential13.tif,210664
ucm,test,12,12,1,mediumresidential,data/UCMerced_LandUse_processed/test/mediumresidential/mediumresidential14.tif,210244
ucm,test,12,12,1,mediumresidential,data/UCMerced_LandUse_processed/test/mediumresidential/mediumresidential15.tif,210968
ucm,test,12,12,1,mediumresidential,data/UCMerced_LandUse_processed/test/mediumresidential/mediumresidential16.tif,210916
ucm,test,12,12,1,mediumresidential,data/UCMerced_LandUse_processed/test/mediumresidential/mediumresidential17.tif,210992
ucm,test,12,12,1,mediumresidential,data/UCMerced_LandUse_processed/test/mediumresidential/mediumresidential18.tif,211260
ucm,test,12,12,1,mediumresidential,data/UCMerced_LandUse_processed/test/mediumresidential/mediumresidential19.tif,210068
ucm,test,12,12,1,mediumresidential,data/UCMerced_LandUse_processed/test/mediumresidential/mediumresidential20.tif,210640
ucm,test,12,12,1,mediumresidential,data/UCMerced_LandUse_processed/test/mediumresidential/mediumresidential21.tif,210516
ucm,test,12,12,1,mediumresidential,data/UCMerced_LandUse_processed/test/mediumresidential/mediumresidential22.tif,210288
ucm,test,12,12,1,mediumresidential,data/UCMerced_LandUse_processed/test/mediumresidential/mediumresidential23.tif,209352
ucm,test,12,12,1,mediumresidential,data/UCMerced_LandUse_processed/test/mediumresidential/mediumresidential24.tif,211868
ucm,test,12,12,1,mediumresidential,data/UCMerced_LandUse_processed/test/mediumresidential/mediumresidential25.tif,212032
ucm,test,12,12,1,mediumresidential,data/UCMerced_LandUse_processed/test/mediumresidential/mediumresidential26.tif,210372
ucm,test,12,12,1,mediumresidential,data/UCMerced_LandUse_processed/test/mediumresidential/mediumresidential27.tif,210160
ucm,test,12,12,1,mediumresidential,data/UCMerced_LandUse_processed/test/mediumresidential/mediumresidential28.tif,210920
ucm,test,12,12,1,mediumresidential,data/UCMerced_LandUse_processed/test/mediumresidential/mediumresidential30.tif,211452
ucm,test,12,12,1,mediumresidential,data/UCMerced_LandUse_processed/test/mediumresidential/mediumresidential31.tif,211252
ucm,test,12,12,1,mediumresidential,data/UCMerced_LandUse_processed/test/mediumresidential/mediumresidential32.tif,210984
ucm,test,12,12,1,mediumresidential,data/UCMerced_LandUse_processed/test/mediumresidential/mediumresidential33.tif,211604
ucm,test,12,12,1,mediumresidential,data/UCMerced_LandUse_processed/test/mediumresidential/mediumresidential34.tif,210760
ucm,test,12,12,1,mediumresidential,data/UCMerced_LandUse_processed/test/mediumresidential/mediumresidential36.tif,209552
ucm,test,12,12,1,mediumresidential,data/UCMerced_LandUse_processed/test/mediumresidential/mediumresidential37.tif,210188
ucm,test,12,12,1,mediumresidential,data/UCMerced_LandUse_processed/test/mediumresidential/mediumresidential38.tif,209956
ucm,test,12,12,1,mediumresidential,data/UCMerced_LandUse_processed/test/mediumresidential/mediumresidential39.tif,209676
ucm,test,12,12,1,mediumresidential,data/UCMerced_LandUse_processed/test/mediumresidential/mediumresidential40.tif,209800
ucm,test,12,12,1,mediumresidential,data/UCMerced_LandUse_processed/test/mediumresidential/mediumresidential41.tif,209800
ucm,test,12,12,1,mediumresidential,data/UCMerced_LandUse_processed/test/mediumresidential/mediumresidential43.tif,209920
ucm,test,12,12,1,mediumresidential,data/UCMerced_LandUse_processed/test/mediumresidential/mediumresidential44.tif,210800
ucm,test,12,12,1,mediumresidential,data/UCMerced_LandUse_processed/test/mediumresidential/mediumresidential45.tif,210808
ucm,test,12,12,1,mediumresidential,data/UCMerced_LandUse_processed/test/mediumresidential/mediumresidential46.tif,210460
ucm,test,12,12,1,mediumresidential,data/UCMerced_LandUse_processed/test/mediumresidential/mediumresidential47.tif,210476
ucm,test,12,12,1,mediumresidential,data/UCMerced_LandUse_processed/test/mediumresidential/mediumresidential48.tif,210316
ucm,test,12,12,1,mediumresidential,data/UCMerced_LandUse_processed/test/mediumresidential/mediumresidential49.tif,209672
ucm,test,12,12,1,mediumresidential,data/UCMerced_LandUse_processed/test/mediumresidential/mediumresidential50.tif,210484
ucm,test,12,12,1,mediumresidential,data/UCMerced_LandUse_processed/test/mediumresidential/mediumresidential51.tif,210044
ucm,test,12,12,1,mediumresidential,data/UCMerced_LandUse_processed/test/mediumresidential/mediumresidential52.tif,209348
ucm,test,12,12,1,mediumresidential,data/UCMerced_LandUse_processed/test/mediumresidential/mediumresidential53.tif,210888
ucm,test,12,12,1,mediumresidential,data/UCMerced_LandUse_processed/test/mediumresidential/mediumresidential54.tif,210096
ucm,test,12,12,1,mediumresidential,data/UCMerced_LandUse_processed/test/mediumresidential/mediumresidential55.tif,209424
ucm,test,12,12,1,mediumresidential,data/UCMerced_LandUse_processed/test/mediumresidential/mediumresidential56.tif,211056
ucm,test,12,12,1,mediumresidential,data/UCMerced_LandUse_processed/test/mediumresidential/mediumresidential57.tif,210856
ucm,test,12,12,1,mediumresidential,data/UCMerced_LandUse_processed/test/mediumresidential/mediumresidential58.tif,210716
ucm,test,12,12,1,mediumresidential,data/UCMerced_LandUse_processed/test/mediumresidential/mediumresidential59.tif,211296
ucm,test,12,12,1,mediumresidential,data/UCMerced_LandUse_processed/test/mediumresidential/mediumresidential60.tif,211072
ucm,test,12,12,1,mediumresidential,data/UCMerced_LandUse_processed/test/mediumresidential/mediumresidential61.tif,211220
ucm,test,12,12,1,mediumresidential,data/UCMerced_LandUse_processed/test/mediumresidential/mediumresidential62.tif,211344
ucm,test,12,12,1,mediumresidential,data/UCMerced_LandUse_processed/test/mediumresidential/mediumresidential64.tif,210792
ucm,test,12,12,1,mediumresidential,data/UCMerced_LandUse_processed/test/mediumresidential/mediumresidential65.tif,210772
ucm,test,12,12,1,mediumresidential,data/UCMerced_LandUse_processed/test/mediumresidential/mediumresidential66.tif,210932
ucm,test,12,12,1,mediumresidential,data/UCMerced_LandUse_processed/test/mediumresidential/mediumresidential67.tif,210196
ucm,test,12,12,1,mediumresidential,data/UCMerced_LandUse_processed/test/mediumresidential/mediumresidential68.tif,210056
ucm,test,12,12,1,mediumresidential,data/UCMerced_LandUse_processed/test/mediumresidential/mediumresidential69.tif,212032
ucm,test,12,12,1,mediumresidential,data/UCMerced_LandUse_processed/test/mediumresidential/mediumresidential70.tif,211228
ucm,test,12,12,1,mediumresidential,data/UCMerced_LandUse_processed/test/mediumresidential/mediumresidential71.tif,211808
ucm,test,12,12,1,mediumresidential,data/UCMerced_LandUse_processed/test/mediumresidential/mediumresidential73.tif,211972
ucm,test,12,12,1,mediumresidential,data/UCMerced_LandUse_processed/test/mediumresidential/mediumresidential74.tif,211516
ucm,test,12,12,1,mediumresidential,data/UCMerced_LandUse_processed/test/mediumresidential/mediumresidential75.tif,212108
ucm,test,12,12,1,mediumresidential,data/UCMerced_LandUse_processed/test/mediumresidential/mediumresidential76.tif,208564
ucm,test,12,12,1,mediumresidential,data/UCMerced_LandUse_processed/test/mediumresidential/mediumresidential77.tif,208212
ucm,test,12,12,1,mediumresidential,data/UCMerced_LandUse_processed/test/mediumresidential/mediumresidential78.tif,208248
ucm,test,12,12,1,mediumresidential,data/UCMerced_LandUse_processed/test/mediumresidential/mediumresidential79.tif,207956
ucm,test,12,12,1,mediumresidential,data/UCMerced_LandUse_processed/test/mediumresidential/mediumresidential80.tif,208320
ucm,test,12,12,1,mediumresidential,data/UCMerced_LandUse_processed/test/mediumresidential/mediumresidential81.tif,210628
ucm,test,12,12,1,mediumresidential,data/UCMerced_LandUse_processed/test/mediumresidential/mediumresidential82.tif,210332
ucm,test,12,12,1,mediumresidential,data/UCMerced_LandUse_processed/test/mediumresidential/mediumresidential83.tif,211204
ucm,test,12,12,1,mediumresidential,data/UCMerced_LandUse_processed/test/mediumresidential/mediumresidential84.tif,210588
ucm,test,12,12,1,mediumresidential,data/UCMerced_LandUse_processed/test/mediumresidential/mediumresidential85.tif,210224
ucm,test,12,12,1,mediumresidential,data/UCMerced_LandUse_processed/test/mediumresidential/mediumresidential86.tif,210488
ucm,test,12,12,1,mediumresidential,data/UCMerced_LandUse_processed/test/mediumresidential/mediumresidential87.tif,210256
ucm,test,12,12,1,mediumresidential,data/UCMerced_LandUse_processed/test/mediumresidential/mediumresidential88.tif,209004
ucm,test,12,12,1,mediumresidential,data/UCMerced_LandUse_processed/test/mediumresidential/mediumresidential89.tif,208384
ucm,test,12,12,1,mediumresidential,data/UCMerced_LandUse_processed/test/mediumresidential/mediumresidential90.tif,209172
ucm,test,12,12,1,mediumresidential,data/UCMerced_LandUse_processed/test/mediumresidential/mediumresidential91.tif,209708
ucm,test,12,12,1,mediumresidential,data/UCMerced_LandUse_processed/test/mediumresidential/mediumresidential92.tif,210176
ucm,test,12,12,1,mediumresidential,data/UCMerced_LandUse_processed/test/mediumresidential/mediumresidential93.tif,208444
ucm,test,12,12,1,mediumresidential,data/UCMerced_LandUse_processed/test/mediumresidential/mediumresidential94.tif,209260
ucm,test,12,12,1,mediumresidential,data/UCMerced_LandUse_processed/test/mediumresidential/mediumresidential95.tif,209960
ucm,test,12,12,1,mediumresidential,data/UCMerced_LandUse_processed/test/mediumresidential/mediumresidential96.tif,210012
ucm,test,12,12,1,mediumresidential,data/UCMerced_LandUse_processed/test/mediumresidential/mediumresidential97.tif,210972
ucm,test,12,12,1,mediumresidential,data/UCMerced_LandUse_processed/test/mediumresidential/mediumresidential98.tif,208960
ucm,test,12,12,1,mediumresidential,data/UCMerced_LandUse_processed/test/mediumresidential/mediumresidential99.tif,209100
ucm,train,13,13,1,mobilehomepark,data/UCMerced_LandUse_processed/train/mobilehomepark/mobilehomepark15.tif,210080
ucm,train,13,13,1,mobilehomepark,data/UCMerced_LandUse_processed/train/mobilehomepark/mobilehomepark25.tif,210816
ucm,train,13,13,1,mobilehomepark,data/UCMerced_LandUse_processed/train/mobilehomepark/mobilehomepark35.tif,209744
ucm,train,13,13,1,mobilehomepark,data/UCMerced_LandUse_processed/train/mobilehomepark/mobilehomepark40.tif,210284
ucm,train,13,13,1,mobilehomepark,data/UCMerced_LandUse_processed/train/mobilehomepark/mobilehomepark91.tif,212472
ucm,test,13,13,1,mobilehomepark,data/UCMerced_LandUse_processed/test/mobilehomepark/mobilehomepark00.tif,211504
ucm,test,13,13,1,mobilehomepark,data/UCMerced_LandUse_processed/test/mobilehomepark/mobilehomepark01.tif,211440
ucm,test,13,13,1,mobilehomepark,data/UCMerced_LandUse_processed/test/mobilehomepark/mobilehomepark02.tif,210108
ucm,test,13,13,1,mobilehomepark,data/UCMerced_LandUse_processed/test/mobilehomepark/mobilehomepark03.tif,210608
ucm,test,13,13,1,mobilehomepark,data/UCMerced_LandUse_processed/test/mobilehomepark/mobilehomepark04.tif,209964
ucm,test,13,13,1,mobilehomepark,data/UCMerced_LandUse_processed/test/mobilehomepark/mobilehomepark05.tif,211296
ucm,test,13,13,1,mobilehomepark,data/UCMerced_LandUse_processed/test/mobilehomepark/mobilehomepark06.tif,211360
ucm,test,13,13,1,mobilehomepark,data/UCMerced_LandUse_processed/test/mobilehomepark/mobilehomepark07.tif,210688
ucm,test,13,13,1,mobilehomepark,data/UCMerced_LandUse_processed/test/mobilehomepark/mobilehomepark08.tif,211224
ucm,test,13,13,1,mobilehomepark,data/UCMerced_LandUse_processed/test/mobilehomepark/mobilehomepark09.tif,210796
ucm,test,13,13,1,mobilehomepark,data/UCMerced_LandUse_processed/test/mobilehomepark/mobilehomepark10.tif,209412
ucm,test,13,13,1,mobilehomepark,data/UCMerced_LandUse_processed/test/mobilehomepark/mobilehomepark11.tif,209336
ucm,test,13,13,1,mobilehomepark,data/UCMerced_LandUse_processed/test/mobilehomepark/mobilehomepark12.tif,210712
ucm,test,13,13,1,mobilehomepark,data/UCMerced_LandUse_processed/test/mobilehomepark/mobilehomepark13.tif,209684
ucm,test,13,13,1,mobilehomepark,data/UCMerced_LandUse_processed/test/mobilehomepark/mobilehomepark14.tif,209412
ucm,test,13,13,1,mobilehomepark,data/UCMerced_LandUse_processed/test/mobilehomepark/mobilehomepark16.tif,210444
ucm,test,13,13,1,mobilehomepark,data/UCMerced_LandUse_processed/test/mobilehomepark/mobilehomepark17.tif,211776
ucm,test,13,13,1,mobilehomepark,data/UCMerced_LandUse_processed/test/mobilehomepark/mobilehomepark18.tif,211900
ucm,test,13,13,1,mobilehomepark,data/UCMerced_LandUse_processed/test/mobilehomepark/mobilehomepark19.tif,211500
ucm,test,13,13,1,mobilehomepark,data/UCMerced_LandUse_processed/test/mobilehomepark/mobilehomepark20.tif,210964
ucm,test,13,13,1,mobilehomepark,data/UCMerced_LandUse_processed/test/mobilehomepark/mobilehomepark21.tif,211224
ucm,test,13,13,1,mobilehomepark,data/UCMerced_LandUse_processed/test/mobilehomepark/mobilehomepark22.tif,208700
ucm,test,13,13,1,mobilehomepark,data/UCMerced_LandUse_processed/test/mobilehomepark/mobilehomepark23.tif,209240
ucm,test,13,13,1,mobilehomepark,data/UCMerced_LandUse_processed/test/mobilehomepark/mobilehomepark24.tif,208984
ucm,test,13,13,1,mobilehomepark,data/UCMerced_LandUse_processed/test/mobilehomepark/mobilehomepark26.tif,211388
ucm,test,13,13,1,mobilehomepark,data/UCMerced_LandUse_processed/test/mobilehomepark/mobilehomepark27.tif,209432
ucm,test,13,13,1,mobilehomepark,data/UCMerced_LandUse_processed/test/mobilehomepark/mobilehomepark28.tif,209860
ucm,test,13,13,1,mobilehomepark,data/UCMerced_LandUse_processed/test/mobilehomepark/mobilehomepark29.tif,209556
ucm,test,13,13,1,mobilehomepark,data/UCMerced_LandUse_processed/test/mobilehomepark/mobilehomepark30.tif,210192
ucm,test,13,13,1,mobilehomepark,data/UCMerced_LandUse_processed/test/mobilehomepark/mobilehomepark31.tif,210036
ucm,test,13,13,1,mobilehomepark,data/UCMerced_LandUse_processed/test/mobilehomepark/mobilehomepark32.tif,210160
ucm,test,13,13,1,mobilehomepark,data/UCMerced_LandUse_processed/test/mobilehomepark/mobilehomepark33.tif,208336
ucm,test,13,13,1,mobilehomepark,data/UCMerced_LandUse_processed/test/mobilehomepark/mobilehomepark34.tif,209996
ucm,test,13,13,1,mobilehomepark,data/UCMerced_LandUse_processed/test/mobilehomepark/mobilehomepark36.tif,210284
ucm,test,13,13,1,mobilehomepark,data/UCMerced_LandUse_processed/test/mobilehomepark/mobilehomepark37.tif,210076
ucm,test,13,13,1,mobilehomepark,data/UCMerced_LandUse_processed/test/mobilehomepark/mobilehomepark38.tif,210128
ucm,test,13,13,1,mobilehomepark,data/UCMerced_LandUse_processed/test/mobilehomepark/mobilehomepark39.tif,210316
ucm,test,13,13,1,mobilehomepark,data/UCMerced_LandUse_processed/test/mobilehomepark/mobilehomepark41.tif,209980
ucm,test,13,13,1,mobilehomepark,data/UCMerced_LandUse_processed/test/mobilehomepark/mobilehomepark42.tif,209752
ucm,test,13,13,1,mobilehomepark,data/UCMerced_LandUse_processed/test/mobilehomepark/mobilehomepark43.tif,209820
ucm,test,13,13,1,mobilehomepark,data/UCMerced_LandUse_processed/test/mobilehomepark/mobilehomepark44.tif,210012
ucm,test,13,13,1,mobilehomepark,data/UCMerced_LandUse_processed/test/mobilehomepark/mobilehomepark45.tif,209852
ucm,test,13,13,1,mobilehomepark,data/UCMerced_LandUse_processed/test/mobilehomepark/mobilehomepark46.tif,209900
ucm,test,13,13,1,mobilehomepark,data/UCMerced_LandUse_processed/test/mobilehomepark/mobilehomepark47.tif,209968
ucm,test,13,13,1,mobilehomepark,data/UCMerced_LandUse_processed/test/mobilehomepark/mobilehomepark48.tif,209932
ucm,test,13,13,1,mobilehomepark,data/UCMerced_LandUse_processed/test/mobilehomepark/mobilehomepark49.tif,209620
ucm,test,13,13,1,mobilehomepark,data/UCMerced_LandUse_processed/test/mobilehomepark/mobilehomepark50.tif,209864
ucm,test,13,13,1,mobilehomepark,data/UCMerced_LandUse_processed/test/mobilehomepark/mobilehomepark51.tif,209780
ucm,test,13,13,1,mobilehomepark,data/UCMerced_LandUse_processed/test/mobilehomepark/mobilehomepark52.tif,209744
ucm,test,13,13,1,mobilehomepark,data/UCMerced_LandUse_processed/test/mobilehomepark/mobilehomepark53.tif,210420
ucm,test,13,13,1,mobilehomepark,data/UCMerced_LandUse_processed/test/mobilehomepark/mobilehomepark54.tif,210080
ucm,test,13,13,1,mobilehomepark,data/UCMerced_LandUse_processed/test/mobilehomepark/mobilehomepark55.tif,210232
ucm,test,13,13,1,mobilehomepark,data/UCMerced_LandUse_processed/test/mobilehomepark/mobilehomepark56.tif,210280
ucm,test,13,13,1,mobilehomepark,data/UCMerced_LandUse_processed/test/mobilehomepark/mobilehomepark57.tif,209532
ucm,test,13,13,1,mobilehomepark,data/UCMerced_LandUse_processed/test/mobilehomepark/mobilehomepark58.tif,210040
ucm,test,13,13,1,mobilehomepark,data/UCMerced_LandUse_processed/test/mobilehomepark/mobilehomepark59.tif,210048
ucm,test,13,13,1,mobilehomepark,data/UCMerced_LandUse_processed/test/mobilehomepark/mobilehomepark60.tif,210052
ucm,test,13,13,1,mobilehomepark,data/UCMerced_LandUse_processed/test/mobilehomepark/mobilehomepark61.tif,209924
ucm,test,13,13,1,mobilehomepark,data/UCMerced_LandUse_processed/test/mobilehomepark/mobilehomepark62.tif,210068
ucm,test,13,13,1,mobilehomepark,data/UCMerced_LandUse_processed/test/mobilehomepark/mobilehomepark63.tif,209520
ucm,test,13,13,1,mobilehomepark,data/UCMerced_LandUse_processed/test/mobilehomepark/mobilehomepark64.tif,209764
ucm,test,13,13,1,mobilehomepark,data/UCMerced_LandUse_processed/test/mobilehomepark/mobilehomepark65.tif,209648
ucm,test,13,13,1,mobilehomepark,data/UCMerced_LandUse_processed/test/mobilehomepark/mobilehomepark66.tif,209388
ucm,test,13,13,1,mobilehomepark,data/UCMerced_LandUse_processed/test/mobilehomepark/mobilehomepark67.tif,210664
ucm,test,13,13,1,mobilehomepark,data/UCMerced_LandUse_processed/test/mobilehomepark/mobilehomepark68.tif,210576
ucm,test,13,13,1,mobilehomepark,data/UCMerced_LandUse_processed/test/mobilehomepark/mobilehomepark69.tif,210140
ucm,test,13,13,1,mobilehomepark,data/UCMerced_LandUse_processed/test/mobilehomepark/mobilehomepark70.tif,210856
ucm,test,13,13,1,mobilehomepark,data/UCMerced_LandUse_processed/test/mobilehomepark/mobilehomepark71.tif,210700
ucm,test,13,13,1,mobilehomepark,data/UCMerced_LandUse_processed/test/mobilehomepark/mobilehomepark72.tif,210460
ucm,test,13,13,1,mobilehomepark,data/UCMerced_LandUse_processed/test/mobilehomepark/mobilehomepark73.tif,210952
ucm,test,13,13,1,mobilehomepark,data/UCMerced_LandUse_processed/test/mobilehomepark/mobilehomepark74.tif,211360
ucm,test,13,13,1,mobilehomepark,data/UCMerced_LandUse_processed/test/mobilehomepark/mobilehomepark75.tif,210808
ucm,test,13,13,1,mobilehomepark,data/UCMerced_LandUse_processed/test/mobilehomepark/mobilehomepark76.tif,210632
ucm,test,13,13,1,mobilehomepark,data/UCMerced_LandUse_processed/test/mobilehomepark/mobilehomepark77.tif,212032
ucm,test,13,13,1,mobilehomepark,data/UCMerced_LandUse_processed/test/mobilehomepark/mobilehomepark78.tif,213008
ucm,test,13,13,1,mobilehomepark,data/UCMerced_LandUse_processed/test/mobilehomepark/mobilehomepark79.tif,212912
ucm,test,13,13,1,mobilehomepark,data/UCMerced_LandUse_processed/test/mobilehomepark/mobilehomepark80.tif,212996
ucm,test,13,13,1,mobilehomepark,data/UCMerced_LandUse_processed/test/mobilehomepark/mobilehomepark81.tif,212776
ucm,test,13,13,1,mobilehomepark,data/UCMerced_LandUse_processed/test/mobilehomepark/mobilehomepark82.tif,213864
ucm,test,13,13,1,mobilehomepark,data/UCMerced_LandUse_processed/test/mobilehomepark/mobilehomepark83.tif,213544
ucm,test,13,13,1,mobilehomepark,data/UCMerced_LandUse_processed/test/mobilehomepark/mobilehomepark84.tif,213356
ucm,test,13,13,1,mobilehomepark,data/UCMerced_LandUse_processed/test/mobilehomepark/mobilehomepark85.tif,214012
ucm,test,13,13,1,mobilehomepark,data/UCMerced_LandUse_processed/test/mobilehomepark/mobilehomepark86.tif,214344
ucm,test,13,13,1,mobilehomepark,data/UCMerced_LandUse_processed/test/mobilehomepark/mobilehomepark87.tif,213444
ucm,test,13,13,1,mobilehomepark,data/UCMerced_LandUse_processed/test/mobilehomepark/mobilehomepark88.tif,213532
ucm,test,13,13,1,mobilehomepark,data/UCMerced_LandUse_processed/test/mobilehomepark/mobilehomepark89.tif,212932
ucm,test,13,13,1,mobilehomepark,data/UCMerced_LandUse_processed/test/mobilehomepark/mobilehomepark90.tif,212936
ucm,test,13,13,1,mobilehomepark,data/UCMerced_LandUse_processed/test/mobilehomepark/mobilehomepark92.tif,213064
ucm,test,13,13,1,mobilehomepark,data/UCMerced_LandUse_processed/test/mobilehomepark/mobilehomepark93.tif,213928
ucm,test,13,13,1,mobilehomepark,data/UCMerced_LandUse_processed/test/mobilehomepark/mobilehomepark94.tif,213692
ucm,test,13,13,1,mobilehomepark,data/UCMerced_LandUse_processed/test/mobilehomepark/mobilehomepark95.tif,213744
ucm,test,13,13,1,mobilehomepark,data/UCMerced_LandUse_processed/test/mobilehomepark/mobilehomepark96.tif,213112
ucm,test,13,13,1,mobilehomepark,data/UCMerced_LandUse_processed/test/mobilehomepark/mobilehomepark97.tif,213300
ucm,test,13,13,1,mobilehomepark,data/UCMerced_LandUse_processed/test/mobilehomepark/mobilehomepark98.tif,213152
ucm,test,13,13,1,mobilehomepark,data/UCMerced_LandUse_processed/test/mobilehomepark/mobilehomepark99.tif,213492
ucm,train,14,14,1,overpass,data/UCMerced_LandUse_processed/train/overpass/overpass05.tif,209300
ucm,train,14,14,1,overpass,data/UCMerced_LandUse_processed/train/overpass/overpass09.tif,209216
ucm,train,14,14,1,overpass,data/UCMerced_LandUse_processed/train/overpass/overpass77.tif,208308
ucm,train,14,14,1,overpass,data/UCMerced_LandUse_processed/train/overpass/overpass91.tif,208088
ucm,train,14,14,1,overpass,data/UCMerced_LandUse_processed/train/overpass/overpass99.tif,208452
ucm,test,14,14,1,overpass,data/UCMerced_LandUse_processed/test/overpass/overpass00.tif,208384
ucm,test,14,14,1,overpass,data/UCMerced_LandUse_processed/test/overpass/overpass01.tif,208584
ucm,test,14,14,1,overpass,data/UCMerced_LandUse_processed/test/overpass/overpass02.tif,208512
ucm,test,14,14,1,overpass,data/UCMerced_LandUse_processed/test/overpass/overpass03.tif,209316
ucm,test,14,14,1,overpass,data/UCMerced_LandUse_processed/test/overpass/overpass04.tif,208200
ucm,test,14,14,1,overpass,data/UCMerced_LandUse_processed/test/overpass/overpass06.tif,210396
ucm,test,14,14,1,overpass,data/UCMerced_LandUse_processed/test/overpass/overpass07.tif,208660
ucm,test,14,14,1,overpass,data/UCMerced_LandUse_processed/test/overpass/overpass08.tif,209168
ucm,test,14,14,1,overpass,data/UCMerced_LandUse_processed/test/overpass/overpass10.tif,208212
ucm,test,14,14,1,overpass,data/UCMerced_LandUse_processed/test/overpass/overpass11.tif,208688
ucm,test,14,14,1,overpass,data/UCMerced_LandUse_processed/test/overpass/overpass12.tif,209044
ucm,test,14,14,1,overpass,data/UCMerced_LandUse_processed/test/overpass/overpass13.tif,209932
ucm,test,14,14,1,overpass,data/UCMerced_LandUse_processed/test/overpass/overpass14.tif,210032
ucm,test,14,14,1,overpass,data/UCMerced_LandUse_processed/test/overpass/overpass15.tif,209400
ucm,test,14,14,1,overpass,data/UCMerced_LandUse_processed/test/overpass/overpass16.tif,208144
ucm,test,14,14,1,overpass,data/UCMerced_LandUse_processed/test/overpass/overpass17.tif,207856
ucm,test,14,14,1,overpass,data/UCMerced_LandUse_processed/test/overpass/overpass18.tif,207312
ucm,test,14,14,1,overpass,data/UCMerced_LandUse_processed/test/overpass/overpass19.tif,207872
ucm,test,14,14,1,overpass,data/UCMerced_LandUse_processed/test/overpass/overpass20.tif,208304
ucm,test,14,14,1,overpass,data/UCMerced_LandUse_processed/test/overpass/overpass21.tif,208312
ucm,test,14,14,1,overpass,data/UCMerced_LandUse_processed/test/overpass/overpass22.tif,208088
ucm,test,14,14,1,overpass,data/UCMerced_LandUse_processed/test/overpass/overpass23.tif,208372
ucm,test,14,14,1,overpass,data/UCMerced_LandUse_processed/test/overpass/overpass24.tif,208544
ucm,test,14,14,1,overpass,data/UCMerced_LandUse_processed/test/overpass/overpass25.tif,208112
ucm,test,14,14,1,overpass,data/UCMerced_LandUse_processed/test/overpass/overpass26.tif,209960
ucm,test,14,14,1,overpass,data/UCMerced_LandUse_processed/test/overpass/overpass27.tif,210328
ucm,test,14,14,1,overpass,data/UCMerced_LandUse_processed/test/overpass/overpass28.tif,208816
ucm,test,14,14,1,overpass,data/UCMerced_LandUse_processed/test/overpass/overpass29.tif,208476
ucm,test,14,14,1,overpass,data/UCMerced_LandUse_processed/test/overpass/overpass30.tif,209436
ucm,test,14,14,1,overpass,data/UCMerced_LandUse_processed/test/overpass/overpass31.tif,208384
ucm,test,14,14,1,overpass,data/UCMerced_LandUse_processed/test/overpass/overpass32.tif,209412
ucm,test,14,14,1,overpass,data/UCMerced_LandUse_processed/test/overpass/overpass33.tif,208440
ucm,test,14,14,1,overpass,data/UCMerced_LandUse_processed/test/overpass/overpass34.tif,208456
ucm,test,14,14,1,overpass,data/UCMerced_LandUse_processed/test/overpass/overpass35.tif,208264
ucm,test,14,14,1,overpass,data/UCMerced_LandUse_processed/test/overpass/overpass36.tif,209172
ucm,test,14,14,1,overpass,data/UCMerced_LandUse_processed/test/overpass/overpass37.tif,209988
ucm,test,14,14,1,overpass,data/UCMerced_LandUse_processed/test/overpass/overpass38.tif,210500
ucm,test,14,14,1,overpass,data/UCMerced_LandUse_processed/test/overpass/overpass39.tif,209360
ucm,test,14,14,1,overpass,data/UCMerced_LandUse_processed/test/overpass/overpass40.tif,209472
ucm,test,14,14,1,overpass,data/UCMerced_LandUse_processed/test/overpass/overpass41.tif,208504
ucm,test,14,14,1,overpass,data/UCMerced_LandUse_processed/test/overpass/overpass42.tif,208456
ucm,test,14,14,1,overpass,data/UCMerced_LandUse_processed/test/overpass/overpass43.tif,208516
ucm,test,14,14,1,overpass,data/UCMerced_LandUse_processed/test/overpass/overpass44.tif,209072
ucm,test,14,14,1,overpass,data/UCMerced_LandUse_processed/test/overpass/overpass45.tif,208440
ucm,test,14,14,1,overpass,data/UCMerced_LandUse_processed/test/overpass/overpass46.tif,208544
ucm,test,14,14,1,overpass,data/UCMerced_LandUse_processed/test/overpass/overpass47.tif,208200
ucm,test,14,14,1,overpass,data/UCMerced_LandUse_processed/test/overpass/overpass48.tif,207580
ucm,test,14,14,1,overpass,data/UCMerced_LandUse_processed/test/overpass/overpass49.tif,208940
ucm,test,14,14,1,overpass,data/UCMerced_LandUse_processed/test/overpass/overpass50.tif,208324
ucm,test,14,14,1,overpass,data/UCMerced_LandUse_processed/test/overpass/overpass51.tif,208780
ucm,test,14,14,1,overpass,data/UCMerced_LandUse_processed/test/overpass/overpass52.tif,207780
ucm,test,14,14,1,overpass,data/UCMerced_LandUse_processed/test/overpass/overpass53.tif,209996
ucm,test,14,14,1,overpass,data/UCMerced_LandUse_processed/test/overpass/overpass54.tif,208984
ucm,test,14,14,1,overpass,data/UCMerced_LandUse_processed/test/overpass/overpass55.tif,209552
ucm,test,14,14,1,overpass,data/UCMerced_LandUse_processed/test/overpass/overpass56.tif,208568
ucm,test,14,14,1,overpass,data/UCMerced_LandUse_processed/test/overpass/overpass57.tif,209044
ucm,test,14,14,1,overpass,data/UCMerced_LandUse_processed/test/overpass/overpass58.tif,209468
ucm,test,14,14,1,overpass,data/UCMerced_LandUse_processed/test/overpass/overpass59.tif,207028
ucm,test,14,14,1,overpass,data/UCMerced_LandUse_processed/test/overpass/overpass60.tif,209276
ucm,test,14,14,1,overpass,data/UCMerced_LandUse_processed/test/overpass/overpass61.tif,208208
ucm,test,14,14,1,overpass,data/UCMerced_LandUse_processed/test/overpass/overpass62.tif,207212
ucm,test,14,14,1,overpass,data/UCMerced_LandUse_processed/test/overpass/overpass63.tif,210496
ucm,test,14,14,1,overpass,data/UCMerced_LandUse_processed/test/overpass/overpass64.tif,195244
ucm,test,14,14,1,overpass,data/UCMerced_LandUse_processed/test/overpass/overpass65.tif,195832
ucm,test,14,14,1,overpass,data/UCMerced_LandUse_processed/test/overpass/overpass66.tif,194980
ucm,test,14,14,1,overpass,data/UCMerced_LandUse_processed/test/overpass/overpass67.tif,194420
ucm,test,14,14,1,overpass,data/UCMerced_LandUse_processed/test/overpass/overpass68.tif,195424
ucm,test,14,14,1,overpass,data/UCMerced_LandUse_processed/test/overpass/overpass69.tif,195588
ucm,test,14,14,1,overpass,data/UCMerced_LandUse_processed/test/overpass/overpass70.tif,194596
ucm,test,14,14,1,overpass,data/UCMerced_LandUse_processed/test/overpass/overpass71.tif,194552
ucm,test,14,14,1,overpass,data/UCMerced_LandUse_processed/test/overpass/overpass72.tif,208548
ucm,test,14,14,1,overpass,data/UCMerced_LandUse_processed/test/overpass/overpass73.tif,208284
ucm,test,14,14,1,overpass,data/UCMerced_LandUse_processed/test/overpass/overpass74.tif,208140
ucm,test,14,14,1,overpass,data/UCMerced_LandUse_processed/test/overpass/overpass75.tif,208172
ucm,test,14,14,1,overpass,data/UCMerced_LandUse_processed/test/overpass/overpass76.tif,208588
ucm,test,14,14,1,overpass,data/UCMerced_LandUse_processed/test/overpass/overpass78.tif,208032
ucm,test,14,14,1,overpass,data/UCMerced_LandUse_processed/test/overpass/overpass79.tif,207772
ucm,test,14,14,1,overpass,data/UCMerced_LandUse_processed/test/overpass/overpass80.tif,208400
ucm,test,14,14,1,overpass,data/UCMerced_LandUse_processed/test/overpass/overpass81.tif,209824
ucm,test,14,14,1,overpass,data/UCMerced_LandUse_processed/test/overpass/overpass82.tif,208412
ucm,test,14,14,1,overpass,data/UCMerced_LandUse_processed/test/overpass/overpass83.tif,209876
ucm,test,14,14,1,overpass,data/UCMerced_LandUse_processed/test/overpass/overpass84.tif,209576
ucm,test,14,14,1,overpass,data/UCMerced_LandUse_processed/test/overpass/overpass85.tif,209688
ucm,test,14,14,1,overpass,data/UCMerced_LandUse_processed/test/overpass/overpass86.tif,209696
ucm,test,14,14,1,overpass,data/UCMerced_LandUse_processed/test/overpass/overpass87.tif,210348
ucm,test,14,14,1,overpass,data/UCMerced_LandUse_processed/test/overpass/overpass88.tif,209440
ucm,test,14,14,1,overpass,data/UCMerced_LandUse_processed/test/overpass/overpass89.tif,209088
ucm,test,14,14,1,overpass,data/UCMerced_LandUse_processed/test/overpass/overpass90.tif,208756
ucm,test,14,14,1,overpass,data/UCMerced_LandUse_processed/test/overpass/overpass92.tif,210784
ucm,test,14,14,1,overpass,data/UCMerced_LandUse_processed/test/overpass/overpass93.tif,209036
ucm,test,14,14,1,overpass,data/UCMerced_LandUse_processed/test/overpass/overpass94.tif,208700
ucm,test,14,14,1,overpass,data/UCMerced_LandUse_processed/test/overpass/overpass95.tif,209340
ucm,test,14,14,1,overpass,data/UCMerced_LandUse_processed/test/overpass/overpass96.tif,208448
ucm,test,14,14,1,overpass,data/UCMerced_LandUse_processed/test/overpass/overpass97.tif,208176
ucm,test,14,14,1,overpass,data/UCMerced_LandUse_processed/test/overpass/overpass98.tif,208468
ucm,train,15,15,2,parkinglot,data/UCMerced_LandUse_processed/train/parkinglot/parkinglot04.tif,211492
ucm,train,15,15,2,parkinglot,data/UCMerced_LandUse_processed/train/parkinglot/parkinglot07.tif,210320
ucm,train,15,15,2,parkinglot,data/UCMerced_LandUse_processed/train/parkinglot/parkinglot73.tif,211472
ucm,train,15,15,2,parkinglot,data/UCMerced_LandUse_processed/train/parkinglot/parkinglot78.tif,212516
ucm,train,15,15,2,parkinglot,data/UCMerced_LandUse_processed/train/parkinglot/parkinglot93.tif,210684
ucm,test,15,15,2,parkinglot,data/UCMerced_LandUse_processed/test/parkinglot/parkinglot00.tif,209368
ucm,test,15,15,2,parkinglot,data/UCMerced_LandUse_processed/test/parkinglot/parkinglot01.tif,210724
ucm,test,15,15,2,parkinglot,data/UCMerced_LandUse_processed/test/parkinglot/parkinglot02.tif,210824
ucm,test,15,15,2,parkinglot,data/UCMerced_LandUse_processed/test/parkinglot/parkinglot03.tif,210424
ucm,test,15,15,2,parkinglot,data/UCMerced_LandUse_processed/test/parkinglot/parkinglot05.tif,211048
ucm,test,15,15,2,parkinglot,data/UCMerced_LandUse_processed/test/parkinglot/parkinglot06.tif,210972
ucm,test,15,15,2,parkinglot,data/UCMerced_LandUse_processed/test/parkinglot/parkinglot08.tif,211364
ucm,test,15,15,2,parkinglot,data/UCMerced_LandUse_processed/test/parkinglot/parkinglot09.tif,210136
ucm,test,15,15,2,parkinglot,data/UCMerced_LandUse_processed/test/parkinglot/parkinglot10.tif,210440
ucm,test,15,15,2,parkinglot,data/UCMerced_LandUse_processed/test/parkinglot/parkinglot11.tif,210984
ucm,test,15,15,2,parkinglot,data/UCMerced_LandUse_processed/test/parkinglot/parkinglot12.tif,209988
ucm,test,15,15,2,parkinglot,data/UCMerced_LandUse_processed/test/parkinglot/parkinglot13.tif,211488
ucm,test,15,15,2,parkinglot,data/UCMerced_LandUse_processed/test/parkinglot/parkinglot14.tif,210844
ucm,test,15,15,2,parkinglot,data/UCMerced_LandUse_processed/test/parkinglot/parkinglot15.tif,210444
ucm,test,15,15,2,parkinglot,data/UCMerced_LandUse_processed/test/parkinglot/parkinglot16.tif,211184
ucm,test,15,15,2,parkinglot,data/UCMerced_LandUse_processed/test/parkinglot/parkinglot17.tif,210476
ucm,test,15,15,2,parkinglot,data/UCMerced_LandUse_processed/test/parkinglot/parkinglot18.tif,209296
ucm,test,15,15,2,parkinglot,data/UCMerced_LandUse_processed/test/parkinglot/parkinglot19.tif,209404
ucm,test,15,15,2,parkinglot,data/UCMerced_LandUse_processed/test/parkinglot/parkinglot20.tif,205900
ucm,test,15,15,2,parkinglot,data/UCMerced_LandUse_processed/test/parkinglot/parkinglot21.tif,213320
ucm,test,15,15,2,parkinglot,data/UCMerced_LandUse_processed/test/parkinglot/parkinglot22.tif,211488
ucm,test,15,15,2,parkinglot,data/UCMerced_LandUse_processed/test/parkinglot/parkinglot23.tif,211580
ucm,test,15,15,2,parkinglot,data/UCMerced_LandUse_processed/test/parkinglot/parkinglot24.tif,212092
ucm,test,15,15,2,parkinglot,data/UCMerced_LandUse_processed/test/parkinglot/parkinglot25.tif,211396
ucm,test,15,15,2,parkinglot,data/UCMerced_LandUse_processed/test/parkinglot/parkinglot26.tif,211960
ucm,test,15,15,2,parkinglot,data/UCMerced_LandUse_processed/test/parkinglot/parkinglot27.tif,213012
ucm,test,15,15,2,parkinglot,data/UCMerced_LandUse_processed/test/parkinglot/parkinglot28.tif,213908
ucm,test,15,15,2,parkinglot,data/UCMerced_LandUse_processed/test/parkinglot/parkinglot29.tif,212248
ucm,test,15,15,2,parkinglot,data/UCMerced_LandUse_processed/test/parkinglot/parkinglot30.tif,211816
ucm,test,15,15,2,parkinglot,data/UCMerced_LandUse_processed/test/parkinglot/parkinglot31.tif,213152
ucm,test,15,15,2,parkinglot,data/UCMerced_LandUse_processed/test/parkinglot/parkinglot32.tif,211816
ucm,test,15,15,2,parkinglot,data/UCMerced_LandUse_processed/test/parkinglot/parkinglot33.tif,213572
ucm,test,15,15,2,parkinglot,data/UCMerced_LandUse_processed/test/parkinglot/parkinglot34.tif,210312
ucm,test,15,15,2,parkinglot,data/UCMerced_LandUse_processed/test/parkinglot/parkinglot35.tif,210628
ucm,test,15,15,2,parkinglot,data/UCMerced_LandUse_processed/test/parkinglot/parkinglot36.tif,212592
ucm,test,15,15,2,parkinglot,data/UCMerced_LandUse_processed/test/parkinglot/parkinglot37.tif,211696
ucm,test,15,15,2,parkinglot,data/UCMerced_LandUse_processed/test/parkinglot/parkinglot38.tif,212700
ucm,test,15,15,2,parkinglot,data/UCMerced_LandUse_processed/test/parkinglot/parkinglot39.tif,211220
ucm,test,15,15,2,parkinglot,data/UCMerced_LandUse_processed/test/parkinglot/parkinglot40.tif,212292
ucm,test,15,15,2,parkinglot,data/UCMerced_LandUse_processed/test/parkinglot/parkinglot41.tif,210868
ucm,test,15,15,2,parkinglot,data/UCMerced_LandUse_processed/test/parkinglot/parkinglot42.tif,211820
ucm,test,15,15,2,parkinglot,data/UCMerced_LandUse_processed/test/parkinglot/parkinglot43.tif,212200
ucm,test,15,15,2,parkinglot,data/UCMerced_LandUse_processed/test/parkinglot/parkinglot44.tif,211168
ucm,test,15,15,2,parkinglot,data/UCMerced_LandUse_processed/test/parkinglot/parkinglot45.tif,211772
ucm,test,15,15,2,parkinglot,data/UCMerced_LandUse_processed/test/parkinglot/parkinglot46.tif,211736
ucm,test,15,15,2,parkinglot,data/UCMerced_LandUse_processed/test/parkinglot/parkinglot47.tif,210856
ucm,test,15,15,2,parkinglot,data/UCMerced_LandUse_processed/test/parkinglot/parkinglot48.tif,210520
ucm,test,15,15,2,parkinglot,data/UCMerced_LandUse_processed/test/parkinglot/parkinglot49.tif,211900
ucm,test,15,15,2,parkinglot,data/UCMerced_LandUse_processed/test/parkinglot/parkinglot50.tif,211376
ucm,test,15,15,2,parkinglot,data/UCMerced_LandUse_processed/test/parkinglot/parkinglot51.tif,212600
ucm,test,15,15,2,parkinglot,data/UCMerced_LandUse_processed/test/parkinglot/parkinglot52.tif,210772
ucm,test,15,15,2,parkinglot,data/UCMerced_LandUse_processed/test/parkinglot/parkinglot53.tif,212640
ucm,test,15,15,2,parkinglot,data/UCMerced_LandUse_processed/test/parkinglot/parkinglot54.tif,211680
ucm,test,15,15,2,parkinglot,data/UCMerced_LandUse_processed/test/parkinglot/parkinglot55.tif,211956
ucm,test,15,15,2,parkinglot,data/UCMerced_LandUse_processed/test/parkinglot/parkinglot56.tif,211952
ucm,test,15,15,2,parkinglot,data/UCMerced_LandUse_processed/test/parkinglot/parkinglot57.tif,212128
ucm,test,15,15,2,parkinglot,data/UCMerced_LandUse_processed/test/parkinglot/parkinglot58.tif,211624
ucm,test,15,15,2,parkinglot,data/UCMerced_LandUse_processed/test/parkinglot/parkinglot59.tif,210460
ucm,test,15,15,2,parkinglot,data/UCMerced_LandUse_processed/test/parkinglot/parkinglot60.tif,210992
ucm,test,15,15,2,parkinglot,data/UCMerced_LandUse_processed/test/parkinglot/parkinglot61.tif,210668
ucm,test,15,15,2,parkinglot,data/UCMerced_LandUse_processed/test/parkinglot/parkinglot62.tif,210720
ucm,test,15,15,2,parkinglot,data/UCMerced_LandUse_processed/test/parkinglot/parkinglot63.tif,211108
ucm,test,15,15,2,parkinglot,data/UCMerced_LandUse_processed/test/parkinglot/parkinglot64.tif,210924
ucm,test,15,15,2,parkinglot,data/UCMerced_LandUse_processed/test/parkinglot/parkinglot65.tif,210476
ucm,test,15,15,2,parkinglot,data/UCMerced_LandUse_processed/test/parkinglot/parkinglot66.tif,211124
ucm,test,15,15,2,parkinglot,data/UCMerced_LandUse_processed/test/parkinglot/parkinglot67.tif,211576
ucm,test,15,15,2,parkinglot,data/UCMerced_LandUse_processed/test/parkinglot/parkinglot68.tif,212416
ucm,test,15,15,2,parkinglot,data/UCMerced_LandUse_processed/test/parkinglot/parkinglot69.tif,210968
ucm,test,15,15,2,parkinglot,data/UCMerced_LandUse_processed/test/parkinglot/parkinglot70.tif,210740
ucm,test,15,15,2,parkinglot,data/UCMerced_LandUse_processed/test/parkinglot/parkinglot71.tif,212308
ucm,test,15,15,2,parkinglot,data/UCMerced_LandUse_processed/test/parkinglot/parkinglot72.tif,211932
ucm,test,15,15,2,parkinglot,data/UCMerced_LandUse_processed/test/parkinglot/parkinglot74.tif,212108
ucm,test,15,15,2,parkinglot,data/UCMerced_LandUse_processed/test/parkinglot/parkinglot75.tif,211752
ucm,test,15,15,2,parkinglot,data/UCMerced_LandUse_processed/test/parkinglot/parkinglot76.tif,210528
ucm,test,15,15,2,parkinglot,data/UCMerced_LandUse_processed/test/parkinglot/parkinglot77.tif,211464
ucm,test,15,15,2,parkinglot,data/UCMerced_LandUse_processed/test/parkinglot/parkinglot79.tif,211420
ucm,test,15,15,2,parkinglot,data/UCMerced_LandUse_processed/test/parkinglot/parkinglot80.tif,212788
ucm,test,15,15,2,parkinglot,data/UCMerced_LandUse_processed/test/parkinglot/parkinglot81.tif,212392
ucm,test,15,15,2,parkinglot,data/UCMerced_LandUse_processed/test/parkinglot/parkinglot82.tif,210304
ucm,test,15,15,2,parkinglot,data/UCMerced_LandUse_processed/test/parkinglot/parkinglot83.tif,210696
ucm,test,15,15,2,parkinglot,data/UCMerced_LandUse_processed/test/parkinglot/parkinglot84.tif,212240
ucm,test,15,15,2,parkinglot,data/UCMerced_LandUse_processed/test/parkinglot/parkinglot85.tif,211600
ucm,test,15,15,2,parkinglot,data/UCMerced_LandUse_processed/test/parkinglot/parkinglot86.tif,211264
ucm,test,15,15,2,parkinglot,data/UCMerced_LandUse_processed/test/parkinglot/parkinglot87.tif,210504
ucm,test,15,15,2,parkinglot,data/UCMerced_LandUse_processed/test/parkinglot/parkinglot88.tif,212160
ucm,test,15,15,2,parkinglot,data/UCMerced_LandUse_processed/test/parkinglot/parkinglot89.tif,211368
ucm,test,15,15,2,parkinglot,data/UCMerced_LandUse_processed/test/parkinglot/parkinglot90.tif,211744
ucm,test,15,15,2,parkinglot,data/UCMerced_LandUse_processed/test/parkinglot/parkinglot91.tif,211956
ucm,test,15,15,2,parkinglot,data/UCMerced_LandUse_processed/test/parkinglot/parkinglot92.tif,210776
ucm,test,15,15,2,parkinglot,data/UCMerced_LandUse_processed/test/parkinglot/parkinglot94.tif,210560
ucm,test,15,15,2,parkinglot,data/UCMerced_LandUse_processed/test/parkinglot/parkinglot95.tif,210236
ucm,test,15,15,2,parkinglot,data/UCMerced_LandUse_processed/test/parkinglot/parkinglot96.tif,210836
ucm,test,15,15,2,parkinglot,data/UCMerced_LandUse_processed/test/parkinglot/parkinglot97.tif,211440
ucm,test,15,15,2,parkinglot,data/UCMerced_LandUse_processed/test/parkinglot/parkinglot98.tif,213200
ucm,test,15,15,2,parkinglot,data/UCMerced_LandUse_processed/test/parkinglot/parkinglot99.tif,210176
ucm,train,16,16,2,river,data/UCMerced_LandUse_processed/train/river/river05.tif,207796
ucm,train,16,16,2,river,data/UCMerced_LandUse_processed/train/river/river35.tif,209768
ucm,train,16,16,2,river,data/UCMerced_LandUse_processed/train/river/river68.tif,207208
ucm,train,16,16,2,river,data/UCMerced_LandUse_processed/train/river/river69.tif,208016
ucm,train,16,16,2,river,data/UCMerced_LandUse_processed/train/river/river88.tif,207892
ucm,test,16,16,2,river,data/UCMerced_LandUse_processed/test/river/river00.tif,209640
ucm,test,16,16,2,river,data/UCMerced_LandUse_processed/test/river/river01.tif,210424
ucm,test,16,16,2,river,data/UCMerced_LandUse_processed/test/river/river02.tif,210480
ucm,test,16,16,2,river,data/UCMerced_LandUse_processed/test/river/river03.tif,210568
ucm,test,16,16,2,river,data/UCMerced_LandUse_processed/test/river/river04.tif,210288
ucm,test,16,16,2,river,data/UCMerced_LandUse_processed/test/river/river06.tif,207404
ucm,test,16,16,2,river,data/UCMerced_LandUse_processed/test/river/river07.tif,207860
ucm,test,16,16,2,river,data/UCMerced_LandUse_processed/test/river/river08.tif,207408
ucm,test,16,16,2,river,data/UCMerced_LandUse_processed/test/river/river09.tif,207392
ucm,test,16,16,2,river,data/UCMerced_LandUse_processed/test/river/river10.tif,208572
ucm,test,16,16,2,river,data/UCMerced_LandUse_processed/test/river/river11.tif,210652
ucm,test,16,16,2,river,data/UCMerced_LandUse_processed/test/river/river12.tif,209440
ucm,test,16,16,2,river,data/UCMerced_LandUse_processed/test/river/river13.tif,210872
ucm,test,16,16,2,river,data/UCMerced_LandUse_processed/test/river/river14.tif,209344
ucm,test,16,16,2,river,data/UCMerced_LandUse_processed/test/river/river15.tif,209200
ucm,test,16,16,2,river,data/UCMerced_LandUse_processed/test/river/river16.tif,209760
ucm,test,16,16,2,river,data/UCMerced_LandUse_processed/test/river/river17.tif,209260
ucm,test,16,16,2,river,data/UCMerced_LandUse_processed/test/river/river18.tif,209176
ucm,test,16,16,2,river,data/UCMerced_LandUse_processed/test/river/river19.tif,208044
ucm,test,16,16,2,river,data/UCMerced_LandUse_processed/test/river/river20.tif,207988
ucm,test,16,16,2,river,data/UCMerced_LandUse_processed/test/river/river21.tif,208172
ucm,test,16,16,2,river,data/UCMerced_LandUse_processed/test/river/river22.tif,209052
ucm,test,16,16,2,river,data/UCMerced_LandUse_processed/test/river/river23.tif,209532
ucm,test,16,16,2,river,data/UCMerced_LandUse_processed/test/river/river24.tif,209392
ucm,test,16,16,2,river,data/UCMerced_LandUse_processed/test/river/river25.tif,209632
ucm,test,16,16,2,river,data/UCMerced_LandUse_processed/test/river/river26.tif,208756
ucm,test,16,16,2,river,data/UCMerced_LandUse_processed/test/river/river27.tif,207944
ucm,test,16,16,2,river,data/UCMerced_LandUse_processed/test/river/river28.tif,207876
ucm,test,16,16,2,river,data/UCMerced_LandUse_processed/test/river/river29.tif,208460
ucm,test,16,16,2,river,data/UCMerced_LandUse_processed/test/river/river30.tif,204920
ucm,test,16,16,2,river,data/UCMerced_LandUse_processed/test/river/river31.tif,208520
ucm,test,16,16,2,river,data/UCMerced_LandUse_processed/test/river/river32.tif,208524
ucm,test,16,16,2,river,data/UCMerced_LandUse_processed/test/river/river33.tif,209724
ucm,test,16,16,2,river,data/UCMerced_LandUse_processed/test/river/river34.tif,209388
ucm,test,16,16,2,river,data/UCMerced_LandUse_processed/test/river/river36.tif,209520
ucm,test,16,16,2,river,data/UCMerced_LandUse_processed/test/river/river37.tif,209812
ucm,test,16,16,2,river,data/UCMerced_LandUse_processed/test/river/river38.tif,209892
ucm,test,16,16,2,river,data/UCMerced_LandUse_processed/test/river/river39.tif,209328
ucm,test,16,16,2,river,data/UCMerced_LandUse_processed/test/river/river40.tif,209236
ucm,test,16,16,2,river,data/UCMerced_LandUse_processed/test/river/river41.tif,208944
ucm,test,16,16,2,river,data/UCMerced_LandUse_processed/test/river/river42.tif,209036
ucm,test,16,16,2,river,data/UCMerced_LandUse_processed/test/river/river43.tif,209256
ucm,test,16,16,2,river,data/UCMerced_LandUse_processed/test/river/river44.tif,209756
ucm,test,16,16,2,river,data/UCMerced_LandUse_processed/test/river/river45.tif,209556
ucm,test,16,16,2,river,data/UCMerced_LandUse_processed/test/river/river46.tif,209712
ucm,test,16,16,2,river,data/UCMerced_LandUse_processed/test/river/river47.tif,208124
ucm,test,16,16,2,river,data/UCMerced_LandUse_processed/test/river/river48.tif,207944
ucm,test,16,16,2,river,data/UCMerced_LandUse_processed/test/river/river49.tif,208888
ucm,test,16,16,2,river,data/UCMerced_LandUse_processed/test/river/river50.tif,207948
ucm,test,16,16,2,river,data/UCMerced_LandUse_processed/test/river/river51.tif,208252
ucm,test,16,16,2,river,data/UCMerced_LandUse_processed/test/river/river52.tif,208156
ucm,test,16,16,2,river,data/UCMerced_LandUse_processed/test/river/river53.tif,211596
ucm,test,16,16,2,river,data/UCMerced_LandUse_processed/test/river/river54.tif,211704
ucm,test,16,16,2,river,data/UCMerced_LandUse_processed/test/river/river55.tif,210428
ucm,test,16,16,2,river,data/UCMerced_LandUse_processed/test/river/river56.tif,210796
ucm,test,16,16,2,river,data/UCMerced_LandUse_processed/test/river/river57.tif,210368
ucm,test,16,16,2,river,data/UCMerced_LandUse_processed/test/river/river58.tif,209972
ucm,test,16,16,2,river,data/UCMerced_LandUse_processed/test/river/river59.tif,210444
ucm,test,16,16,2,river,data/UCMerced_LandUse_processed/test/river/river60.tif,210852
ucm,test,16,16,2,river,data/UCMerced_LandUse_processed/test/river/river61.tif,210324
ucm,test,16,16,2,river,data/UCMerced_LandUse_processed/test/river/river62.tif,210828
ucm,test,16,16,2,river,data/UCMerced_LandUse_processed/test/river/river63.tif,209680
ucm,test,16,16,2,river,data/UCMerced_LandUse_processed/test/river/river64.tif,209716
ucm,test,16,16,2,river,data/UCMerced_LandUse_processed/test/river/river65.tif,209548
ucm,test,16,16,2,river,data/UCMerced_LandUse_processed/test/river/river66.tif,211904
ucm,test,16,16,2,river,data/UCMerced_LandUse_processed/test/river/river67.tif,211452
ucm,test,16,16,2,river,data/UCMerced_LandUse_processed/test/river/river70.tif,208568
ucm,test,16,16,2,river,data/UCMerced_LandUse_processed/test/river/river71.tif,207888
ucm,test,16,16,2,river,data/UCMerced_LandUse_processed/test/river/river72.tif,206908
ucm,test,16,16,2,river,data/UCMerced_LandUse_processed/test/river/river73.tif,207860
ucm,test,16,16,2,river,data/UCMerced_LandUse_processed/test/river/river74.tif,206776
ucm,test,16,16,2,river,data/UCMerced_LandUse_processed/test/river/river75.tif,206748
ucm,test,16,16,2,river,data/UCMerced_LandUse_processed/test/river/river76.tif,206552
ucm,test,16,16,2,river,data/UCMerced_LandUse_processed/test/river/river77.tif,208940
ucm,test,16,16,2,river,data/UCMerced_LandUse_processed/test/river/river78.tif,209384
ucm,test,16,16,2,river,data/UCMerced_LandUse_processed/test/river/river79.tif,208488
ucm,test,16,16,2,river,data/UCMerced_LandUse_processed/test/river/river80.tif,208812
ucm,test,16,16,2,river,data/UCMerced_LandUse_processed/test/river/river81.tif,208916
ucm,test,16,16,2,river,data/UCMerced_LandUse_processed/test/river/river82.tif,207904
ucm,test,16,16,2,river,data/UCMerced_LandUse_processed/test/river/river83.tif,202428
ucm,test,16,16,2,river,data/UCMerced_LandUse_processed/test/river/river84.tif,205852
ucm,test,16,16,2,river,data/UCMerced_LandUse_processed/test/river/river85.tif,205924
ucm,test,16,16,2,river,data/UCMerced_LandUse_processed/test/river/river86.tif,208116
ucm,test,16,16,2,river,data/UCMerced_LandUse_processed/test/river/river87.tif,207704
ucm,test,16,16,2,river,data/UCMerced_LandUse_processed/test/river/river89.tif,207704
ucm,test,16,16,2,river,data/UCMerced_LandUse_processed/test/river/river90.tif,208004
ucm,test,16,16,2,river,data/UCMerced_LandUse_processed/test/river/river91.tif,207476
ucm,test,16,16,2,river,data/UCMerced_LandUse_processed/test/river/river92.tif,207228
ucm,test,16,16,2,river,data/UCMerced_LandUse_processed/test/river/river93.tif,208512
ucm,test,16,16,2,river,data/UCMerced_LandUse_processed/test/river/river94.tif,209908
ucm,test,16,16,2,river,data/UCMerced_LandUse_processed/test/river/river95.tif,207856
ucm,test,16,16,2,river,data/UCMerced_LandUse_processed/test/river/river96.tif,208044
ucm,test,16,16,2,river,data/UCMerced_LandUse_processed/test/river/river97.tif,207568
ucm,test,16,16,2,river,data/UCMerced_LandUse_processed/test/river/river98.tif,206388
ucm,test,16,16,2,river,data/UCMerced_LandUse_processed/test/river/river99.tif,206308
ucm,train,17,17,2,runway,data/UCMerced_LandUse_processed/train/runway/runway18.tif,208896
ucm,train,17,17,2,runway,data/UCMerced_LandUse_processed/train/runway/runway26.tif,208380
ucm,train,17,17,2,runway,data/UCMerced_LandUse_processed/train/runway/runway64.tif,207456
ucm,train,17,17,2,runway,data/UCMerced_LandUse_processed/train/runway/runway93.tif,207476
ucm,train,17,17,2,runway,data/UCMerced_LandUse_processed/train/runway/runway95.tif,207244
ucm,test,17,17,2,runway,data/UCMerced_LandUse_processed/test/runway/runway00.tif,207964
ucm,test,17,17,2,runway,data/UCMerced_LandUse_processed/test/runway/runway01.tif,208636
ucm,test,17,17,2,runway,data/UCMerced_LandUse_processed/test/runway/runway02.tif,207716
ucm,test,17,17,2,runway,data/UCMerced_LandUse_processed/test/runway/runway03.tif,207656
ucm,test,17,17,2,runway,data/UCMerced_LandUse_processed/test/runway/runway04.tif,208056
ucm,test,17,17,2,runway,data/UCMerced_LandUse_processed/test/runway/runway05.tif,207656
ucm,test,17,17,2,runway,data/UCMerced_LandUse_processed/test/runway/runway06.tif,208044
ucm,test,17,17,2,runway,data/UCMerced_LandUse_processed/test/runway/runway07.tif,207808
ucm,test,17,17,2,runway,data/UCMerced_LandUse_processed/test/runway/runway08.tif,207808
ucm,test,17,17,2,runway,data/UCMerced_LandUse_processed/test/runway/runway09.tif,207928
ucm,test,17,17,2,runway,data/UCMerced_LandUse_processed/test/runway/runway10.tif,208004
ucm,test,17,17,2,runway,data/UCMerced_LandUse_processed/test/runway/runway11.tif,207772
ucm,test,17,17,2,runway,data/UCMerced_LandUse_processed/test/runway/runway12.tif,207724
ucm,test,17,17,2,runway,data/UCMerced_LandUse_processed/test/runway/runway13.tif,207664
ucm,test,17,17,2,runway,data/UCMerced_LandUse_processed/test/runway/runway14.tif,207940
ucm,test,17,17,2,runway,data/UCMerced_LandUse_processed/test/runway/runway15.tif,207576
ucm,test,17,17,2,runway,data/UCMerced_LandUse_processed/test/runway/runway16.tif,207960
ucm,test,17,17,2,runway,data/UCMerced_LandUse_processed/test/runway/runway17.tif,207796
ucm,test,17,17,2,runway,data/UCMerced_LandUse_processed/test/runway/runway19.tif,207700
ucm,test,17,17,2,runway,data/UCMerced_LandUse_processed/test/runway/runway20.tif,208700
ucm,test,17,17,2,runway,data/UCMerced_LandUse_processed/test/runway/runway21.tif,208220
ucm,test,17,17,2,runway,data/UCMerced_LandUse_processed/test/runway/runway22.tif,207916
ucm,test,17,17,2,runway,data/UCMerced_LandUse_processed/test/runway/runway23.tif,207712
ucm,test,17,17,2,runway,data/UCMerced_LandUse_processed/test/runway/runway24.tif,206672
ucm,test,17,17,2,runway,data/UCMerced_LandUse_processed/test/runway/runway25.tif,208408
ucm,test,17,17,2,runway,data/UCMerced_LandUse_processed/test/runway/runway27.tif,208516
ucm,test,17,17,2,runway,data/UCMerced_LandUse_processed/test/runway/runway28.tif,208532
ucm,test,17,17,2,runway,data/UCMerced_LandUse_processed/test/runway/runway29.tif,207776
ucm,test,17,17,2,runway,data/UCMerced_LandUse_processed/test/runway/runway30.tif,206596
ucm,test,17,17,2,runway,data/UCMerced_LandUse_processed/test/runway/runway31.tif,207064
ucm,test,17,17,2,runway,data/UCMerced_LandUse_processed/test/runway/runway32.tif,207048
ucm,test,17,17,2,runway,data/UCMerced_LandUse_processed/test/runway/runway33.tif,208372
ucm,test,17,17,2,runway,data/UCMerced_LandUse_processed/test/runway/runway34.tif,208616
ucm,test,17,17,2,runway,data/UCMerced_LandUse_processed/test/runway/runway35.tif,208916
ucm,test,17,17,2,runway,data/UCMerced_LandUse_processed/test/runway/runway36.tif,208556
ucm,test,17,17,2,runway,data/UCMerced_LandUse_processed/test/runway/runway37.tif,207536
ucm,test,17,17,2,runway,data/UCMerced_LandUse_processed/test/runway/runway38.tif,208020
ucm,test,17,17,2,runway,data/UCMerced_LandUse_processed/test/runway/runway39.tif,207920
ucm,test,17,17,2,runway,data/UCMerced_LandUse_processed/test/runway/runway40.tif,208924
ucm,test,17,17,2,runway,data/UCMerced_LandUse_processed/test/runway/runway41.tif,209132
ucm,test,17,17,2,runway,data/UCMerced_LandUse_processed/test/runway/runway42.tif,208824
ucm,test,17,17,2,runway,data/UCMerced_LandUse_processed/test/runway/runway43.tif,208692
ucm,test,17,17,2,runway,data/UCMerced_LandUse_processed/test/runway/runway44.tif,208920
ucm,test,17,17,2,runway,data/UCMerced_LandUse_processed/test/runway/runway45.tif,207968
ucm,test,17,17,2,runway,data/UCMerced_LandUse_processed/test/runway/runway46.tif,208156
ucm,test,17,17,2,runway,data/UCMerced_LandUse_processed/test/runway/runway47.tif,208048
ucm,test,17,17,2,runway,data/UCMerced_LandUse_processed/test/runway/runway48.tif,208364
ucm,test,17,17,2,runway,data/UCMerced_LandUse_processed/test/runway/runway49.tif,207744
ucm,test,17,17,2,runway,data/UCMerced_LandUse_processed/test/runway/runway50.tif,207888
ucm,test,17,17,2,runway,data/UCMerced_LandUse_processed/test/runway/runway51.tif,208472
ucm,test,17,17,2,runway,data/UCMerced_LandUse_processed/test/runway/runway52.tif,208344
ucm,test,17,17,2,runway,data/UCMerced_LandUse_processed/test/runway/runway53.tif,208800
ucm,test,17,17,2,runway,data/UCMerced_LandUse_processed/test/runway/runway54.tif,210428
ucm,test,17,17,2,runway,data/UCMerced_LandUse_processed/test/runway/runway55.tif,210232
ucm,test,17,17,2,runway,data/UCMerced_LandUse_processed/test/runway/runway56.tif,208192
ucm,test,17,17,2,runway,data/UCMerced_LandUse_processed/test/runway/runway57.tif,208840
ucm,test,17,17,2,runway,data/UCMerced_LandUse_processed/test/runway/runway58.tif,208448
ucm,test,17,17,2,runway,data/UCMerced_LandUse_processed/test/runway/runway59.tif,208624
ucm,test,17,17,2,runway,data/UCMerced_LandUse_processed/test/runway/runway60.tif,208828
ucm,test,17,17,2,runway,data/UCMerced_LandUse_processed/test/runway/runway61.tif,207940
ucm,test,17,17,2,runway,data/UCMerced_LandUse_processed/test/runway/runway62.tif,208328
ucm,test,17,17,2,runway,data/UCMerced_LandUse_processed/test/runway/runway63.tif,207880
ucm,test,17,17,2,runway,data/UCMerced_LandUse_processed/test/runway/runway65.tif,207316
ucm,test,17,17,2,runway,data/UCMerced_LandUse_processed/test/runway/runway66.tif,208796
ucm,test,17,17,2,runway,data/UCMerced_LandUse_processed/test/runway/runway67.tif,209912
ucm,test,17,17,2,runway,data/UCMerced_LandUse_processed/test/runway/runway68.tif,210120
ucm,test,17,17,2,runway,data/UCMerced_LandUse_processed/test/runway/runway69.tif,207736
ucm,test,17,17,2,runway,data/UCMerced_LandUse_processed/test/runway/runway70.tif,208032
ucm,test,17,17,2,runway,data/UCMerced_LandUse_processed/test/runway/runway71.tif,206984
ucm,test,17,17,2,runway,data/UCMerced_LandUse_processed/test/runway/runway72.tif,207640
ucm,test,17,17,2,runway,data/UCMerced_LandUse_processed/test/runway/runway73.tif,207352
ucm,test,17,17,2,runway,data/UCMerced_LandUse_processed/test/runway/runway74.tif,207912
ucm,test,17,17,2,runway,data/UCMerced_LandUse_processed/test/runway/runway75.tif,207036
ucm,test,17,17,2,runway,data/UCMerced_LandUse_processed/test/runway/runway76.tif,207864
ucm,test,17,17,2,runway,data/UCMerced_LandUse_processed/test/runway/runway77.tif,207268
ucm,test,17,17,2,runway,data/UCMerced_LandUse_processed/test/runway/runway78.tif,207084
ucm,test,17,17,2,runway,data/UCMerced_LandUse_processed/test/runway/runway79.tif,208952
ucm,test,17,17,2,runway,data/UCMerced_LandUse_processed/test/runway/runway80.tif,208752
ucm,test,17,17,2,runway,data/UCMerced_LandUse_processed/test/runway/runway81.tif,208800
ucm,test,17,17,2,runway,data/UCMerced_LandUse_processed/test/runway/runway82.tif,207964
ucm,test,17,17,2,runway,data/UCMerced_LandUse_processed/test/runway/runway83.tif,208332
ucm,test,17,17,2,runway,data/UCMerced_LandUse_processed/test/runway/runway84.tif,209824
ucm,test,17,17,2,runway,data/UCMerced_LandUse_processed/test/runway/runway85.tif,209428
ucm,test,17,17,2,runway,data/UCMerced_LandUse_processed/test/runway/runway86.tif,209936
ucm,test,17,17,2,runway,data/UCMerced_LandUse_processed/test/runway/runway87.tif,208816
ucm,test,17,17,2,runway,data/UCMerced_LandUse_processed/test/runway/runway88.tif,207004
ucm,test,17,17,2,runway,data/UCMerced_LandUse_processed/test/runway/runway89.tif,208092
ucm,test,17,17,2,runway,data/UCMerced_LandUse_processed/test/runway/runway90.tif,208252
ucm,test,17,17,2,runway,data/UCMerced_LandUse_processed/test/runway/runway91.tif,208044
ucm,test,17,17,2,runway,data/UCMerced_LandUse_processed/test/runway/runway92.tif,207720
ucm,test,17,17,2,runway,data/UCMerced_LandUse_processed/test/runway/runway94.tif,207216
ucm,test,17,17,2,runway,data/UCMerced_LandUse_processed/test/runway/runway96.tif,206952
ucm,test,17,17,2,runway,data/UCMerced_LandUse_processed/test/runway/runway97.tif,207160
ucm,test,17,17,2,runway,data/UCMerced_LandUse_processed/test/runway/runway98.tif,207376
ucm,test,17,17,2,runway,data/UCMerced_LandUse_processed/test/runway/runway99.tif,207692
ucm,train,18,18,3,sparseresidential,data/UCMerced_LandUse_processed/train/sparseresidential/sparseresidential23.tif,209356
ucm,train,18,18,3,sparseresidential,data/UCMerced_LandUse_processed/train/sparseresidential/sparseresidential25.tif,209224
ucm,train,18,18,3,sparseresidential,data/UCMerced_LandUse_processed/train/sparseresidential/sparseresidential31.tif,209988
ucm,train,18,18,3,sparseresidential,data/UCMerced_LandUse_processed/train/sparseresidential/sparseresidential57.tif,207876
ucm,train,18,18,3,sparseresidential,data/UCMerced_LandUse_processed/train/sparseresidential/sparseresidential91.tif,210748
ucm,test,18,18,3,sparseresidential,data/UCMerced_LandUse_processed/test/sparseresidential/sparseresidential00.tif,209996
ucm,test,18,18,3,sparseresidential,data/UCMerced_LandUse_processed/test/sparseresidential/sparseresidential01.tif,209212
ucm,test,18,18,3,sparseresidential,data/UCMerced_LandUse_processed/test/sparseresidential/sparseresidential02.tif,209012
ucm,test,18,18,3,sparseresidential,data/UCMerced_LandUse_processed/test/sparseresidential/sparseresidential03.tif,209028
ucm,test,18,18,3,sparseresidential,data/UCMerced_LandUse_processed/test/sparseresidential/sparseresidential04.tif,209664
ucm,test,18,18,3,sparseresidential,data/UCMerced_LandUse_processed/test/sparseresidential/sparseresidential05.tif,209652
ucm,test,18,18,3,sparseresidential,data/UCMerced_LandUse_processed/test/sparseresidential/sparseresidential06.tif,210628
ucm,test,18,18,3,sparseresidential,data/UCMerced_LandUse_processed/test/sparseresidential/sparseresidential07.tif,210728
ucm,test,18,18,3,sparseresidential,data/UCMerced_LandUse_processed/test/sparseresidential/sparseresidential08.tif,209808
ucm,test,18,18,3,sparseresidential,data/UCMerced_LandUse_processed/test/sparseresidential/sparseresidential09.tif,210836
ucm,test,18,18,3,sparseresidential,data/UCMerced_LandUse_processed/test/sparseresidential/sparseresidential10.tif,209864
ucm,test,18,18,3,sparseresidential,data/UCMerced_LandUse_processed/test/sparseresidential/sparseresidential11.tif,211432
ucm,test,18,18,3,sparseresidential,data/UCMerced_LandUse_processed/test/sparseresidential/sparseresidential12.tif,210520
ucm,test,18,18,3,sparseresidential,data/UCMerced_LandUse_processed/test/sparseresidential/sparseresidential13.tif,210476
ucm,test,18,18,3,sparseresidential,data/UCMerced_LandUse_processed/test/sparseresidential/sparseresidential14.tif,210580
ucm,test,18,18,3,sparseresidential,data/UCMerced_LandUse_processed/test/sparseresidential/sparseresidential15.tif,210288
ucm,test,18,18,3,sparseresidential,data/UCMerced_LandUse_processed/test/sparseresidential/sparseresidential16.tif,209444
ucm,test,18,18,3,sparseresidential,data/UCMerced_LandUse_processed/test/sparseresidential/sparseresidential17.tif,208988
ucm,test,18,18,3,sparseresidential,data/UCMerced_LandUse_processed/test/sparseresidential/sparseresidential18.tif,209248
ucm,test,18,18,3,sparseresidential,data/UCMerced_LandUse_processed/test/sparseresidential/sparseresidential19.tif,209556
ucm,test,18,18,3,sparseresidential,data/UCMerced_LandUse_processed/test/sparseresidential/sparseresidential20.tif,209324
ucm,test,18,18,3,sparseresidential,data/UCMerced_LandUse_processed/test/sparseresidential/sparseresidential21.tif,209468
ucm,test,18,18,3,sparseresidential,data/UCMerced_LandUse_processed/test/sparseresidential/sparseresidential22.tif,209268
ucm,test,18,18,3,sparseresidential,data/UCMerced_LandUse_processed/test/sparseresidential/sparseresidential24.tif,209864
ucm,test,18,18,3,sparseresidential,data/UCMerced_LandUse_processed/test/sparseresidential/sparseresidential26.tif,209236
ucm,test,18,18,3,sparseresidential,data/UCMerced_LandUse_processed/test/sparseresidential/sparseresidential27.tif,209612
ucm,test,18,18,3,sparseresidential,data/UCMerced_LandUse_processed/test/sparseresidential/sparseresidential28.tif,209016
ucm,test,18,18,3,sparseresidential,data/UCMerced_LandUse_processed/test/sparseresidential/sparseresidential29.tif,209552
ucm,test,18,18,3,sparseresidential,data/UCMerced_LandUse_processed/test/sparseresidential/sparseresidential30.tif,209644
ucm,test,18,18,3,sparseresidential,data/UCMerced_LandUse_processed/test/sparseresidential/sparseresidential32.tif,209556
ucm,test,18,18,3,sparseresidential,data/UCMerced_LandUse_processed/test/sparseresidential/sparseresidential33.tif,208984
ucm,test,18,18,3,sparseresidential,data/UCMerced_LandUse_processed/test/sparseresidential/sparseresidential34.tif,209092
ucm,test,18,18,3,sparseresidential,data/UCMerced_LandUse_processed/test/sparseresidential/sparseresidential35.tif,209280
ucm,test,18,18,3,sparseresidential,data/UCMerced_LandUse_processed/test/sparseresidential/sparseresidential36.tif,209360
ucm,test,18,18,3,sparseresidential,data/UCMerced_LandUse_processed/test/sparseresidential/sparseresidential37.tif,210824
ucm,test,18,18,3,sparseresidential,data/UCMerced_LandUse_processed/test/sparseresidential/sparseresidential38.tif,209236
ucm,test,18,18,3,sparseresidential,data/UCMerced_LandUse_processed/test/sparseresidential/sparseresidential39.tif,209624
ucm,test,18,18,3,sparseresidential,data/UCMerced_LandUse_processed/test/sparseresidential/sparseresidential40.tif,209428
ucm,test,18,18,3,sparseresidential,data/UCMerced_LandUse_processed/test/sparseresidential/sparseresidential41.tif,209196
ucm,test,18,18,3,sparseresidential,data/UCMerced_LandUse_processed/test/sparseresidential/sparseresidential42.tif,208920
ucm,test,18,18,3,sparseresidential,data/UCMerced_LandUse_processed/test/sparseresidential/sparseresidential43.tif,208644
ucm,test,18,18,3,sparseresidential,data/UCMerced_LandUse_processed/test/sparseresidential/sparseresidential44.tif,207356
ucm,test,18,18,3,sparseresidential,data/UCMerced_LandUse_processed/test/sparseresidential/sparseresidential45.tif,196004
ucm,test,18,18,3,sparseresidential,data/UCMerced_LandUse_processed/test/sparseresidential/sparseresidential46.tif,202924
ucm,test,18,18,3,sparseresidential,data/UCMerced_LandUse_processed/test/sparseresidential/sparseresidential47.tif,206880
ucm,test,18,18,3,sparseresidential,data/UCMerced_LandUse_processed/test/sparseresidential/sparseresidential48.tif,207308
ucm,test,18,18,3,sparseresidential,data/UCMerced_LandUse_processed/test/sparseresidential/sparseresidential49.tif,207632
ucm,test,18,18,3,sparseresidential,data/UCMerced_LandUse_processed/test/sparseresidential/sparseresidential50.tif,207268
ucm,test,18,18,3,sparseresidential,data/UCMerced_LandUse_processed/test/sparseresidential/sparseresidential51.tif,207500
ucm,test,18,18,3,sparseresidential,data/UCMerced_LandUse_processed/test/sparseresidential/sparseresidential52.tif,207308
ucm,test,18,18,3,sparseresidential,data/UCMerced_LandUse_processed/test/sparseresidential/sparseresidential53.tif,207324
ucm,test,18,18,3,sparseresidential,data/UCMerced_LandUse_processed/test/sparseresidential/sparseresidential54.tif,207608
ucm,test,18,18,3,sparseresidential,data/UCMerced_LandUse_processed/test/sparseresidential/sparseresidential55.tif,207380
ucm,test,18,18,3,sparseresidential,data/UCMerced_LandUse_processed/test/sparseresidential/sparseresidential56.tif,208068
ucm,test,18,18,3,sparseresidential,data/UCMerced_LandUse_processed/test/sparseresidential/sparseresidential58.tif,207224
ucm,test,18,18,3,sparseresidential,data/UCMerced_LandUse_processed/test/sparseresidential/sparseresidential59.tif,207036
ucm,test,18,18,3,sparseresidential,data/UCMerced_LandUse_processed/test/sparseresidential/sparseresidential60.tif,206840
ucm,test,18,18,3,sparseresidential,data/UCMerced_LandUse_processed/test/sparseresidential/sparseresidential61.tif,211104
ucm,test,18,18,3,sparseresidential,data/UCMerced_LandUse_processed/test/sparseresidential/sparseresidential62.tif,209584
ucm,test,18,18,3,sparseresidential,data/UCMerced_LandUse_processed/test/sparseresidential/sparseresidential63.tif,210112
ucm,test,18,18,3,sparseresidential,data/UCMerced_LandUse_processed/test/sparseresidential/sparseresidential64.tif,210368
ucm,test,18,18,3,sparseresidential,data/UCMerced_LandUse_processed/test/sparseresidential/sparseresidential65.tif,210308
ucm,test,18,18,3,sparseresidential,data/UCMerced_LandUse_processed/test/sparseresidential/sparseresidential66.tif,210140
ucm,test,18,18,3,sparseresidential,data/UCMerced_LandUse_processed/test/sparseresidential/sparseresidential67.tif,211048
ucm,test,18,18,3,sparseresidential,data/UCMerced_LandUse_processed/test/sparseresidential/sparseresidential68.tif,210304
ucm,test,18,18,3,sparseresidential,data/UCMerced_LandUse_processed/test/sparseresidential/sparseresidential69.tif,209816
ucm,test,18,18,3,sparseresidential,data/UCMerced_LandUse_processed/test/sparseresidential/sparseresidential70.tif,210088
ucm,test,18,18,3,sparseresidential,data/UCMerced_LandUse_processed/test/sparseresidential/sparseresidential71.tif,210656
ucm,test,18,18,3,sparseresidential,data/UCMerced_LandUse_processed/test/sparseresidential/sparseresidential72.tif,210476
ucm,test,18,18,3,sparseresidential,data/UCMerced_LandUse_processed/test/sparseresidential/sparseresidential73.tif,208272
ucm,test,18,18,3,sparseresidential,data/UCMerced_LandUse_processed/test/sparseresidential/sparseresidential74.tif,208536
ucm,test,18,18,3,sparseresidential,data/UCMerced_LandUse_processed/test/sparseresidential/sparseresidential75.tif,207812
ucm,test,18,18,3,sparseresidential,data/UCMerced_LandUse_processed/test/sparseresidential/sparseresidential76.tif,208160
ucm,test,18,18,3,sparseresidential,data/UCMerced_LandUse_processed/test/sparseresidential/sparseresidential77.tif,207172
ucm,test,18,18,3,sparseresidential,data/UCMerced_LandUse_processed/test/sparseresidential/sparseresidential78.tif,208972
ucm,test,18,18,3,sparseresidential,data/UCMerced_LandUse_processed/test/sparseresidential/sparseresidential79.tif,210628
ucm,test,18,18,3,sparseresidential,data/UCMerced_LandUse_processed/test/sparseresidential/sparseresidential80.tif,209588
ucm,test,18,18,3,sparseresidential,data/UCMerced_LandUse_processed/test/sparseresidential/sparseresidential81.tif,209156
ucm,test,18,18,3,sparseresidential,data/UCMerced_LandUse_processed/test/sparseresidential/sparseresidential82.tif,208732
ucm,test,18,18,3,sparseresidential,data/UCMerced_LandUse_processed/test/sparseresidential/sparseresidential83.tif,208772
ucm,test,18,18,3,sparseresidential,data/UCMerced_LandUse_processed/test/sparseresidential/sparseresidential84.tif,209100
ucm,test,18,18,3,sparseresidential,data/UCMerced_LandUse_processed/test/sparseresidential/sparseresidential85.tif,209740
ucm,test,18,18,3,sparseresidential,data/UCMerced_LandUse_processed/test/sparseresidential/sparseresidential86.tif,210916
ucm,test,18,18,3,sparseresidential,data/UCMerced_LandUse_processed/test/sparseresidential/sparseresidential87.tif,210968
ucm,test,18,18,3,sparseresidential,data/UCMerced_LandUse_processed/test/sparseresidential/sparseresidential88.tif,210096
ucm,test,18,18,3,sparseresidential,data/UCMerced_LandUse_processed/test/sparseresidential/sparseresidential89.tif,210684
ucm,test,18,18,3,sparseresidential,data/UCMerced_LandUse_processed/test/sparseresidential/sparseresidential90.tif,210676
ucm,test,18,18,3,sparseresidential,data/UCMerced_LandUse_processed/test/sparseresidential/sparseresidential92.tif,210080
ucm,test,18,18,3,sparseresidential,data/UCMerced_LandUse_processed/test/sparseresidential/sparseresidential93.tif,210920
ucm,test,18,18,3,sparseresidential,data/UCMerced_LandUse_processed/test/sparseresidential/sparseresidential94.tif,210664
ucm,test,18,18,3,sparseresidential,data/UCMerced_LandUse_processed/test/sparseresidential/sparseresidential95.tif,209308
ucm,test,18,18,3,sparseresidential,data/UCMerced_LandUse_processed/test/sparseresidential/sparseresidential96.tif,209140
ucm,test,18,18,3,sparseresidential,data/UCMerced_LandUse_processed/test/sparseresidential/sparseresidential97.tif,210444
ucm,test,18,18,3,sparseresidential,data/UCMerced_LandUse_processed/test/sparseresidential/sparseresidential98.tif,207920
ucm,test,18,18,3,sparseresidential,data/UCMerced_LandUse_processed/test/sparseresidential/sparseresidential99.tif,207896
ucm,train,19,19,3,storagetanks,data/UCMerced_LandUse_processed/train/storagetanks/storagetanks02.tif,208196
ucm,train,19,19,3,storagetanks,data/UCMerced_LandUse_processed/train/storagetanks/storagetanks39.tif,210060
ucm,train,19,19,3,storagetanks,data/UCMerced_LandUse_processed/train/storagetanks/storagetanks43.tif,210660
ucm,train,19,19,3,storagetanks,data/UCMerced_LandUse_processed/train/storagetanks/storagetanks77.tif,207244
ucm,train,19,19,3,storagetanks,data/UCMerced_LandUse_processed/train/storagetanks/storagetanks88.tif,207724
ucm,test,19,19,3,storagetanks,data/UCMerced_LandUse_processed/test/storagetanks/storagetanks00.tif,208944
ucm,test,19,19,3,storagetanks,data/UCMerced_LandUse_processed/test/storagetanks/storagetanks01.tif,208068
ucm,test,19,19,3,storagetanks,data/UCMerced_LandUse_processed/test/storagetanks/storagetanks03.tif,210428
ucm,test,19,19,3,storagetanks,data/UCMerced_LandUse_processed/test/storagetanks/storagetanks04.tif,210876
ucm,test,19,19,3,storagetanks,data/UCMerced_LandUse_processed/test/storagetanks/storagetanks05.tif,211804
ucm,test,19,19,3,storagetanks,data/UCMerced_LandUse_processed/test/storagetanks/storagetanks06.tif,210832
ucm,test,19,19,3,storagetanks,data/UCMerced_LandUse_processed/test/storagetanks/storagetanks07.tif,210584
ucm,test,19,19,3,storagetanks,data/UCMerced_LandUse_processed/test/storagetanks/storagetanks08.tif,209164
ucm,test,19,19,3,storagetanks,data/UCMerced_LandUse_processed/test/storagetanks/storagetanks09.tif,208444
ucm,test,19,19,3,storagetanks,data/UCMerced_LandUse_processed/test/storagetanks/storagetanks10.tif,208824
ucm,test,19,19,3,storagetanks,data/UCMerced_LandUse_processed/test/storagetanks/storagetanks11.tif,208460
ucm,test,19,19,3,storagetanks,data/UCMerced_LandUse_processed/test/storagetanks/storagetanks12.tif,208192
ucm,test,19,19,3,storagetanks,data/UCMerced_LandUse_processed/test/storagetanks/storagetanks13.tif,208112
ucm,test,19,19,3,storagetanks,data/UCMerced_LandUse_processed/test/storagetanks/storagetanks14.tif,208720
ucm,test,19,19,3,storagetanks,data/UCMerced_LandUse_processed/test/storagetanks/storagetanks15.tif,209024
ucm,test,19,19,3,storagetanks,data/UCMerced_LandUse_processed/test/storagetanks/storagetanks16.tif,209532
ucm,test,19,19,3,storagetanks,data/UCMerced_LandUse_processed/test/storagetanks/storagetanks17.tif,208392
ucm,test,19,19,3,storagetanks,data/UCMerced_LandUse_processed/test/storagetanks/storagetanks18.tif,209556
ucm,test,19,19,3,storagetanks,data/UCMerced_LandUse_processed/test/storagetanks/storagetanks19.tif,209220
ucm,test,19,19,3,storagetanks,data/UCMerced_LandUse_processed/test/storagetanks/storagetanks20.tif,209060
ucm,test,19,19,3,storagetanks,data/UCMerced_LandUse_processed/test/storagetanks/storagetanks21.tif,209660
ucm,test,19,19,3,storagetanks,data/UCMerced_LandUse_processed/test/storagetanks/storagetanks22.tif,209276
ucm,test,19,19,3,storagetanks,data/UCMerced_LandUse_processed/test/storagetanks/storagetanks23.tif,209144
ucm,test,19,19,3,storagetanks,data/UCMerced_LandUse_processed/test/storagetanks/storagetanks24.tif,208588
ucm,test,19,19,3,storagetanks,data/UCMerced_LandUse_processed/test/storagetanks/storagetanks25.tif,208480
ucm,test,19,19,3,storagetanks,data/UCMerced_LandUse_processed/test/storagetanks/storagetanks26.tif,208612
ucm,test,19,19,3,storagetanks,data/UCMerced_LandUse_processed/test/storagetanks/storagetanks27.tif,211472
ucm,test,19,19,3,storagetanks,data/UCMerced_LandUse_processed/test/storagetanks/storagetanks28.tif,209288
ucm,test,19,19,3,storagetanks,data/UCMerced_LandUse_processed/test/storagetanks/storagetanks29.tif,209248
ucm,test,19,19,3,storagetanks,data/UCMerced_LandUse_processed/test/storagetanks/storagetanks30.tif,210360
ucm,test,19,19,3,storagetanks,data/UCMerced_LandUse_processed/test/storagetanks/storagetanks31.tif,210804
ucm,test,19,19,3,storagetanks,data/UCMerced_LandUse_processed/test/storagetanks/storagetanks32.tif,210848
ucm,test,19,19,3,storagetanks,data/UCMerced_LandUse_processed/test/storagetanks/storagetanks33.tif,209124
ucm,test,19,19,3,storagetanks,data/UCMerced_LandUse_processed/test/storagetanks/storagetanks34.tif,209484
ucm,test,19,19,3,storagetanks,data/UCMerced_LandUse_processed/test/storagetanks/storagetanks35.tif,208980
ucm,test,19,19,3,storagetanks,data/UCMerced_LandUse_processed/test/storagetanks/storagetanks36.tif,210776
ucm,test,19,19,3,storagetanks,data/UCMerced_LandUse_processed/test/storagetanks/storagetanks37.tif,210216
ucm,test,19,19,3,storagetanks,data/UCMerced_LandUse_processed/test/storagetanks/storagetanks38.tif,209436
ucm,test,19,19,3,storagetanks,data/UCMerced_LandUse_processed/test/storagetanks/storagetanks40.tif,208956
ucm,test,19,19,3,storagetanks,data/UCMerced_LandUse_processed/test/storagetanks/storagetanks41.tif,212092
ucm,test,19,19,3,storagetanks,data/UCMerced_LandUse_processed/test/storagetanks/storagetanks42.tif,211408
ucm,test,19,19,3,storagetanks,data/UCMerced_LandUse_processed/test/storagetanks/storagetanks44.tif,208576
ucm,test,19,19,3,storagetanks,data/UCMerced_LandUse_processed/test/storagetanks/storagetanks45.tif,209956
ucm,test,19,19,3,storagetanks,data/UCMerced_LandUse_processed/test/storagetanks/storagetanks46.tif,210524
ucm,test,19,19,3,storagetanks,data/UCMerced_LandUse_processed/test/storagetanks/storagetanks47.tif,209240
ucm,test,19,19,3,storagetanks,data/UCMerced_LandUse_processed/test/storagetanks/storagetanks48.tif,207436
ucm,test,19,19,3,storagetanks,data/UCMerced_LandUse_processed/test/storagetanks/storagetanks49.tif,208360
ucm,test,19,19,3,storagetanks,data/UCMerced_LandUse_processed/test/storagetanks/storagetanks50.tif,208068
ucm,test,19,19,3,storagetanks,data/UCMerced_LandUse_processed/test/storagetanks/storagetanks51.tif,207856
ucm,test,19,19,3,storagetanks,data/UCMerced_LandUse_processed/test/storagetanks/storagetanks52.tif,207624
ucm,test,19,19,3,storagetanks,data/UCMerced_LandUse_processed/test/storagetanks/storagetanks53.tif,207660
ucm,test,19,19,3,storagetanks,data/UCMerced_LandUse_processed/test/storagetanks/storagetanks54.tif,207704
ucm,test,19,19,3,storagetanks,data/UCMerced_LandUse_processed/test/storagetanks/storagetanks55.tif,207880
ucm,test,19,19,3,storagetanks,data/UCMerced_LandUse_processed/test/storagetanks/storagetanks56.tif,207456
ucm,test,19,19,3,storagetanks,data/UCMerced_LandUse_processed/test/storagetanks/storagetanks57.tif,207488
ucm,test,19,19,3,storagetanks,data/UCMerced_LandUse_processed/test/storagetanks/storagetanks58.tif,208624
ucm,test,19,19,3,storagetanks,data/UCMerced_LandUse_processed/test/storagetanks/storagetanks59.tif,208164
ucm,test,19,19,3,storagetanks,data/UCMerced_LandUse_processed/test/storagetanks/storagetanks60.tif,203888
ucm,test,19,19,3,storagetanks,data/UCMerced_LandUse_processed/test/storagetanks/storagetanks61.tif,207344
ucm,test,19,19,3,storagetanks,data/UCMerced_LandUse_processed/test/storagetanks/storagetanks62.tif,205612
ucm,test,19,19,3,storagetanks,data/UCMerced_LandUse_processed/test/storagetanks/storagetanks63.tif,206044
ucm,test,19,19,3,storagetanks,data/UCMerced_LandUse_processed/test/storagetanks/storagetanks64.tif,208600
ucm,test,19,19,3,storagetanks,data/UCMerced_LandUse_processed/test/storagetanks/storagetanks65.tif,208476
ucm,test,19,19,3,storagetanks,data/UCMerced_LandUse_processed/test/storagetanks/storagetanks66.tif,208396
ucm,test,19,19,3,storagetanks,data/UCMerced_LandUse_processed/test/storagetanks/storagetanks67.tif,207328
ucm,test,19,19,3,storagetanks,data/UCMerced_LandUse_processed/test/storagetanks/storagetanks68.tif,208868
ucm,test,19,19,3,storagetanks,data/UCMerced_LandUse_processed/test/storagetanks/storagetanks69.tif,208352
ucm,test,19,19,3,storagetanks,data/UCMerced_LandUse_processed/test/storagetanks/storagetanks70.tif,208476
ucm,test,19,19,3,storagetanks,data/UCMerced_LandUse_processed/test/storagetanks/storagetanks71.tif,208708
ucm,test,19,19,3,storagetanks,data/UCMerced_LandUse_processed/test/storagetanks/storagetanks72.tif,209208
ucm,test,19,19,3,storagetanks,data/UCMerced_LandUse_processed/test/storagetanks/storagetanks73.tif,206472
ucm,test,19,19,3,storagetanks,data/UCMerced_LandUse_processed/test/storagetanks/storagetanks74.tif,206636
ucm,test,19,19,3,storagetanks,data/UCMerced_LandUse_processed/test/storagetanks/storagetanks75.tif,207700
ucm,test,19,19,3,storagetanks,data/UCMerced_LandUse_processed/test/storagetanks/storagetanks76.tif,206600
ucm,test,19,19,3,storagetanks,data/UCMerced_LandUse_processed/test/storagetanks/storagetanks78.tif,206100
ucm,test,19,19,3,storagetanks,data/UCMerced_LandUse_processed/test/storagetanks/storagetanks79.tif,206324
ucm,test,19,19,3,storagetanks,data/UCMerced_LandUse_processed/test/storagetanks/storagetanks80.tif,206432
ucm,test,19,19,3,storagetanks,data/UCMerced_LandUse_processed/test/storagetanks/storagetanks81.tif,206052
ucm,test,19,19,3,storagetanks,data/UCMerced_LandUse_processed/test/storagetanks/storagetanks82.tif,207680
ucm,test,19,19,3,storagetanks,data/UCMerced_LandUse_processed/test/storagetanks/storagetanks83.tif,208000
ucm,test,19,19,3,storagetanks,data/UCMerced_LandUse_processed/test/storagetanks/storagetanks84.tif,207632
ucm,test,19,19,3,storagetanks,data/UCMerced_LandUse_processed/test/storagetanks/storagetanks85.tif,206892
ucm,test,19,19,3,storagetanks,data/UCMerced_LandUse_processed/test/storagetanks/storagetanks86.tif,206644
ucm,test,19,19,3,storagetanks,data/UCMerced_LandUse_processed/test/storagetanks/storagetanks87.tif,206276
ucm,test,19,19,3,storagetanks,data/UCMerced_LandUse_processed/test/storagetanks/storagetanks89.tif,208584
ucm,test,19,19,3,storagetanks,data/UCMerced_LandUse_processed/test/storagetanks/storagetanks90.tif,208700
ucm,test,19,19,3,storagetanks,data/UCMerced_LandUse_processed/test/storagetanks/storagetanks91.tif,210100
ucm,test,19,19,3,storagetanks,data/UCMerced_LandUse_processed/test/storagetanks/storagetanks92.tif,207608
ucm,test,19,19,3,storagetanks,data/UCMerced_LandUse_processed/test/storagetanks/storagetanks93.tif,209192
ucm,test,19,19,3,storagetanks,data/UCMerced_LandUse_processed/test/storagetanks/storagetanks94.tif,209604
ucm,test,19,19,3,storagetanks,data/UCMerced_LandUse_processed/test/storagetanks/storagetanks95.tif,208744
ucm,test,19,19,3,storagetanks,data/UCMerced_LandUse_processed/test/storagetanks/storagetanks96.tif,208876
ucm,test,19,19,3,storagetanks,data/UCMerced_LandUse_processed/test/storagetanks/storagetanks97.tif,209208
ucm,test,19,19,3,storagetanks,data/UCMerced_LandUse_processed/test/storagetanks/storagetanks98.tif,208724
ucm,test,19,19,3,storagetanks,data/UCMerced_LandUse_processed/test/storagetanks/storagetanks99.tif,208788
ucm,train,20,20,3,tenniscourt,data/UCMerced_LandUse_processed/train/tenniscourt/tenniscourt18.tif,208544
ucm,train,20,20,3,tenniscourt,data/UCMerced_LandUse_processed/train/tenniscourt/tenniscourt31.tif,210012
ucm,train,20,20,3,tenniscourt,data/UCMerced_LandUse_processed/train/tenniscourt/tenniscourt46.tif,209584
ucm,train,20,20,3,tenniscourt,data/UCMerced_LandUse_processed/train/tenniscourt/tenniscourt56.tif,208624
ucm,train,20,20,3,tenniscourt,data/UCMerced_LandUse_processed/train/tenniscourt/tenniscourt92.tif,208700
ucm,test,20,20,3,tenniscourt,data/UCMerced_LandUse_processed/test/tenniscourt/tenniscourt00.tif,208700
ucm,test,20,20,3,tenniscourt,data/UCMerced_LandUse_processed/test/tenniscourt/tenniscourt01.tif,209416
ucm,test,20,20,3,tenniscourt,data/UCMerced_LandUse_processed/test/tenniscourt/tenniscourt02.tif,210128
ucm,test,20,20,3,tenniscourt,data/UCMerced_LandUse_processed/test/tenniscourt/tenniscourt03.tif,210524
ucm,test,20,20,3,tenniscourt,data/UCMerced_LandUse_processed/test/tenniscourt/tenniscourt04.tif,209704
ucm,test,20,20,3,tenniscourt,data/UCMerced_LandUse_processed/test/tenniscourt/tenniscourt05.tif,209816
ucm,test,20,20,3,tenniscourt,data/UCMerced_LandUse_processed/test/tenniscourt/tenniscourt06.tif,210212
ucm,test,20,20,3,tenniscourt,data/UCMerced_LandUse_processed/test/tenniscourt/tenniscourt07.tif,210024
ucm,test,20,20,3,tenniscourt,data/UCMerced_LandUse_processed/test/tenniscourt/tenniscourt08.tif,210088
ucm,test,20,20,3,tenniscourt,data/UCMerced_LandUse_processed/test/tenniscourt/tenniscourt09.tif,210444
ucm,test,20,20,3,tenniscourt,data/UCMerced_LandUse_processed/test/tenniscourt/tenniscourt10.tif,208592
ucm,test,20,20,3,tenniscourt,data/UCMerced_LandUse_processed/test/tenniscourt/tenniscourt11.tif,208512
ucm,test,20,20,3,tenniscourt,data/UCMerced_LandUse_processed/test/tenniscourt/tenniscourt12.tif,208312
ucm,test,20,20,3,tenniscourt,data/UCMerced_LandUse_processed/test/tenniscourt/tenniscourt13.tif,209256
ucm,test,20,20,3,tenniscourt,data/UCMerced_LandUse_processed/test/tenniscourt/tenniscourt14.tif,203456
ucm,test,20,20,3,tenniscourt,data/UCMerced_LandUse_processed/test/tenniscourt/tenniscourt15.tif,209324
ucm,test,20,20,3,tenniscourt,data/UCMerced_LandUse_processed/test/tenniscourt/tenniscourt16.tif,208976
ucm,test,20,20,3,tenniscourt,data/UCMerced_LandUse_processed/test/tenniscourt/tenniscourt17.tif,209396
ucm,test,20,20,3,tenniscourt,data/UCMerced_LandUse_processed/test/tenniscourt/tenniscourt19.tif,208708
ucm,test,20,20,3,tenniscourt,data/UCMerced_LandUse_processed/test/tenniscourt/tenniscourt20.tif,210596
ucm,test,20,20,3,tenniscourt,data/UCMerced_LandUse_processed/test/tenniscourt/tenniscourt21.tif,210396
ucm,test,20,20,3,tenniscourt,data/UCMerced_LandUse_processed/test/tenniscourt/tenniscourt22.tif,209228
ucm,test,20,20,3,tenniscourt,data/UCMerced_LandUse_processed/test/tenniscourt/tenniscourt23.tif,207108
ucm,test,20,20,3,tenniscourt,data/UCMerced_LandUse_processed/test/tenniscourt/tenniscourt24.tif,209044
ucm,test,20,20,3,tenniscourt,data/UCMerced_LandUse_processed/test/tenniscourt/tenniscourt25.tif,209608
ucm,test,20,20,3,tenniscourt,data/UCMerced_LandUse_processed/test/tenniscourt/tenniscourt26.tif,210004
ucm,test,20,20,3,tenniscourt,data/UCMerced_LandUse_processed/test/tenniscourt/tenniscourt27.tif,209832
ucm,test,20,20,3,tenniscourt,data/UCMerced_LandUse_processed/test/tenniscourt/tenniscourt28.tif,210268
ucm,test,20,20,3,tenniscourt,data/UCMerced_LandUse_processed/test/tenniscourt/tenniscourt29.tif,210484
ucm,test,20,20,3,tenniscourt,data/UCMerced_LandUse_processed/test/tenniscourt/tenniscourt30.tif,209436
ucm,test,20,20,3,tenniscourt,data/UCMerced_LandUse_processed/test/tenniscourt/tenniscourt32.tif,209880
ucm,test,20,20,3,tenniscourt,data/UCMerced_LandUse_processed/test/tenniscourt/tenniscourt33.tif,209672
ucm,test,20,20,3,tenniscourt,data/UCMerced_LandUse_processed/test/tenniscourt/tenniscourt34.tif,209740
ucm,test,20,20,3,tenniscourt,data/UCMerced_LandUse_processed/test/tenniscourt/tenniscourt35.tif,209956
ucm,test,20,20,3,tenniscourt,data/UCMerced_LandUse_processed/test/tenniscourt/tenniscourt36.tif,209600
ucm,test,20,20,3,tenniscourt,data/UCMerced_LandUse_processed/test/tenniscourt/tenniscourt37.tif,208068
ucm,test,20,20,3,tenniscourt,data/UCMerced_LandUse_processed/test/tenniscourt/tenniscourt38.tif,208192
ucm,test,20,20,3,tenniscourt,data/UCMerced_LandUse_processed/test/tenniscourt/tenniscourt39.tif,209232
ucm,test,20,20,3,tenniscourt,data/UCMerced_LandUse_processed/test/tenniscourt/tenniscourt40.tif,208700
ucm,test,20,20,3,tenniscourt,data/UCMerced_LandUse_processed/test/tenniscourt/tenniscourt41.tif,209628
ucm,test,20,20,3,tenniscourt,data/UCMerced_LandUse_processed/test/tenniscourt/tenniscourt42.tif,209780
ucm,test,20,20,3,tenniscourt,data/UCMerced_LandUse_processed/test/tenniscourt/tenniscourt43.tif,208928
ucm,test,20,20,3,tenniscourt,data/UCMerced_LandUse_processed/test/tenniscourt/tenniscourt44.tif,208104
ucm,test,20,20,3,tenniscourt,data/UCMerced_LandUse_processed/test/tenniscourt/tenniscourt45.tif,209068
ucm,test,20,20,3,tenniscourt,data/UCMerced_LandUse_processed/test/tenniscourt/tenniscourt47.tif,207904
ucm,test,20,20,3,tenniscourt,data/UCMerced_LandUse_processed/test/tenniscourt/tenniscourt48.tif,207516
ucm,test,20,20,3,tenniscourt,data/UCMerced_LandUse_processed/test/tenniscourt/tenniscourt49.tif,209100
ucm,test,20,20,3,tenniscourt,data/UCMerced_LandUse_processed/test/tenniscourt/tenniscourt50.tif,208284
ucm,test,20,20,3,tenniscourt,data/UCMerced_LandUse_processed/test/tenniscourt/tenniscourt51.tif,207544
ucm,test,20,20,3,tenniscourt,data/UCMerced_LandUse_processed/test/tenniscourt/tenniscourt52.tif,208048
ucm,test,20,20,3,tenniscourt,data/UCMerced_LandUse_processed/test/tenniscourt/tenniscourt53.tif,207708
ucm,test,20,20,3,tenniscourt,data/UCMerced_LandUse_processed/test/tenniscourt/tenniscourt54.tif,209064
ucm,test,20,20,3,tenniscourt,data/UCMerced_LandUse_processed/test/tenniscourt/tenniscourt55.tif,209084
ucm,test,20,20,3,tenniscourt,data/UCMerced_LandUse_processed/test/tenniscourt/tenniscourt57.tif,208456
ucm,test,20,20,3,tenniscourt,data/UCMerced_LandUse_processed/test/tenniscourt/tenniscourt58.tif,209028
ucm,test,20,20,3,tenniscourt,data/UCMerced_LandUse_processed/test/tenniscourt/tenniscourt59.tif,208848
ucm,test,20,20,3,tenniscourt,data/UCMerced_LandUse_processed/test/tenniscourt/tenniscourt60.tif,208060
ucm,test,20,20,3,tenniscourt,data/UCMerced_LandUse_processed/test/tenniscourt/tenniscourt61.tif,208752
ucm,test,20,20,3,tenniscourt,data/UCMerced_LandUse_processed/test/tenniscourt/tenniscourt62.tif,207980
ucm,test,20,20,3,tenniscourt,data/UCMerced_LandUse_processed/test/tenniscourt/tenniscourt63.tif,208420
ucm,test,20,20,3,tenniscourt,data/UCMerced_LandUse_processed/test/tenniscourt/tenniscourt64.tif,208964
ucm,test,20,20,3,tenniscourt,data/UCMerced_LandUse_processed/test/tenniscourt/tenniscourt65.tif,208644
ucm,test,20,20,3,tenniscourt,data/UCMerced_LandUse_processed/test/tenniscourt/tenniscourt66.tif,209040
ucm,test,20,20,3,tenniscourt,data/UCMerced_LandUse_processed/test/tenniscourt/tenniscourt67.tif,208836
ucm,test,20,20,3,tenniscourt,data/UCMerced_LandUse_processed/test/tenniscourt/tenniscourt68.tif,208904
ucm,test,20,20,3,tenniscourt,data/UCMerced_LandUse_processed/test/tenniscourt/tenniscourt69.tif,209276
ucm,test,20,20,3,tenniscourt,data/UCMerced_LandUse_processed/test/tenniscourt/tenniscourt70.tif,209084
ucm,test,20,20,3,tenniscourt,data/UCMerced_LandUse_processed/test/tenniscourt/tenniscourt71.tif,210024
ucm,test,20,20,3,tenniscourt,data/UCMerced_LandUse_processed/test/tenniscourt/tenniscourt72.tif,210268
ucm,test,20,20,3,tenniscourt,data/UCMerced_LandUse_processed/test/tenniscourt/tenniscourt73.tif,209824
ucm,test,20,20,3,tenniscourt,data/UCMerced_LandUse_processed/test/tenniscourt/tenniscourt74.tif,209176
ucm,test,20,20,3,tenniscourt,data/UCMerced_LandUse_processed/test/tenniscourt/tenniscourt75.tif,210452
ucm,test,20,20,3,tenniscourt,data/UCMerced_LandUse_processed/test/tenniscourt/tenniscourt76.tif,208348
ucm,test,20,20,3,tenniscourt,data/UCMerced_LandUse_processed/test/tenniscourt/tenniscourt77.tif,209576
ucm,test,20,20,3,tenniscourt,data/UCMerced_LandUse_processed/test/tenniscourt/tenniscourt78.tif,209300
ucm,test,20,20,3,tenniscourt,data/UCMerced_LandUse_processed/test/tenniscourt/tenniscourt79.tif,209936
ucm,test,20,20,3,tenniscourt,data/UCMerced_LandUse_processed/test/tenniscourt/tenniscourt80.tif,209536
ucm,test,20,20,3,tenniscourt,data/UCMerced_LandUse_processed/test/tenniscourt/tenniscourt81.tif,206724
ucm,test,20,20,3,tenniscourt,data/UCMerced_LandUse_processed/test/tenniscourt/tenniscourt82.tif,211664
ucm,test,20,20,3,tenniscourt,data/UCMerced_LandUse_processed/test/tenniscourt/tenniscourt83.tif,211516
ucm,test,20,20,3,tenniscourt,data/UCMerced_LandUse_processed/test/tenniscourt/tenniscourt84.tif,207684
ucm,test,20,20,3,tenniscourt,data/UCMerced_LandUse_processed/test/tenniscourt/tenniscourt85.tif,207012
ucm,test,20,20,3,tenniscourt,data/UCMerced_LandUse_processed/test/tenniscourt/tenniscourt86.tif,208192
ucm,test,20,20,3,tenniscourt,data/UCMerced_LandUse_processed/test/tenniscourt/tenniscourt87.tif,207804
ucm,test,20,20,3,tenniscourt,data/UCMerced_LandUse_processed/test/tenniscourt/tenniscourt88.tif,207572
ucm,test,20,20,3,tenniscourt,data/UCMerced_LandUse_processed/test/tenniscourt/tenniscourt89.tif,207572
ucm,test,20,20,3,tenniscourt,data/UCMerced_LandUse_processed/test/tenniscourt/tenniscourt90.tif,208472
ucm,test,20,20,3,tenniscourt,data/UCMerced_LandUse_processed/test/tenniscourt/tenniscourt91.tif,207952
ucm,test,20,20,3,tenniscourt,data/UCMerced_LandUse_processed/test/tenniscourt/tenniscourt93.tif,208636
ucm,test,20,20,3,tenniscourt,data/UCMerced_LandUse_processed/test/tenniscourt/tenniscourt94.tif,207124
ucm,test,20,20,3,tenniscourt,data/UCMerced_LandUse_processed/test/tenniscourt/tenniscourt95.tif,208920
ucm,test,20,20,3,tenniscourt,data/UCMerced_LandUse_processed/test/tenniscourt/tenniscourt96.tif,209568
ucm,test,20,20,3,tenniscourt,data/UCMerced_LandUse_processed/test/tenniscourt/tenniscourt97.tif,209392
ucm,test,20,20,3,tenniscourt,data/UCMerced_LandUse_processed/test/tenniscourt/tenniscourt98.tif,208340
ucm,test,20,20,3,tenniscourt,data/UCMerced_LandUse_processed/test/tenniscourt/tenniscourt99.tif,208100
